Date,Temp_Average,Temp_Max,Temp_Min,Precipitation,Humidity,Wind_Speed
1986-01-01,-0.42,2.9,-2.64,0.36,85.77,0.97
1986-01-02,0.55,6.7,-2.81,0.0,60.75,1.22
1986-01-03,1.58,8.4,-2.14,0.0,45.59,1.39
1986-01-04,3.19,11.32,-1.95,0.0,35.81,1.57
1986-01-05,4.74,9.47,2.23,0.0,40.79,1.2
1986-01-06,3.7,9.25,-0.08,0.0,66.9,1.52
1986-01-07,5.88,13.89,1.63,0.0,46.02,1.35
1986-01-08,6.64,12.96,2.66,0.0,39.32,1.7
1986-01-09,6.4,10.48,2.25,0.0,49.12,1.12
1986-01-10,7.5,14.94,3.57,0.0,44.24,1.39
1986-01-11,5.62,10.04,2.23,0.0,57.71,1.68
1986-01-12,5.94,13.03,1.32,0.0,50.39,1.5
1986-01-13,5.88,9.86,4.58,1.07,57.64,2.57
1986-01-14,6.27,10.41,4.45,0.8,74.37,1.52
1986-01-15,7.95,16.23,2.43,0.13,57.35,2.28
1986-01-16,3.54,6.09,-0.4,8.05,87.6,1.59
1986-01-17,0.41,5.52,-1.88,2.64,73.65,1.03
1986-01-18,2.69,7.96,-1.11,0.32,67.77,1.47
1986-01-19,3.61,12.48,-1.84,0.0,43.5,1.96
1986-01-20,8.08,16.81,1.83,0.0,37.44,2.02
1986-01-21,8.87,15.86,3.91,0.0,53.34,1.87
1986-01-22,1.17,7.5,-1.82,0.19,78.75,2.39
1986-01-23,0.58,6.47,-3.16,0.06,69.02,1.56
1986-01-24,-1.01,2.17,-3.71,11.27,78.97,1.54
1986-01-25,-3.71,-0.86,-5.59,2.59,86.3,1.18
1986-01-26,-3.23,1.46,-6.2,0.0,67.07,1.09
1986-01-27,-1.46,2.68,-4.05,0.0,42.28,0.94
1986-01-28,-2.18,1.86,-5.9,0.0,63.74,0.94
1986-01-29,-4.8,-0.07,-7.92,0.02,80.09,1.78
1986-01-30,-1.76,3.58,-6.03,0.0,61.11,1.68
1986-01-31,0.3,5.24,-2.87,0.0,51.26,1.86
1986-02-01,-0.47,3.53,-2.77,0.0,64.26,1.16
1986-02-02,-0.3,6.34,-4.51,0.0,65.49,1.11
1986-02-03,-1.57,0.7,-3.77,0.03,82.53,1.53
1986-02-04,0.47,5.48,-2.2,0.08,78.73,1.17
1986-02-05,4.89,11.94,-0.38,0.01,51.26,1.49
1986-02-06,4.51,9.78,1.58,0.4,74.87,2.21
1986-02-07,7.9,15.49,1.98,0.0,46.6,1.6
1986-02-08,5.16,8.61,2.93,0.81,71.3,1.05
1986-02-09,2.23,3.86,1.04,1.8,91.5,0.8
1986-02-10,4.25,10.41,0.61,0.18,76.32,1.57
1986-02-11,3.29,8.62,-0.12,0.0,68.77,2.13
1986-02-12,-0.77,1.34,-2.98,0.75,80.29,1.76
1986-02-13,-1.86,1.42,-3.48,2.51,81.67,2.1
1986-02-14,-1.53,1.6,-3.79,0.16,74.36,1.84
1986-02-15,1.15,6.56,-2.92,0.0,63.37,1.12
1986-02-16,2.77,7.93,-0.09,0.0,64.42,1.55
1986-02-17,0.77,2.55,-2.58,0.13,73.2,1.38
1986-02-18,0.1,3.95,-2.99,0.3,76.39,1.75
1986-02-19,2.45,8.5,-1.62,0.0,58.7,1.66
1986-02-20,4.13,10.03,0.03,0.0,46.62,1.21
1986-02-21,5.63,12.73,0.08,0.0,40.38,1.67
1986-02-22,3.4,7.91,-1.89,0.13,58.23,1.44
1986-02-23,0.48,6.16,-3.82,0.02,63.87,1.05
1986-02-24,5.88,14.17,-0.11,0.0,31.59,1.73
1986-02-25,6.84,16.1,0.75,0.0,28.95,1.75
1986-02-26,8.69,18.06,2.46,0.0,29.99,1.71
1986-02-27,10.28,19.39,3.75,0.0,33.87,1.54
1986-02-28,12.13,21.42,4.86,0.0,38.54,2.01
1986-03-01,12.8,20.38,8.48,0.0,47.18,1.67
1986-03-02,10.72,19.63,1.56,0.03,52.11,2.44
1986-03-03,-3.66,0.28,-7.23,7.5,83.48,2.67
1986-03-04,0.11,6.06,-6.16,0.0,69.63,1.13
1986-03-05,0.93,7.22,-4.75,0.16,57.56,2.37
1986-03-06,3.04,10.96,-2.76,0.01,35.25,1.48
1986-03-07,8.46,17.49,1.6,0.0,28.06,1.94
1986-03-08,9.76,18.6,4.65,0.0,28.54,1.71
1986-03-09,11.57,21.06,3.98,0.0,32.91,1.62
1986-03-10,9.24,14.4,5.59,3.01,51.69,1.48
1986-03-11,6.5,9.67,3.62,3.43,78.53,2.38
1986-03-12,0.65,4.04,-2.51,2.07,84.95,1.76
1986-03-13,1.34,8.3,-3.6,0.09,63.2,1.72
1986-03-14,2.68,8.26,-2.43,0.05,60.05,1.5
1986-03-15,-0.76,0.89,-3.28,1.75,77.57,1.47
1986-03-16,-1.59,3.3,-4.91,0.6,61.72,1.49
1986-03-17,-1.89,3.33,-5.98,0.1,57.46,1.85
1986-03-18,0.54,6.21,-3.6,0.0,53.65,1.34
1986-03-19,2.62,9.85,-2.93,0.0,45.91,1.31
1986-03-20,5.16,11.32,0.71,0.0,43.75,1.37
1986-03-21,6.45,13.22,1.58,0.0,47.41,1.69
1986-03-22,7.02,14.3,0.95,0.0,47.57,2.0
1986-03-23,1.82,3.73,-0.64,0.14,78.17,1.32
1986-03-24,3.92,10.21,-1.91,0.07,53.91,1.79
1986-03-25,2.71,6.69,-1.28,1.04,67.72,1.51
1986-03-26,2.65,9.9,-2.2,0.0,43.52,1.7
1986-03-27,2.93,8.73,-2.11,0.0,42.77,1.95
1986-03-28,2.75,9.0,-2.23,0.01,51.52,1.72
1986-03-29,5.3,10.93,0.66,0.0,46.07,1.52
1986-03-30,1.77,5.06,-0.56,0.23,79.49,2.02
1986-03-31,3.56,10.71,-2.89,0.05,61.66,1.5
1986-04-01,5.98,14.28,-0.77,0.0,46.25,1.71
1986-04-02,9.56,17.95,2.79,0.0,38.12,1.63
1986-04-03,12.72,21.8,5.37,0.0,35.23,1.72
1986-04-04,16.03,24.68,8.06,0.0,31.61,1.77
1986-04-05,12.75,17.8,6.72,0.62,47.07,1.29
1986-04-06,12.65,22.22,4.88,0.0,46.32,2.13
1986-04-07,13.7,21.73,6.59,0.0,40.66,1.89
1986-04-08,13.47,21.18,7.88,0.0,43.45,1.74
1986-04-09,13.65,20.36,7.5,0.0,38.14,1.8
1986-04-10,12.79,21.55,5.92,0.0,37.26,2.57
1986-04-11,14.81,24.05,6.91,0.0,29.49,1.67
1986-04-12,16.5,24.99,8.22,0.01,30.71,1.82
1986-04-13,18.8,26.5,12.56,0.97,43.69,1.5
1986-04-14,16.04,20.87,12.5,2.46,76.23,1.25
1986-04-15,18.38,24.92,12.89,0.22,60.0,1.34
1986-04-16,17.87,22.8,13.22,0.7,57.23,1.29
1986-04-17,19.11,26.93,11.56,0.0,46.41,1.77
1986-04-18,21.46,28.81,14.76,0.09,40.34,1.68
1986-04-19,14.64,20.2,10.08,7.19,72.67,2.12
1986-04-20,14.75,22.96,8.0,0.03,59.24,2.3
1986-04-21,13.63,19.37,9.24,4.23,74.29,1.5
1986-04-22,7.94,11.85,3.47,3.74,75.47,2.89
1986-04-23,11.41,19.69,3.3,0.0,52.58,2.41
1986-04-24,13.92,21.56,8.41,0.0,45.83,1.86
1986-04-25,11.95,17.87,7.34,0.02,60.56,1.92
1986-04-26,13.6,19.63,7.79,0.06,57.26,1.3
1986-04-27,13.37,20.99,5.59,0.39,51.3,1.57
1986-04-28,13.63,19.73,7.28,0.0,47.23,1.57
1986-04-29,14.79,21.13,7.9,0.04,41.36,1.53
1986-04-30,15.56,23.11,8.26,0.0,42.51,2.08
1986-05-01,17.27,26.16,8.17,0.0,32.83,1.68
1986-05-02,19.72,27.83,13.29,0.0,29.1,1.95
1986-05-03,21.31,30.17,11.37,0.0,27.97,2.02
1986-05-04,25.52,34.79,16.48,0.0,23.74,2.57
1986-05-05,29.15,38.32,21.5,0.0,22.92,2.8
1986-05-06,22.72,28.12,18.6,1.02,44.96,1.91
1986-05-07,21.91,28.71,16.04,0.27,46.93,1.91
1986-05-08,22.56,30.31,14.82,0.0,33.22,2.12
1986-05-09,22.32,29.53,16.56,0.0,30.14,2.35
1986-05-10,23.33,31.17,16.48,0.0,28.21,1.98
1986-05-11,25.87,34.42,16.62,0.0,23.98,1.75
1986-05-12,22.16,28.61,16.41,0.05,32.05,2.24
1986-05-13,21.22,28.77,14.79,0.13,31.0,1.83
1986-05-14,23.28,32.28,16.77,0.07,29.5,2.53
1986-05-15,22.24,28.83,16.15,0.57,36.92,2.0
1986-05-16,21.8,29.05,13.53,1.64,41.6,1.86
1986-05-17,15.74,18.91,9.79,1.25,48.87,2.41
1986-05-18,14.22,20.46,7.21,0.14,30.94,1.64
1986-05-19,15.3,22.34,8.54,0.0,31.15,2.33
1986-05-20,17.47,25.82,7.9,0.0,30.54,3.26
1986-05-21,20.15,28.2,11.33,0.0,27.18,2.12
1986-05-22,21.35,28.42,13.19,0.0,25.36,1.8
1986-05-23,23.14,31.54,13.8,0.0,19.6,1.76
1986-05-24,26.89,34.32,19.86,0.08,16.63,1.65
1986-05-25,24.23,30.37,17.76,0.91,32.56,2.56
1986-05-26,23.65,30.13,17.62,0.04,28.6,2.08
1986-05-27,24.31,32.33,16.63,0.01,23.77,2.12
1986-05-28,24.28,31.89,16.46,0.0,20.47,2.57
1986-05-29,23.74,31.46,16.07,1.85,22.84,2.11
1986-05-30,21.16,26.51,16.08,0.09,38.96,1.61
1986-05-31,21.75,27.36,14.94,0.0,36.29,0.95
1986-06-01,24.29,30.7,17.45,0.14,31.77,1.4
1986-06-02,22.7,27.7,16.29,0.01,34.72,1.34
1986-06-03,23.12,30.66,16.18,0.39,33.87,2.34
1986-06-04,22.79,30.54,15.03,0.02,29.06,2.21
1986-06-05,23.85,32.2,14.34,0.01,18.82,1.98
1986-06-06,25.8,33.64,17.32,0.0,12.28,1.72
1986-06-07,25.46,33.99,14.83,0.0,17.06,2.02
1986-06-08,25.05,32.03,18.73,0.0,16.57,2.31
1986-06-09,22.21,29.47,15.05,0.01,13.11,2.91
1986-06-10,22.3,31.26,12.66,0.0,12.59,2.55
1986-06-11,21.99,28.18,16.22,0.08,25.86,1.75
1986-06-12,24.03,30.59,16.51,0.0,29.04,1.37
1986-06-13,27.24,34.36,19.78,0.0,16.8,2.01
1986-06-14,25.81,32.54,18.9,0.0,18.07,2.05
1986-06-15,22.74,29.37,16.59,0.0,24.14,2.73
1986-06-16,23.87,32.62,14.66,0.0,19.6,1.84
1986-06-17,27.75,35.52,18.43,0.0,11.76,1.95
1986-06-18,29.22,37.12,21.39,0.0,11.49,2.33
1986-06-19,29.63,37.19,21.72,0.01,14.33,2.01
1986-06-20,29.32,36.74,21.66,0.06,20.02,2.91
1986-06-21,26.26,33.47,19.53,0.0,20.52,3.02
1986-06-22,26.88,35.43,17.67,0.0,18.44,2.53
1986-06-23,28.29,37.11,20.12,0.0,15.28,2.32
1986-06-24,28.64,36.07,21.58,0.01,15.16,2.3
1986-06-25,28.77,36.24,19.73,0.0,15.84,2.2
1986-06-26,29.16,36.44,21.17,0.0,16.19,2.55
1986-06-27,29.15,37.27,20.58,0.0,18.31,2.47
1986-06-28,29.77,37.67,21.37,0.0,19.16,2.34
1986-06-29,29.03,36.64,20.07,0.01,21.26,2.11
1986-06-30,30.32,38.53,22.2,0.0,17.56,2.69
1986-07-01,30.81,39.37,21.44,0.0,13.38,2.19
1986-07-02,32.03,40.15,24.99,0.0,10.63,2.68
1986-07-03,29.97,37.68,22.13,0.0,15.28,3.27
1986-07-04,28.31,36.56,19.63,0.0,16.1,3.14
1986-07-05,28.0,37.25,18.32,0.0,13.12,3.35
1986-07-06,28.05,36.47,19.78,0.0,14.44,3.78
1986-07-07,26.36,35.72,17.11,0.0,13.45,2.45
1986-07-08,26.17,34.09,18.82,0.0,12.02,2.44
1986-07-09,25.94,32.67,18.74,0.0,16.78,3.28
1986-07-10,25.37,34.23,16.01,0.0,16.33,2.53
1986-07-11,27.62,36.38,18.3,0.0,14.13,2.16
1986-07-12,29.47,38.43,20.52,0.0,15.57,2.27
1986-07-13,31.44,41.24,22.15,0.0,14.12,2.09
1986-07-14,32.06,40.73,23.08,0.0,14.37,2.46
1986-07-15,32.79,41.86,23.7,0.0,14.23,2.97
1986-07-16,32.77,41.4,24.15,0.0,14.71,2.68
1986-07-17,32.52,41.48,24.37,0.0,16.6,2.26
1986-07-18,32.18,40.6,24.52,0.0,17.4,3.59
1986-07-19,28.04,35.2,21.04,0.0,19.7,3.55
1986-07-20,27.64,35.45,19.4,0.0,18.7,2.94
1986-07-21,27.85,36.36,20.22,0.0,18.86,2.52
1986-07-22,21.55,24.95,17.07,4.32,45.82,2.1
1986-07-23,23.67,31.65,15.35,0.0,35.42,2.71
1986-07-24,26.18,34.38,17.75,0.0,25.74,1.82
1986-07-25,28.16,36.03,19.61,0.0,23.68,1.95
1986-07-26,29.7,37.41,22.43,0.0,19.41,1.9
1986-07-27,30.46,38.66,21.86,0.0,16.57,2.3
1986-07-28,31.56,39.76,23.65,0.0,14.76,2.37
1986-07-29,31.68,39.4,24.45,0.0,16.48,2.94
1986-07-30,30.77,38.25,22.93,0.0,20.76,2.99
1986-07-31,30.46,39.29,22.05,0.0,19.19,2.12
1986-08-01,31.63,41.24,24.05,0.0,15.11,2.77
1986-08-02,31.08,41.04,21.66,0.0,13.81,2.42
1986-08-03,31.64,41.21,22.46,0.01,15.9,3.55
1986-08-04,27.9,34.0,21.38,0.0,21.0,3.2
1986-08-05,26.35,33.33,19.7,0.0,21.9,2.14
1986-08-06,26.51,32.89,20.47,0.03,25.74,1.61
1986-08-07,26.0,32.95,19.28,0.0,27.23,2.39
1986-08-08,24.47,30.31,19.59,0.0,27.69,1.91
1986-08-09,21.2,28.0,15.39,0.0,27.53,2.79
1986-08-10,23.66,32.99,14.79,0.0,18.37,1.92
1986-08-11,26.06,34.73,17.7,0.0,15.53,2.01
1986-08-12,27.81,36.54,19.71,0.0,15.5,1.73
1986-08-13,27.5,35.71,19.04,0.0,19.18,2.39
1986-08-14,27.73,35.9,20.0,0.0,18.44,2.5
1986-08-15,27.67,36.43,19.73,0.0,14.51,2.7
1986-08-16,29.0,37.84,20.83,0.0,10.65,2.01
1986-08-17,28.25,37.36,20.37,0.0,11.76,2.56
1986-08-18,28.27,36.4,20.72,0.0,15.65,3.23
1986-08-19,24.47,32.83,17.33,0.0,17.05,2.78
1986-08-20,23.09,32.28,15.01,0.0,16.07,2.89
1986-08-21,23.96,33.01,14.78,0.0,13.92,2.01
1986-08-22,25.31,33.69,17.44,0.0,13.52,2.21
1986-08-23,26.84,35.2,19.41,0.0,12.89,2.16
1986-08-24,27.02,35.6,18.33,0.0,13.67,2.05
1986-08-25,27.63,35.31,20.96,0.0,14.18,2.46
1986-08-26,25.74,34.4,18.41,0.0,18.85,2.61
1986-08-27,25.44,33.31,18.57,0.0,20.13,1.81
1986-08-28,25.24,33.51,18.89,0.0,22.15,2.41
1986-08-29,24.3,32.67,15.99,0.0,21.32,1.69
1986-08-30,24.74,32.2,17.4,0.0,17.58,2.07
1986-08-31,24.65,31.36,17.58,0.0,19.39,2.39
1986-09-01,19.85,27.17,13.36,0.0,21.93,2.94
1986-09-02,22.43,32.51,13.5,0.0,10.91,2.36
1986-09-03,22.65,31.69,14.83,0.0,10.03,2.02
1986-09-04,23.58,32.58,15.59,0.0,11.28,1.98
1986-09-05,23.32,31.92,15.45,0.0,13.37,1.99
1986-09-06,23.56,32.75,16.16,0.0,15.79,1.96
1986-09-07,24.72,33.37,17.45,0.0,15.83,2.29
1986-09-08,24.03,32.1,17.14,0.0,17.76,1.79
1986-09-09,22.95,30.65,15.96,0.0,19.02,2.0
1986-09-10,22.99,31.47,15.71,0.0,17.98,1.9
1986-09-11,23.15,32.06,15.72,0.0,15.78,1.89
1986-09-12,22.68,31.13,15.57,0.0,16.39,2.65
1986-09-13,21.22,30.26,14.34,0.0,23.04,2.37
1986-09-14,21.29,29.53,13.43,0.0,20.83,1.82
1986-09-15,21.57,30.19,14.77,0.0,17.54,2.1
1986-09-16,23.17,31.72,16.68,0.0,16.04,2.92
1986-09-17,24.78,34.1,16.4,0.01,15.82,1.99
1986-09-18,24.41,32.22,18.45,0.0,17.18,2.76
1986-09-19,24.59,33.66,18.17,0.0,16.5,2.03
1986-09-20,23.22,30.8,16.66,0.0,17.18,1.71
1986-09-21,23.17,30.4,15.73,0.0,18.15,1.67
1986-09-22,21.41,27.57,16.41,0.0,27.89,1.95
1986-09-23,21.68,29.44,16.01,0.0,29.4,1.8
1986-09-24,23.27,31.65,16.0,0.0,19.39,1.67
1986-09-25,25.79,34.2,18.28,0.0,17.31,1.72
1986-09-26,26.01,32.84,20.03,0.0,18.1,1.82
1986-09-27,23.58,30.46,18.76,0.0,27.63,1.86
1986-09-28,23.45,30.32,18.55,0.0,24.47,1.72
1986-09-29,22.37,29.1,16.5,0.0,26.25,1.85
1986-09-30,9.7,19.6,2.98,6.51,57.38,3.04
1986-10-01,11.05,20.26,2.29,0.04,41.8,1.37
1986-10-02,17.72,25.65,11.87,0.0,29.54,1.39
1986-10-03,18.22,26.6,10.91,0.43,40.69,2.95
1986-10-04,16.34,25.18,8.85,0.0,42.2,1.3
1986-10-05,22.29,30.05,16.22,0.0,29.39,1.68
1986-10-06,23.89,32.49,17.47,0.0,28.71,1.96
1986-10-07,22.84,30.68,17.15,0.0,28.6,1.95
1986-10-08,14.27,18.83,9.51,1.07,52.81,2.38
1986-10-09,13.04,20.63,9.3,0.57,53.94,2.11
1986-10-10,15.24,23.43,9.37,0.01,49.03,1.31
1986-10-11,17.15,26.0,12.09,0.11,38.32,1.88
1986-10-12,15.28,22.91,10.84,5.69,55.16,2.35
1986-10-13,14.09,20.64,9.24,0.03,68.2,1.45
1986-10-14,12.06,14.52,4.59,8.4,74.67,1.53
1986-10-15,2.05,4.59,-1.0,3.0,63.96,1.72
1986-10-16,3.96,10.75,-1.89,0.0,45.14,1.58
1986-10-17,6.59,13.68,1.1,0.0,46.64,1.34
1986-10-18,8.74,16.01,4.8,0.0,46.12,1.5
1986-10-19,10.66,17.7,6.01,0.0,44.62,1.35
1986-10-20,10.85,18.4,5.86,0.0,44.84,1.78
1986-10-21,11.45,19.9,5.72,0.0,38.72,1.4
1986-10-22,13.69,20.46,8.42,0.0,31.78,1.42
1986-10-23,15.58,23.69,9.47,0.0,33.03,1.52
1986-10-24,15.75,23.27,11.1,0.0,34.11,1.65
1986-10-25,17.01,26.26,11.38,0.0,33.59,1.6
1986-10-26,17.01,25.09,11.89,0.0,31.95,1.72
1986-10-27,15.54,22.82,11.48,0.0,33.69,1.84
1986-10-28,14.16,21.47,8.2,0.0,39.55,1.56
1986-10-29,14.12,20.65,8.83,0.0,37.93,1.42
1986-10-30,12.26,17.45,9.01,0.0,45.67,1.47
1986-10-31,13.22,19.46,9.53,0.0,49.67,1.3
1986-11-01,13.34,19.04,9.78,0.01,48.54,1.4
1986-11-02,14.74,20.49,11.05,0.46,40.28,1.37
1986-11-03,13.51,19.16,10.31,0.08,52.73,1.03
1986-11-04,14.62,22.84,8.22,0.0,45.51,1.51
1986-11-05,16.75,24.44,11.3,0.0,36.33,1.59
1986-11-06,18.15,24.82,12.9,0.0,35.01,1.42
1986-11-07,15.14,20.9,11.85,0.0,44.17,1.41
1986-11-08,16.03,23.33,10.7,0.0,36.21,1.72
1986-11-09,17.6,25.5,12.21,0.0,36.14,1.62
1986-11-10,16.89,23.29,13.03,0.14,35.14,1.15
1986-11-11,16.65,25.12,11.98,0.0,40.07,1.59
1986-11-12,10.17,13.65,4.36,6.25,64.57,2.41
1986-11-13,4.15,8.14,1.63,1.02,68.79,1.88
1986-11-14,4.58,10.73,0.6,0.01,57.52,1.18
1986-11-15,2.48,6.75,-1.42,3.24,70.08,2.5
1986-11-16,-0.92,1.81,-3.57,4.53,71.87,2.37
1986-11-17,-1.25,3.59,-5.27,0.74,68.26,1.5
1986-11-18,0.48,4.08,-3.57,0.82,67.39,1.01
1986-11-19,-0.63,4.74,-4.04,0.57,70.1,0.97
1986-11-20,-2.11,0.77,-6.32,0.47,66.09,1.2
1986-11-21,-5.56,-1.55,-8.75,0.0,72.42,1.41
1986-11-22,-6.15,-0.57,-9.51,0.0,61.15,1.45
1986-11-23,-3.32,2.8,-7.06,0.0,46.4,1.17
1986-11-24,-0.47,6.75,-4.74,0.0,44.08,1.4
1986-11-25,-0.99,2.87,-4.76,0.0,50.32,1.04
1986-11-26,-0.31,3.25,-1.96,0.0,56.53,0.77
1986-11-27,1.37,5.94,-1.59,0.0,55.58,1.02
1986-11-28,2.63,8.18,0.08,0.0,56.33,1.19
1986-11-29,3.43,7.23,1.55,0.0,54.97,1.1
1986-11-30,4.92,11.55,1.93,0.0,47.01,1.37
1986-12-01,6.15,10.47,2.93,2.66,60.4,1.43
1986-12-02,7.93,10.85,6.54,4.87,92.7,1.54
1986-12-03,7.77,11.59,5.11,7.51,87.61,0.86
1986-12-04,6.4,9.66,2.18,7.39,90.69,1.96
1986-12-05,1.68,5.54,-0.52,0.33,78.73,1.58
1986-12-06,1.45,3.0,-0.14,3.95,85.43,3.81
1986-12-07,-2.09,3.46,-7.22,0.33,47.3,2.01
1986-12-08,2.46,9.97,-2.01,0.0,36.75,1.29
1986-12-09,3.78,8.32,-1.01,0.18,43.52,1.39
1986-12-10,-2.98,-1.6,-5.4,6.23,88.57,2.11
1986-12-11,-7.34,-3.77,-10.62,0.47,72.27,2.02
1986-12-12,-8.77,-5.09,-10.93,0.01,66.03,1.55
1986-12-13,-8.39,-4.49,-10.53,0.45,70.21,1.0
1986-12-14,-4.79,0.37,-8.85,0.0,63.51,1.32
1986-12-15,-4.27,1.21,-7.58,0.0,67.31,1.23
1986-12-16,-2.37,2.6,-5.76,0.0,55.2,0.92
1986-12-17,-1.47,3.17,-4.35,0.0,64.68,1.54
1986-12-18,-0.88,3.14,-2.83,0.0,62.63,0.94
1986-12-19,0.64,7.74,-3.93,0.0,48.8,1.4
1986-12-20,2.96,6.38,0.43,0.0,56.46,1.78
1986-12-21,3.0,5.28,0.37,0.5,74.71,1.8
1986-12-22,2.15,6.37,-0.26,2.07,84.61,1.92
1986-12-23,2.5,5.57,-0.02,8.12,80.68,2.2
1986-12-24,1.0,6.51,-1.86,1.78,69.67,1.26
1986-12-25,2.84,9.38,-1.9,0.0,51.22,1.66
1986-12-26,5.4,12.25,0.93,0.0,48.44,1.88
1986-12-27,6.87,10.09,3.78,0.09,55.46,2.13
1986-12-28,7.71,13.49,5.22,5.9,78.2,2.8
1986-12-29,4.22,5.93,0.84,3.84,89.1,2.82
1986-12-30,3.94,11.68,-0.09,0.0,64.86,1.89
1986-12-31,5.31,9.79,3.41,2.16,66.19,1.82
1987-01-01,2.97,5.03,1.1,1.85,90.61,2.85
1987-01-02,4.6,10.33,1.49,0.2,67.6,1.58
1987-01-03,6.9,14.49,3.54,0.0,47.35,1.71
1987-01-04,4.84,10.21,1.56,0.0,56.04,1.94
1987-01-05,5.19,14.48,0.66,0.0,52.4,1.89
1987-01-06,6.9,15.24,1.85,0.0,44.04,2.15
1987-01-07,8.5,15.95,4.55,0.0,44.03,1.74
1987-01-08,5.52,7.36,2.66,3.17,80.81,1.28
1987-01-09,5.14,12.18,1.49,0.0,59.63,1.34
1987-01-10,6.87,16.05,2.28,0.0,42.67,1.66
1987-01-11,8.06,13.93,3.83,0.0,45.36,1.15
1987-01-12,0.27,3.44,-2.73,1.86,82.67,1.88
1987-01-13,-0.32,3.3,-2.41,0.04,70.58,1.63
1987-01-14,1.2,4.14,-2.44,0.01,64.57,0.9
1987-01-15,1.94,3.95,0.24,0.22,73.97,0.59
1987-01-16,-0.19,3.93,-3.07,0.14,83.59,1.21
1987-01-17,2.06,8.28,-3.17,0.1,57.37,2.32
1987-01-18,1.13,3.42,-1.94,3.61,80.17,2.69
1987-01-19,-2.96,-1.07,-7.07,2.13,87.97,1.41
1987-01-20,-7.6,-4.21,-9.72,0.44,68.82,1.48
1987-01-21,-8.32,-3.48,-10.87,0.12,64.11,1.7
1987-01-22,-6.06,0.12,-9.95,0.0,44.84,1.33
1987-01-23,-1.49,7.19,-8.3,0.0,41.21,1.56
1987-01-24,6.1,13.7,1.87,0.0,35.02,1.56
1987-01-25,5.67,8.95,3.0,0.01,49.54,1.86
1987-01-26,6.67,10.07,4.2,0.17,74.7,1.67
1987-01-27,8.78,13.86,5.71,0.31,68.54,1.93
1987-01-28,8.29,13.11,4.76,1.22,73.94,2.83
1987-01-29,6.77,14.06,1.52,0.0,66.86,1.35
1987-01-30,9.88,17.41,4.05,0.0,42.74,1.16
1987-01-31,10.59,17.67,6.46,0.0,44.17,2.03
1987-02-01,1.78,8.14,-5.83,2.03,68.41,2.62
1987-02-02,-0.1,5.42,-5.66,0.06,66.18,1.14
1987-02-03,4.98,10.31,2.24,0.01,68.97,1.28
1987-02-04,8.05,15.71,3.75,0.0,60.17,1.42
1987-02-05,10.1,19.26,3.5,0.0,45.23,1.84
1987-02-06,3.44,7.81,-1.66,2.33,78.97,1.94
1987-02-07,-1.07,2.32,-3.31,0.37,75.27,1.57
1987-02-08,0.45,6.0,-2.53,0.09,72.42,1.48
1987-02-09,6.02,14.92,-0.16,0.0,50.58,1.53
1987-02-10,8.07,13.56,5.62,0.08,56.08,2.07
1987-02-11,8.13,12.24,4.42,0.72,70.16,1.97
1987-02-12,-0.43,3.67,-4.02,0.19,63.83,3.62
1987-02-13,1.69,7.55,-4.09,0.05,51.18,1.54
1987-02-14,-1.69,1.58,-5.27,0.11,65.14,0.78
1987-02-15,-1.7,2.14,-4.56,0.26,74.1,0.97
1987-02-16,-0.71,4.1,-3.72,0.48,71.26,0.98
1987-02-17,-2.05,1.13,-4.81,0.13,75.28,1.87
1987-02-18,-1.42,4.2,-4.92,0.11,69.0,1.44
1987-02-19,3.41,12.51,-2.81,0.0,48.21,1.42
1987-02-20,7.09,14.4,1.73,0.0,42.33,1.35
1987-02-21,6.85,10.75,4.81,0.68,76.46,1.19
1987-02-22,3.18,6.13,0.19,3.76,89.72,1.05
1987-02-23,3.9,11.32,-0.63,0.0,68.25,1.67
1987-02-24,5.12,13.1,0.73,0.0,58.93,1.5
1987-02-25,6.27,13.82,0.82,0.0,55.0,1.33
1987-02-26,9.09,17.66,3.78,0.0,49.58,1.53
1987-02-27,10.25,19.17,3.63,0.0,44.39,1.51
1987-02-28,12.49,20.99,6.41,0.0,42.77,1.77
1987-03-01,11.44,16.74,7.96,0.02,63.67,1.71
1987-03-02,8.23,10.76,5.56,1.91,81.96,1.52
1987-03-03,10.48,17.23,5.87,4.87,78.64,1.18
1987-03-04,11.21,15.66,8.64,0.24,80.36,1.15
1987-03-05,9.31,11.58,7.26,0.66,78.62,1.57
1987-03-06,6.76,9.52,4.09,3.71,86.71,1.5
1987-03-07,6.21,12.38,1.84,0.22,72.63,1.41
1987-03-08,6.71,14.02,1.07,0.0,52.24,1.13
1987-03-09,8.86,15.3,4.4,0.0,52.34,1.53
1987-03-10,9.52,15.15,6.07,0.02,61.98,1.21
1987-03-11,8.42,14.12,4.87,0.94,73.59,1.27
1987-03-12,7.89,10.2,5.16,0.28,71.96,1.06
1987-03-13,7.49,12.85,3.03,1.71,77.74,2.22
1987-03-14,9.49,16.73,2.13,0.03,56.01,1.43
1987-03-15,9.8,17.61,4.87,4.58,67.22,2.65
1987-03-16,6.05,11.43,0.47,0.12,59.24,2.02
1987-03-17,9.67,17.28,3.94,0.15,56.35,2.12
1987-03-18,8.29,13.19,5.21,1.94,78.41,1.53
1987-03-19,9.58,15.4,4.7,0.3,64.31,1.12
1987-03-20,10.22,15.75,5.91,0.87,63.2,1.78
1987-03-21,9.16,15.58,5.46,0.91,71.77,1.29
1987-03-22,3.84,6.96,1.34,4.05,84.91,1.38
1987-03-23,3.11,7.62,-0.42,1.83,75.42,1.61
1987-03-24,6.8,15.0,-0.31,0.0,47.94,1.61
1987-03-25,8.66,15.66,2.61,0.0,50.29,1.73
1987-03-26,12.21,19.55,6.47,0.0,44.88,1.46
1987-03-27,12.62,17.34,9.56,3.03,63.88,1.68
1987-03-28,9.95,14.08,5.62,4.24,85.0,1.58
1987-03-29,10.17,17.26,3.78,0.28,67.29,2.02
1987-03-30,10.14,16.17,5.03,0.9,71.57,2.27
1987-03-31,14.76,22.63,7.83,0.0,47.19,1.69
1987-04-01,9.27,12.55,6.29,1.0,82.22,1.81
1987-04-02,7.37,12.29,3.79,1.1,69.45,2.23
1987-04-03,7.39,11.83,3.37,0.5,63.95,1.98
1987-04-04,8.38,14.65,2.59,0.0,59.92,1.51
1987-04-05,10.85,17.41,6.43,1.55,71.33,1.25
1987-04-06,4.35,8.5,0.01,2.14,89.1,1.77
1987-04-07,5.97,13.15,-0.16,0.11,67.08,1.25
1987-04-08,6.47,8.88,2.96,0.81,67.2,1.28
1987-04-09,7.54,14.59,1.53,0.01,70.0,1.51
1987-04-10,10.31,17.64,3.52,0.0,54.2,1.35
1987-04-11,11.16,16.75,6.02,0.0,47.54,1.49
1987-04-12,12.88,20.25,5.72,0.0,42.99,1.46
1987-04-13,15.25,23.0,7.54,0.0,40.0,1.55
1987-04-14,17.04,24.86,10.44,0.54,47.5,2.64
1987-04-15,14.42,21.57,8.41,3.51,69.19,2.94
1987-04-16,10.6,16.23,6.95,5.36,79.86,2.53
1987-04-17,11.69,18.61,5.22,0.02,63.75,1.6
1987-04-18,15.9,23.62,6.88,0.05,44.65,2.29
1987-04-19,16.62,20.51,11.86,0.64,74.03,1.82
1987-04-20,17.89,26.39,11.96,9.81,68.95,2.69
1987-04-21,9.27,12.59,3.74,3.91,76.22,2.22
1987-04-22,8.3,14.74,2.77,0.18,48.69,1.45
1987-04-23,11.47,19.46,3.85,0.0,40.22,1.55
1987-04-24,15.45,23.42,7.76,0.0,41.06,1.59
1987-04-25,17.01,25.34,8.62,0.0,40.26,1.74
1987-04-26,20.56,29.21,10.97,0.0,37.18,1.64
1987-04-27,14.7,17.43,12.15,0.05,64.8,1.57
1987-04-28,11.27,15.08,6.3,2.05,73.57,1.95
1987-04-29,12.05,19.14,4.43,0.0,61.24,1.76
1987-04-30,12.8,18.25,6.14,0.12,53.54,1.37
1987-05-01,13.93,19.89,7.5,0.0,45.54,1.39
1987-05-02,14.86,21.94,7.76,0.0,41.16,1.26
1987-05-03,16.52,24.17,8.75,0.01,41.65,1.84
1987-05-04,15.84,22.13,7.52,0.04,44.13,3.11
1987-05-05,11.07,17.42,4.7,0.03,45.94,2.23
1987-05-06,12.3,19.87,6.05,0.0,43.51,2.12
1987-05-07,15.1,23.72,5.84,0.0,37.4,1.82
1987-05-08,17.46,24.03,10.61,0.0,34.55,1.6
1987-05-09,16.78,23.73,10.47,0.0,39.58,2.03
1987-05-10,17.18,24.71,10.55,0.0,43.5,2.33
1987-05-11,18.9,27.2,9.81,0.0,44.23,2.08
1987-05-12,20.94,29.49,12.68,0.0,38.59,1.86
1987-05-13,22.65,31.19,13.81,0.0,34.38,1.87
1987-05-14,23.72,31.87,16.81,0.0,33.17,1.86
1987-05-15,24.43,33.29,16.59,0.0,32.26,1.99
1987-05-16,24.55,32.8,16.46,0.0,33.99,2.07
1987-05-17,24.67,32.5,17.83,0.03,36.66,2.28
1987-05-18,20.18,25.11,15.24,2.86,52.37,3.12
1987-05-19,19.67,25.85,14.18,0.55,46.97,2.18
1987-05-20,19.92,27.15,11.93,0.05,38.34,1.76
1987-05-21,19.0,25.01,13.09,0.23,41.19,1.95
1987-05-22,19.23,26.12,12.81,0.05,38.38,1.42
1987-05-23,20.76,28.75,12.92,0.0,32.77,1.47
1987-05-24,23.77,32.85,14.62,0.0,27.49,1.74
1987-05-25,25.22,33.43,17.71,0.0,22.47,1.85
1987-05-26,26.0,33.74,17.78,0.0,21.3,1.53
1987-05-27,26.52,34.19,20.35,0.0,23.33,2.13
1987-05-28,25.81,33.31,18.7,0.0,24.74,2.49
1987-05-29,26.61,35.85,16.52,0.0,21.68,1.64
1987-05-30,25.62,32.09,21.99,0.0,30.96,1.94
1987-05-31,26.19,33.34,19.92,0.06,34.96,2.19
1987-06-01,25.84,33.49,18.51,0.02,34.64,2.51
1987-06-02,23.36,30.14,17.24,0.01,34.97,2.84
1987-06-03,24.82,33.12,15.91,0.0,25.79,1.96
1987-06-04,27.8,35.69,19.15,0.0,22.02,2.18
1987-06-05,26.0,32.8,19.07,0.0,26.41,2.12
1987-06-06,26.23,33.45,18.96,0.0,30.22,2.63
1987-06-07,24.46,30.96,17.87,0.0,32.5,2.79
1987-06-08,20.38,26.05,14.41,1.02,33.37,3.06
1987-06-09,19.63,27.33,11.36,0.01,34.08,2.59
1987-06-10,21.77,29.84,12.89,0.0,27.3,2.25
1987-06-11,23.14,30.82,14.96,0.02,24.88,1.66
1987-06-12,24.78,32.96,14.85,0.0,20.53,1.86
1987-06-13,27.07,34.92,17.4,0.0,18.74,1.9
1987-06-14,28.46,36.8,19.03,0.0,20.46,2.02
1987-06-15,28.56,35.69,19.26,0.0,21.39,1.9
1987-06-16,28.04,35.56,21.15,0.0,22.38,2.04
1987-06-17,27.77,35.94,19.35,0.0,21.51,2.18
1987-06-18,27.89,35.9,19.72,0.0,20.12,2.71
1987-06-19,21.94,27.69,14.01,0.0,26.02,4.17
1987-06-20,17.91,25.03,9.93,0.0,28.32,1.85
1987-06-21,19.15,26.45,11.39,0.0,20.51,3.02
1987-06-22,20.33,27.49,11.67,0.02,21.85,1.93
1987-06-23,23.48,31.14,16.58,0.33,32.9,1.93
1987-06-24,25.46,33.6,18.36,0.0,28.83,2.07
1987-06-25,27.2,35.68,18.44,0.0,23.93,2.2
1987-06-26,29.61,38.12,21.03,0.0,18.69,2.15
1987-06-27,31.03,38.63,22.58,0.0,15.83,2.14
1987-06-28,32.12,40.14,23.76,0.17,14.15,1.98
1987-06-29,29.81,37.74,22.15,0.17,22.32,2.76
1987-06-30,28.81,34.57,21.51,0.0,26.11,2.01
1987-07-01,29.81,36.57,22.49,3.58,24.5,2.45
1987-07-02,29.07,36.18,21.99,0.16,27.65,2.39
1987-07-03,30.06,37.62,22.34,0.0,27.17,1.9
1987-07-04,28.5,36.17,20.72,0.28,34.14,2.73
1987-07-05,22.41,29.14,15.97,3.33,48.68,1.92
1987-07-06,24.64,31.98,17.01,0.0,31.06,2.09
1987-07-07,26.64,34.53,18.27,0.0,24.27,1.99
1987-07-08,28.98,36.81,21.01,0.0,22.69,2.05
1987-07-09,30.55,38.23,21.97,0.0,20.92,1.93
1987-07-10,31.14,39.09,22.63,0.05,18.89,2.25
1987-07-11,22.05,28.74,16.88,5.62,49.99,2.59
1987-07-12,20.22,24.98,15.11,0.27,56.69,1.58
1987-07-13,22.51,29.26,15.93,0.46,42.93,1.65
1987-07-14,23.73,30.67,16.68,0.22,40.9,1.43
1987-07-15,25.01,31.2,18.29,0.0,41.86,1.15
1987-07-16,26.06,31.54,20.1,0.01,40.2,1.54
1987-07-17,26.65,33.41,19.5,0.49,38.41,1.75
1987-07-18,27.49,35.13,20.02,0.42,36.32,2.03
1987-07-19,28.72,35.3,21.51,0.0,34.35,1.54
1987-07-20,29.99,36.85,21.86,0.0,30.66,1.54
1987-07-21,32.25,40.73,23.7,0.0,22.4,2.4
1987-07-22,33.95,42.13,24.97,0.0,19.5,2.79
1987-07-23,32.1,40.27,24.65,0.0,22.69,3.33
1987-07-24,29.71,36.72,23.46,0.0,23.31,2.44
1987-07-25,25.5,30.58,19.98,0.05,32.4,3.09
1987-07-26,25.75,33.12,18.65,0.08,29.47,2.28
1987-07-27,27.05,34.58,18.91,0.0,25.5,1.75
1987-07-28,28.77,36.43,20.19,0.0,21.31,1.72
1987-07-29,28.97,36.53,21.21,0.0,23.25,2.21
1987-07-30,29.27,37.67,20.77,0.0,19.66,2.36
1987-07-31,29.99,37.98,21.74,0.0,19.01,2.1
1987-08-01,29.96,37.95,22.31,0.03,18.67,2.55
1987-08-02,29.58,37.89,21.33,0.0,15.98,2.4
1987-08-03,28.35,36.44,21.22,0.0,18.26,2.04
1987-08-04,27.68,35.76,18.73,0.0,18.47,1.94
1987-08-05,28.87,36.85,19.93,0.0,15.46,1.82
1987-08-06,30.03,38.19,22.32,0.0,14.58,1.94
1987-08-07,30.5,38.27,23.64,0.0,14.77,2.6
1987-08-08,28.97,37.22,21.75,0.0,16.22,2.54
1987-08-09,29.55,38.74,20.74,0.0,16.68,2.15
1987-08-10,31.32,39.1,23.89,0.0,14.39,1.98
1987-08-11,31.02,39.45,22.18,0.0,14.18,2.21
1987-08-12,32.14,40.1,25.29,0.0,14.71,2.72
1987-08-13,31.48,39.9,23.38,0.0,17.58,2.34
1987-08-14,31.23,39.77,22.99,0.0,20.3,2.1
1987-08-15,31.71,40.01,23.38,0.0,19.17,1.77
1987-08-16,32.83,41.2,25.09,0.0,15.06,1.93
1987-08-17,31.89,40.19,25.01,0.0,19.08,2.31
1987-08-18,30.51,38.13,23.61,0.0,20.0,2.39
1987-08-19,30.51,38.54,23.47,0.0,19.74,2.44
1987-08-20,30.74,39.44,23.97,0.0,13.93,2.48
1987-08-21,29.53,37.94,21.31,0.0,15.3,2.26
1987-08-22,28.35,35.84,21.8,0.0,18.11,2.61
1987-08-23,25.58,32.73,19.1,0.0,21.07,3.13
1987-08-24,25.06,32.79,18.25,0.0,20.86,2.56
1987-08-25,25.91,34.82,17.78,0.0,17.9,2.15
1987-08-26,27.81,37.39,18.8,0.0,16.1,2.08
1987-08-27,27.45,34.74,20.53,0.0,22.75,2.72
1987-08-28,25.16,31.14,19.7,0.0,32.17,2.63
1987-08-29,25.31,33.38,18.83,0.0,24.42,1.86
1987-08-30,27.04,35.02,19.3,0.0,16.0,1.91
1987-08-31,25.18,29.26,20.85,0.02,33.59,3.18
1987-09-01,25.44,32.46,19.55,0.0,26.84,2.12
1987-09-02,26.1,34.12,18.8,0.0,21.62,2.23
1987-09-03,26.66,34.66,19.77,0.0,18.07,2.13
1987-09-04,26.11,33.99,19.28,0.01,18.13,2.62
1987-09-05,25.98,34.17,18.74,0.0,20.73,1.97
1987-09-06,28.64,37.83,19.34,0.0,14.25,1.81
1987-09-07,23.06,26.95,16.81,0.0,31.42,2.29
1987-09-08,18.75,24.24,14.02,0.03,30.94,1.86
1987-09-09,17.29,22.64,13.16,0.0,30.07,2.0
1987-09-10,17.61,24.25,12.24,0.0,31.46,2.05
1987-09-11,18.29,26.46,11.72,0.0,25.71,1.6
1987-09-12,20.24,28.46,13.35,0.0,17.29,1.82
1987-09-13,21.88,29.63,16.96,0.0,20.12,1.38
1987-09-14,23.8,32.18,17.79,0.0,20.39,1.89
1987-09-15,24.13,31.06,19.52,0.0,22.02,1.97
1987-09-16,21.69,28.4,15.26,0.0,30.39,1.79
1987-09-17,23.33,31.84,15.85,0.0,25.45,2.81
1987-09-18,24.65,33.07,17.53,0.0,24.0,1.59
1987-09-19,22.69,28.46,17.12,0.0,29.46,2.66
1987-09-20,14.41,19.06,9.91,1.52,50.44,2.43
1987-09-21,15.07,23.35,7.91,0.0,25.26,1.42
1987-09-22,19.71,28.92,12.26,0.0,17.32,1.68
1987-09-23,22.82,31.66,15.28,0.0,16.78,1.97
1987-09-24,13.07,18.26,8.08,2.07,47.88,2.1
1987-09-25,14.99,21.75,10.23,0.0,31.97,2.13
1987-09-26,15.92,24.16,9.34,0.0,31.11,2.31
1987-09-27,17.87,25.66,11.03,0.0,27.76,1.78
1987-09-28,18.98,26.92,13.74,0.0,28.77,1.6
1987-09-29,19.65,26.15,14.09,0.0,26.62,1.66
1987-09-30,21.16,29.2,15.31,0.0,25.27,1.78
1987-10-01,19.31,23.74,16.42,0.29,39.91,1.6
1987-10-02,20.36,27.38,14.6,0.12,40.93,1.7
1987-10-03,19.87,26.75,14.27,0.0,29.57,2.04
1987-10-04,18.75,24.75,13.78,0.0,37.35,1.55
1987-10-05,19.87,27.94,14.46,0.0,33.9,2.21
1987-10-06,15.11,20.84,11.14,0.0,45.36,2.0
1987-10-07,12.73,18.72,8.36,1.18,54.0,2.28
1987-10-08,9.94,15.96,6.5,0.7,49.97,2.54
1987-10-09,9.03,12.3,6.59,4.84,53.26,1.23
1987-10-10,6.11,9.78,3.42,0.75,63.83,1.33
1987-10-11,6.23,12.71,0.01,0.03,51.32,1.44
1987-10-12,6.91,12.56,2.77,0.0,46.78,1.48
1987-10-13,6.2,12.66,2.3,0.0,41.18,1.58
1987-10-14,5.36,12.14,-0.33,0.0,38.21,1.73
1987-10-15,6.9,14.41,1.03,0.0,35.65,1.69
1987-10-16,8.55,15.94,3.06,0.0,36.96,1.48
1987-10-17,9.23,17.32,4.0,0.0,40.34,1.5
1987-10-18,8.69,16.33,3.96,0.0,45.12,1.68
1987-10-19,8.07,15.11,2.58,0.0,45.99,2.09
1987-10-20,11.26,19.04,4.96,0.0,32.13,1.73
1987-10-21,12.81,20.91,8.78,0.0,29.22,1.72
1987-10-22,12.34,19.23,7.9,0.0,33.51,1.41
1987-10-23,13.63,20.82,8.26,0.67,38.64,2.01
1987-10-24,10.95,16.95,6.09,0.05,49.6,1.08
1987-10-25,11.35,15.09,8.39,1.92,64.11,1.47
1987-10-26,4.81,8.78,-1.46,7.74,84.89,1.88
1987-10-27,-1.92,-0.2,-3.26,2.78,76.67,1.52
1987-10-28,-2.79,2.21,-5.47,0.24,68.82,1.13
1987-10-29,-3.76,1.16,-6.45,0.29,62.45,1.15
1987-10-30,-1.03,4.64,-4.05,0.0,48.04,1.29
1987-10-31,2.23,10.47,-3.5,0.0,42.0,1.48
1987-11-01,6.41,13.43,2.08,0.0,36.77,1.09
1987-11-02,8.87,13.49,3.37,0.0,35.65,1.02
1987-11-03,11.57,19.71,5.83,0.0,40.24,1.29
1987-11-04,12.65,15.27,9.7,0.75,54.91,2.53
1987-11-05,10.52,15.14,6.83,1.55,78.69,1.7
1987-11-06,12.29,19.35,7.19,0.0,63.17,1.44
1987-11-07,17.04,26.52,12.77,0.01,40.25,2.99
1987-11-08,7.95,14.07,2.07,3.1,75.1,2.06
1987-11-09,5.65,13.46,1.31,0.06,60.15,1.26
1987-11-10,8.19,14.79,4.49,0.0,50.84,1.37
1987-11-11,7.63,13.75,3.03,0.0,61.34,1.73
1987-11-12,7.08,9.84,3.87,0.0,59.41,0.85
1987-11-13,6.32,12.65,2.12,0.0,60.63,1.0
1987-11-14,10.96,19.0,5.52,0.0,40.87,1.56
1987-11-15,9.51,14.17,6.79,1.26,57.66,1.71
1987-11-16,6.99,11.51,4.21,0.02,76.84,0.96
1987-11-17,8.76,17.29,4.07,0.0,52.97,1.89
1987-11-18,9.0,13.12,5.76,0.0,52.24,1.16
1987-11-19,9.05,15.72,4.11,0.0,54.43,1.48
1987-11-20,7.43,12.46,3.98,0.0,56.67,2.16
1987-11-21,10.62,18.32,4.98,0.0,48.56,1.38
1987-11-22,11.29,15.94,7.69,0.0,45.27,2.47
1987-11-23,6.71,10.66,2.36,0.01,78.77,1.33
1987-11-24,-0.44,5.29,-5.3,0.0,63.22,1.42
1987-11-25,-3.06,2.03,-5.98,0.0,49.25,0.58
1987-11-26,-1.36,4.83,-5.02,0.0,50.97,0.8
1987-11-27,-1.82,2.81,-4.18,0.03,57.13,1.21
1987-11-28,-2.8,-0.56,-4.35,0.26,83.35,1.27
1987-11-29,-2.21,0.87,-4.19,0.0,82.89,1.33
1987-11-30,-3.18,0.29,-5.67,0.45,68.45,1.3
1987-12-01,-4.0,-1.05,-5.39,0.34,69.31,1.03
1987-12-02,-3.7,1.24,-6.53,0.0,55.06,1.17
1987-12-03,-1.62,4.09,-4.74,0.0,48.02,1.14
1987-12-04,1.98,8.8,-2.5,0.0,36.68,1.03
1987-12-05,6.02,11.78,2.88,0.0,30.33,1.16
1987-12-06,5.71,12.18,2.79,0.0,34.47,1.39
1987-12-07,7.02,11.28,3.49,0.0,38.33,1.61
1987-12-08,7.34,11.13,3.47,0.0,51.1,1.25
1987-12-09,5.65,11.85,1.53,0.0,61.65,1.62
1987-12-10,7.05,11.41,3.1,0.0,47.53,1.19
1987-12-11,8.82,13.52,6.52,0.0,54.95,1.83
1987-12-12,10.26,17.81,6.83,0.0,51.81,1.94
1987-12-13,11.15,18.45,6.88,0.0,39.59,1.64
1987-12-14,9.38,15.98,1.1,0.37,47.15,1.93
1987-12-15,-0.3,2.22,-3.71,0.24,75.31,1.94
1987-12-16,1.38,6.64,-3.5,0.01,65.09,1.06
1987-12-17,5.82,13.58,1.9,0.0,50.51,1.3
1987-12-18,9.18,17.05,3.46,0.0,33.96,1.49
1987-12-19,8.32,13.63,5.44,1.06,45.22,1.63
1987-12-20,11.02,19.17,6.56,0.09,50.71,1.93
1987-12-21,14.18,20.87,6.81,0.0,36.52,2.71
1987-12-22,7.35,11.79,5.31,0.4,65.63,1.46
1987-12-23,9.84,19.5,4.73,0.0,44.31,1.98
1987-12-24,13.2,21.08,7.16,0.01,22.56,3.28
1987-12-25,7.99,14.5,4.64,1.35,69.36,2.14
1987-12-26,8.64,13.53,5.86,0.01,70.65,0.93
1987-12-27,9.01,14.12,6.26,0.55,68.17,1.17
1987-12-28,5.38,8.3,-0.35,4.14,77.77,1.16
1987-12-29,-1.5,1.39,-3.44,2.52,84.92,1.92
1987-12-30,0.38,4.6,-3.93,0.65,79.78,1.32
1987-12-31,4.63,8.28,2.2,0.44,76.61,1.73
1988-01-01,4.27,7.36,2.25,0.64,91.26,1.18
1988-01-02,4.21,8.67,-1.24,2.1,83.16,1.71
1988-01-03,-4.66,-1.68,-6.99,1.65,67.02,2.06
1988-01-04,0.36,5.94,-3.8,0.0,41.5,1.3
1988-01-05,3.75,9.73,0.78,0.0,41.64,1.04
1988-01-06,4.14,10.99,0.13,0.0,47.91,0.98
1988-01-07,6.92,12.19,2.95,0.15,46.11,1.45
1988-01-08,0.48,2.88,-1.28,5.06,88.11,2.48
1988-01-09,1.96,7.1,-1.4,0.09,71.1,1.31
1988-01-10,2.94,6.02,1.3,0.13,65.15,1.22
1988-01-11,0.91,3.81,-1.66,1.17,87.07,1.64
1988-01-12,-1.37,4.34,-4.53,0.14,66.9,1.35
1988-01-13,2.58,10.18,-2.36,0.0,38.1,1.21
1988-01-14,4.49,9.81,1.29,0.18,48.43,1.11
1988-01-15,1.46,3.36,-0.9,0.44,92.29,1.75
1988-01-16,3.18,8.37,-0.31,0.04,70.47,1.0
1988-01-17,0.9,2.68,-1.39,1.31,89.19,0.79
1988-01-18,0.99,6.6,-1.67,0.02,64.97,1.1
1988-01-19,2.38,7.03,-1.4,0.0,63.07,1.56
1988-01-20,2.06,6.76,-1.69,0.3,75.15,1.86
1988-01-21,-2.44,-0.76,-3.22,3.36,89.85,1.69
1988-01-22,-0.63,4.38,-3.34,0.18,76.3,1.11
1988-01-23,2.03,5.67,-0.95,0.0,58.43,1.28
1988-01-24,1.78,4.25,-0.3,0.03,72.94,1.82
1988-01-25,2.49,5.49,0.16,0.93,70.79,1.16
1988-01-26,4.03,7.42,1.02,0.2,69.25,1.43
1988-01-27,5.54,11.04,2.77,0.01,70.5,1.49
1988-01-28,5.92,12.07,1.3,0.25,65.17,1.9
1988-01-29,7.78,14.42,2.59,1.37,61.09,1.88
1988-01-30,4.57,11.1,-1.45,3.85,69.83,3.14
1988-01-31,2.79,10.71,-4.07,1.18,55.24,2.4
1988-02-01,2.62,4.91,1.0,2.57,77.68,1.88
1988-02-02,8.14,12.88,2.82,0.46,60.22,2.77
1988-02-03,7.9,9.85,5.92,1.95,79.63,2.07
1988-02-04,3.34,6.66,-1.06,3.79,92.99,1.58
1988-02-05,-1.95,0.2,-3.92,0.96,79.54,1.79
1988-02-06,-2.52,2.44,-5.54,0.45,73.68,1.8
1988-02-07,-5.18,-0.74,-7.76,0.05,66.63,2.7
1988-02-08,-4.63,0.38,-7.84,0.0,65.55,1.51
1988-02-09,-0.19,6.92,-4.85,0.0,46.51,1.82
1988-02-10,2.27,8.18,-1.52,0.0,41.58,1.25
1988-02-11,3.49,10.28,-0.55,0.0,42.19,0.74
1988-02-12,2.26,9.15,-1.56,0.0,48.22,1.01
1988-02-13,3.25,11.0,-1.02,0.0,46.04,1.0
1988-02-14,2.96,8.73,-0.82,0.0,51.04,1.29
1988-02-15,3.78,10.8,0.11,0.05,53.0,1.44
1988-02-16,-1.27,0.16,-2.7,1.52,83.36,1.39
1988-02-17,4.16,11.79,-2.08,0.04,57.5,1.5
1988-02-18,5.03,9.97,1.14,0.75,65.38,1.85
1988-02-19,2.44,7.33,-0.73,0.58,79.42,1.48
1988-02-20,3.0,8.78,-0.69,0.01,70.17,1.22
1988-02-21,3.11,7.91,-0.41,0.05,67.95,0.98
1988-02-22,3.82,9.88,-0.58,0.0,68.95,1.3
1988-02-23,5.57,13.17,0.65,0.0,46.73,1.43
1988-02-24,6.08,15.36,-0.4,0.0,39.85,1.49
1988-02-25,6.07,14.62,0.67,0.0,33.94,1.62
1988-02-26,4.9,13.32,-0.82,0.0,34.5,1.5
1988-02-27,2.97,10.35,-2.19,0.0,37.74,1.65
1988-02-28,1.32,8.45,-3.79,0.0,54.37,1.8
1988-02-29,5.01,13.02,-0.18,0.0,41.72,1.31
1988-03-01,8.16,17.38,0.44,0.0,38.7,1.54
1988-03-02,9.96,15.49,5.74,0.22,53.59,1.67
1988-03-03,12.03,17.61,7.41,1.61,70.59,1.59
1988-03-04,14.49,24.31,7.11,0.0,47.48,1.86
1988-03-05,16.1,23.52,11.13,0.32,42.56,1.32
1988-03-06,8.74,13.76,3.48,4.58,77.55,2.75
1988-03-07,3.79,8.24,0.79,0.85,68.03,1.83
1988-03-08,6.01,13.11,0.05,0.0,53.75,1.63
1988-03-09,9.91,17.54,3.65,0.27,40.82,1.35
1988-03-10,10.06,13.22,6.62,3.6,64.38,2.15
1988-03-11,8.15,11.88,5.21,1.43,82.34,2.34
1988-03-12,6.82,11.96,3.33,0.18,72.47,1.77
1988-03-13,7.71,14.82,2.8,0.36,62.98,1.91
1988-03-14,6.95,11.56,2.12,1.04,73.46,1.3
1988-03-15,7.3,11.41,1.19,0.93,65.77,1.71
1988-03-16,5.38,12.4,0.38,0.0,55.21,1.68
1988-03-17,7.49,14.44,2.5,0.35,43.94,2.04
1988-03-18,1.55,6.91,-3.04,0.5,57.36,1.59
1988-03-19,2.82,10.21,-2.08,0.0,35.9,1.62
1988-03-20,4.7,11.94,-0.83,0.0,36.12,1.61
1988-03-21,5.13,12.67,0.2,0.01,35.11,1.58
1988-03-22,3.42,8.21,0.05,1.68,56.12,1.05
1988-03-23,2.01,7.34,-2.93,0.59,68.57,1.78
1988-03-24,5.67,13.86,-1.55,0.0,44.86,1.46
1988-03-25,3.09,5.42,0.02,0.85,69.0,1.8
1988-03-26,3.62,8.99,-0.4,0.06,66.79,2.32
1988-03-27,6.52,14.04,0.45,0.0,51.39,1.42
1988-03-28,8.68,14.94,4.33,1.01,50.25,0.96
1988-03-29,7.93,12.71,3.4,1.61,72.9,1.79
1988-03-30,7.48,11.93,3.69,1.18,74.56,2.15
1988-03-31,10.34,16.38,4.77,0.81,60.07,1.82
1988-04-01,11.45,17.02,6.26,0.68,61.45,1.32
1988-04-02,7.74,11.32,5.21,4.99,79.84,2.15
1988-04-03,7.44,12.67,4.14,0.16,64.1,2.07
1988-04-04,7.49,13.56,2.34,0.48,50.35,1.52
1988-04-05,9.63,16.5,2.78,0.0,47.08,1.33
1988-04-06,11.37,17.25,7.0,2.81,52.56,1.21
1988-04-07,11.79,17.62,6.39,0.75,57.8,1.4
1988-04-08,11.98,17.82,6.91,1.42,55.65,1.69
1988-04-09,11.17,18.44,5.61,0.02,49.16,2.57
1988-04-10,11.99,18.88,6.28,0.0,46.19,1.65
1988-04-11,14.3,22.39,7.72,0.0,44.42,1.92
1988-04-12,17.48,24.7,10.85,0.01,41.89,1.55
1988-04-13,19.37,27.97,11.0,0.0,41.16,1.8
1988-04-14,19.81,26.83,14.13,0.0,40.32,1.77
1988-04-15,20.74,29.53,12.63,0.0,39.98,1.52
1988-04-16,23.21,32.71,14.34,0.0,34.27,1.62
1988-04-17,15.77,19.56,9.45,3.64,66.56,2.63
1988-04-18,14.41,23.24,7.46,0.03,58.78,1.59
1988-04-19,17.42,25.85,9.77,0.0,38.15,1.69
1988-04-20,19.58,28.19,12.62,0.0,28.44,1.49
1988-04-21,20.94,30.08,14.23,0.0,28.25,1.62
1988-04-22,22.28,31.49,16.01,0.0,35.88,1.75
1988-04-23,23.69,31.28,17.08,0.04,37.79,1.74
1988-04-24,24.78,32.82,16.79,0.0,32.99,1.82
1988-04-25,24.47,32.7,16.8,0.0,30.64,2.54
1988-04-26,25.25,34.38,16.39,0.0,28.44,2.06
1988-04-27,27.84,36.7,18.98,0.0,25.9,1.83
1988-04-28,26.77,33.6,21.61,0.0,32.72,1.77
1988-04-29,21.84,27.49,17.38,3.17,54.27,2.68
1988-04-30,18.06,23.45,14.29,1.76,66.57,2.13
1988-05-01,20.67,27.2,14.68,5.58,56.04,1.53
1988-05-02,19.63,26.08,14.56,0.2,60.87,2.2
1988-05-03,13.06,19.96,7.75,12.68,73.49,2.12
1988-05-04,12.55,19.69,5.69,0.5,54.38,1.85
1988-05-05,11.09,16.4,5.96,0.08,60.47,1.96
1988-05-06,12.77,21.07,4.6,0.0,43.65,1.93
1988-05-07,16.76,25.23,8.95,0.0,39.25,1.45
1988-05-08,18.43,25.45,12.47,0.18,39.77,1.87
1988-05-09,18.29,26.61,9.8,0.0,38.43,1.83
1988-05-10,20.38,27.93,11.53,0.0,33.23,1.63
1988-05-11,21.25,29.02,14.06,0.06,35.54,1.51
1988-05-12,21.99,29.94,15.32,0.35,39.21,1.76
1988-05-13,23.79,30.98,16.44,0.1,38.39,2.0
1988-05-14,21.34,28.08,15.26,0.33,42.02,1.97
1988-05-15,18.01,24.8,13.12,2.52,60.12,2.29
1988-05-16,16.34,22.5,11.2,0.6,48.27,2.2
1988-05-17,16.15,22.89,10.48,0.01,38.41,2.22
1988-05-18,16.61,24.54,8.71,0.0,35.79,1.92
1988-05-19,19.09,27.66,11.07,0.0,27.93,1.73
1988-05-20,20.58,28.71,12.17,0.0,26.41,2.42
1988-05-21,20.97,28.82,14.39,0.0,25.4,1.91
1988-05-22,20.61,25.91,16.33,0.01,28.03,1.71
1988-05-23,20.49,27.39,14.74,0.0,31.55,1.76
1988-05-24,19.74,25.76,13.49,0.23,36.95,2.01
1988-05-25,18.77,24.94,12.49,0.01,36.57,2.06
1988-05-26,20.53,30.36,10.49,0.0,21.44,2.34
1988-05-27,22.15,29.13,13.3,0.0,24.27,2.01
1988-05-28,23.69,32.1,14.01,0.0,21.91,1.82
1988-05-29,28.12,37.36,18.69,0.02,18.78,1.56
1988-05-30,25.81,32.16,20.98,0.79,30.75,1.3
1988-05-31,20.12,25.35,14.87,0.24,30.91,2.7
1988-06-01,20.53,28.76,11.42,0.01,23.99,1.8
1988-06-02,22.62,30.59,13.27,0.0,21.74,1.69
1988-06-03,24.15,31.4,14.88,0.0,25.67,1.81
1988-06-04,25.96,33.97,16.95,0.0,19.56,2.01
1988-06-05,27.17,34.45,19.08,0.0,17.03,1.86
1988-06-06,26.71,35.05,17.32,0.0,17.08,2.01
1988-06-07,25.99,33.32,17.47,0.12,21.2,1.67
1988-06-08,26.76,34.73,17.9,0.0,21.06,1.67
1988-06-09,26.65,33.69,18.26,0.0,23.98,1.75
1988-06-10,26.59,33.84,18.74,0.01,22.57,2.37
1988-06-11,28.4,36.63,20.03,0.0,17.22,2.87
1988-06-12,28.49,36.48,20.89,0.0,16.08,2.36
1988-06-13,28.86,36.32,20.96,0.0,15.54,2.26
1988-06-14,30.0,38.34,21.89,0.0,18.21,2.08
1988-06-15,30.91,39.26,21.59,0.0,16.78,2.03
1988-06-16,32.07,40.41,23.9,0.0,13.81,2.03
1988-06-17,32.54,41.68,23.23,0.0,13.7,2.75
1988-06-18,34.09,43.22,24.12,0.0,12.76,1.89
1988-06-19,35.75,43.93,27.21,0.0,10.95,1.87
1988-06-20,35.37,43.68,26.62,0.0,14.91,1.87
1988-06-21,32.83,40.07,26.76,0.0,21.13,2.46
1988-06-22,29.86,35.98,23.8,0.28,28.09,2.36
1988-06-23,30.36,37.34,22.45,0.0,21.79,1.9
1988-06-24,31.15,38.32,23.92,0.0,20.48,2.08
1988-06-25,32.05,40.05,23.5,0.0,17.34,2.58
1988-06-26,32.01,38.24,23.69,0.22,16.02,2.65
1988-06-27,27.55,34.02,21.7,0.15,29.97,3.14
1988-06-28,25.47,31.56,20.13,1.22,37.24,2.31
1988-06-29,25.57,32.59,18.29,0.01,26.86,1.91
1988-06-30,28.53,36.46,20.41,0.0,19.92,1.7
1988-07-01,30.64,38.49,21.59,0.0,16.75,1.91
1988-07-02,32.84,41.43,24.17,0.0,12.85,2.33
1988-07-03,32.73,40.43,25.25,0.0,12.67,2.31
1988-07-04,30.94,38.67,22.7,0.0,16.25,3.16
1988-07-05,29.86,37.02,22.34,0.0,20.75,3.42
1988-07-06,29.09,35.76,22.55,0.03,23.43,2.33
1988-07-07,29.7,37.1,21.81,0.0,22.85,1.6
1988-07-08,29.78,37.45,23.0,0.06,25.45,2.04
1988-07-09,30.27,37.41,22.7,0.04,26.84,1.83
1988-07-10,32.75,40.43,24.42,0.0,20.31,1.9
1988-07-11,33.4,41.16,24.97,0.0,21.32,2.61
1988-07-12,32.82,40.27,25.86,0.0,23.14,3.06
1988-07-13,31.56,38.91,23.68,0.0,22.66,3.03
1988-07-14,31.63,39.08,24.41,0.0,23.09,3.05
1988-07-15,30.74,37.63,23.69,0.0,22.93,3.23
1988-07-16,31.12,39.09,23.5,0.0,17.45,1.92
1988-07-17,31.63,39.0,24.11,0.0,18.28,2.05
1988-07-18,31.76,37.85,26.31,0.04,24.21,2.06
1988-07-19,32.47,38.85,26.44,0.0,24.36,1.99
1988-07-20,31.47,37.78,25.73,0.0,24.74,2.33
1988-07-21,29.4,35.8,22.99,0.0,30.6,2.3
1988-07-22,27.04,34.1,18.24,0.0,27.5,3.46
1988-07-23,22.06,29.85,15.1,0.0,20.02,3.03
1988-07-24,24.33,33.43,14.93,0.0,16.36,2.17
1988-07-25,28.12,36.3,18.9,0.0,12.28,1.82
1988-07-26,29.71,37.78,20.22,0.0,13.39,2.02
1988-07-27,31.05,39.0,22.14,0.0,15.99,2.08
1988-07-28,32.08,40.07,23.77,0.0,15.56,2.44
1988-07-29,31.72,37.97,25.26,0.0,19.86,2.7
1988-07-30,31.23,38.49,24.18,0.0,23.15,3.0
1988-07-31,29.74,36.91,22.99,0.0,21.3,3.33
1988-08-01,27.71,33.78,22.4,0.01,22.2,2.3
1988-08-02,26.79,32.75,21.22,0.0,29.39,2.0
1988-08-03,28.16,35.78,20.08,0.0,24.63,2.12
1988-08-04,29.08,36.89,20.77,0.0,24.02,2.0
1988-08-05,29.55,36.82,22.69,0.0,23.97,1.95
1988-08-06,28.1,34.59,22.14,0.0,25.34,2.74
1988-08-07,27.96,36.07,20.11,0.0,25.37,1.86
1988-08-08,27.67,35.81,20.99,0.0,22.77,2.07
1988-08-09,28.64,36.86,21.08,0.0,20.73,1.99
1988-08-10,28.78,37.25,20.72,0.0,18.6,2.17
1988-08-11,29.09,38.0,21.08,0.0,16.13,1.97
1988-08-12,29.93,37.81,22.12,0.0,15.63,2.19
1988-08-13,29.61,37.94,21.34,0.0,15.01,2.33
1988-08-14,29.66,37.07,23.0,0.0,19.37,2.69
1988-08-15,24.93,31.38,19.22,0.0,28.25,2.79
1988-08-16,25.43,33.72,17.38,0.0,20.6,1.52
1988-08-17,25.82,32.31,18.79,0.0,18.51,2.03
1988-08-18,26.91,33.87,21.1,0.05,24.54,2.18
1988-08-19,26.03,33.38,19.88,0.0,24.17,2.28
1988-08-20,26.65,34.92,18.99,0.0,14.95,1.82
1988-08-21,27.24,35.63,19.12,0.0,15.44,2.51
1988-08-22,25.95,32.52,20.66,0.0,27.29,2.22
1988-08-23,23.51,29.1,18.13,0.55,31.21,2.42
1988-08-24,22.66,28.88,17.6,0.0,26.44,1.88
1988-08-25,24.06,31.67,17.17,0.02,24.72,2.0
1988-08-26,23.88,30.44,16.83,0.12,29.97,1.99
1988-08-27,24.46,30.84,18.87,0.13,29.82,1.62
1988-08-28,25.26,32.07,18.06,0.0,25.45,1.47
1988-08-29,26.46,34.07,19.35,0.0,22.26,1.74
1988-08-30,27.99,35.21,22.25,0.0,19.97,1.98
1988-08-31,28.31,35.47,21.11,0.0,19.53,1.63
1988-09-01,28.44,36.28,20.45,0.0,18.54,2.04
1988-09-02,25.8,32.13,21.21,0.0,24.78,1.5
1988-09-03,26.58,34.62,20.04,0.0,26.59,1.81
1988-09-04,27.21,34.95,21.06,0.0,24.51,1.73
1988-09-05,28.12,35.66,21.57,0.0,21.71,1.88
1988-09-06,27.82,35.52,21.48,0.01,20.08,1.82
1988-09-07,28.2,37.13,20.38,0.11,22.94,2.52
1988-09-08,25.44,31.96,20.41,0.0,32.32,2.42
1988-09-09,24.6,32.44,18.17,0.0,29.04,2.48
1988-09-10,25.05,33.63,17.95,0.0,22.67,1.63
1988-09-11,27.56,36.27,20.12,0.0,13.96,1.76
1988-09-12,27.5,36.52,18.57,0.0,14.09,1.97
1988-09-13,24.8,32.67,17.91,0.27,24.62,3.44
1988-09-14,20.29,28.01,14.24,0.13,30.91,2.62
1988-09-15,21.67,29.44,15.51,0.0,22.66,1.58
1988-09-16,21.9,30.16,15.24,0.0,21.68,1.97
1988-09-17,21.37,29.43,14.6,0.0,21.35,1.88
1988-09-18,22.06,30.34,14.27,0.0,20.43,1.69
1988-09-19,24.1,32.76,17.61,0.0,17.49,1.72
1988-09-20,24.43,32.11,18.28,0.0,15.97,1.79
1988-09-21,19.94,30.32,9.42,3.55,30.73,3.79
1988-09-22,14.01,21.62,7.61,0.49,46.44,2.26
1988-09-23,17.3,24.81,10.97,0.0,31.43,1.79
1988-09-24,17.81,24.96,12.39,0.0,33.77,2.46
1988-09-25,13.25,19.12,8.6,0.0,48.89,1.76
1988-09-26,13.01,20.26,7.42,0.0,36.19,1.72
1988-09-27,14.03,21.41,8.42,0.0,31.14,1.78
1988-09-28,13.82,22.1,7.26,0.0,31.46,1.88
1988-09-29,14.62,22.59,7.85,0.0,26.08,1.93
1988-09-30,15.48,24.11,8.76,0.0,20.25,1.8
1988-10-01,16.01,24.32,10.37,0.0,16.74,1.82
1988-10-02,15.96,23.66,9.31,0.0,18.61,1.97
1988-10-03,14.1,21.33,9.46,0.0,24.03,2.73
1988-10-04,14.93,22.91,7.91,0.0,23.9,2.03
1988-10-05,15.59,22.55,10.96,0.0,24.2,1.7
1988-10-06,14.08,22.02,7.68,0.0,32.14,2.02
1988-10-07,13.88,22.15,6.98,0.0,26.93,1.98
1988-10-08,14.38,22.18,9.17,0.0,23.86,1.65
1988-10-09,15.19,24.2,8.43,0.0,21.74,1.82
1988-10-10,16.35,24.72,10.55,0.0,21.71,1.85
1988-10-11,16.04,24.05,10.51,0.0,20.29,1.84
1988-10-12,15.34,23.14,9.91,0.0,22.53,1.97
1988-10-13,14.51,21.65,8.9,0.0,22.74,2.0
1988-10-14,12.47,18.84,7.43,0.0,20.85,1.7
1988-10-15,13.72,22.64,5.27,0.05,17.72,1.75
1988-10-16,10.27,14.87,5.54,1.8,48.21,2.17
1988-10-17,8.8,16.58,2.37,0.0,34.64,1.65
1988-10-18,11.24,18.68,6.68,0.0,22.87,1.61
1988-10-19,10.89,18.52,4.33,0.0,24.94,1.61
1988-10-20,13.46,21.53,8.03,0.0,22.02,1.61
1988-10-21,16.7,25.84,9.53,0.02,18.0,2.9
1988-10-22,13.22,18.93,7.45,3.3,62.36,1.87
1988-10-23,8.76,13.21,5.28,0.94,69.1,1.35
1988-10-24,8.78,15.68,4.66,0.0,52.39,1.44
1988-10-25,10.46,18.33,5.72,0.0,37.88,1.53
1988-10-26,12.76,20.8,6.86,0.0,34.4,1.48
1988-10-27,15.71,23.12,9.62,0.0,30.46,1.49
1988-10-28,17.22,24.31,12.86,0.21,37.34,2.45
1988-10-29,11.93,15.42,8.61,0.03,72.28,1.14
1988-10-30,12.8,21.41,6.9,0.0,48.99,1.74
1988-10-31,14.29,23.61,7.62,0.0,30.84,1.77
1988-11-01,15.35,21.06,10.61,0.0,33.68,2.13
1988-11-02,15.02,23.66,8.19,0.0,37.16,1.61
1988-11-03,16.97,25.98,10.86,0.0,29.67,1.61
1988-11-04,16.66,23.92,11.63,0.0,27.43,1.59
1988-11-05,14.52,19.88,9.59,0.28,38.67,2.4
1988-11-06,8.86,13.71,3.94,0.19,52.86,1.89
1988-11-07,8.79,17.71,3.72,0.0,34.28,1.39
1988-11-08,13.32,22.03,5.95,0.0,15.53,1.4
1988-11-09,17.0,26.02,10.42,0.06,21.25,2.29
1988-11-10,16.67,23.24,13.32,0.0,28.56,1.52
1988-11-11,17.98,25.9,11.86,0.0,26.35,1.57
1988-11-12,15.75,20.82,13.05,0.01,30.03,1.87
1988-11-13,17.24,24.05,12.73,0.03,45.99,1.52
1988-11-14,19.22,26.92,14.54,0.0,32.86,1.69
1988-11-15,7.98,17.19,0.49,3.11,64.8,3.15
1988-11-16,4.72,12.54,-1.11,0.13,42.99,1.31
1988-11-17,10.38,19.46,5.33,0.0,19.72,1.41
1988-11-18,13.49,20.89,6.41,0.0,16.93,1.16
1988-11-19,11.47,17.42,7.3,0.0,22.5,1.16
1988-11-20,13.72,21.29,9.0,0.0,18.08,1.48
1988-11-21,9.7,11.98,6.32,1.03,56.56,1.88
1988-11-22,9.01,16.25,4.5,0.04,61.17,1.72
1988-11-23,5.74,10.73,2.11,0.0,66.91,1.33
1988-11-24,5.27,10.44,2.56,0.0,64.72,1.07
1988-11-25,6.61,13.17,2.98,0.0,61.55,1.15
1988-11-26,7.62,14.91,3.35,0.0,52.17,1.83
1988-11-27,8.0,15.8,4.14,0.0,39.15,1.52
1988-11-28,10.77,19.22,4.43,0.0,26.79,1.43
1988-11-29,9.9,11.84,7.28,0.67,45.52,2.11
1988-11-30,7.05,11.18,4.9,1.4,79.16,1.56
1988-12-01,9.49,16.52,3.45,0.01,46.68,1.42
1988-12-02,10.02,14.87,6.63,0.73,65.63,2.31
1988-12-03,11.09,19.13,6.26,0.0,53.05,1.73
1988-12-04,11.85,16.93,9.2,0.02,41.94,2.44
1988-12-05,0.48,8.15,-4.02,1.09,62.09,1.54
1988-12-06,3.08,10.56,-2.2,0.01,34.26,1.13
1988-12-07,5.7,12.54,1.63,0.01,28.67,1.45
1988-12-08,8.12,14.95,3.62,0.0,23.84,1.27
1988-12-09,7.98,14.83,2.25,0.0,26.15,1.27
1988-12-10,8.99,16.54,4.37,0.0,25.43,1.31
1988-12-11,10.39,17.25,5.93,0.0,25.35,1.6
1988-12-12,12.55,20.36,8.16,0.0,27.84,1.92
1988-12-13,11.6,17.19,5.66,0.27,41.12,2.52
1988-12-14,6.58,12.09,3.42,0.14,76.79,0.96
1988-12-15,7.41,12.74,3.36,0.38,72.64,1.41
1988-12-16,7.84,11.55,4.63,0.44,55.29,1.24
1988-12-17,4.18,6.16,1.09,3.06,88.16,2.7
1988-12-18,5.34,9.66,2.06,0.35,68.57,1.6
1988-12-19,7.96,13.08,4.88,0.58,73.62,1.43
1988-12-20,9.01,15.59,4.59,0.52,63.55,2.21
1988-12-21,3.47,5.51,1.32,5.01,88.19,1.47
1988-12-22,1.77,4.84,-1.88,0.98,88.41,1.52
1988-12-23,2.93,10.93,-2.19,0.21,56.0,1.5
1988-12-24,-0.65,1.95,-3.14,1.19,74.45,2.21
1988-12-25,1.31,6.98,-2.19,0.0,56.88,1.3
1988-12-26,4.46,12.67,-1.29,0.01,43.48,1.42
1988-12-27,8.21,15.71,3.34,0.06,62.49,2.03
1988-12-28,8.3,15.03,1.13,0.87,67.12,2.41
1988-12-29,-0.75,2.28,-3.45,0.6,75.92,2.26
1988-12-30,-0.77,4.17,-4.05,0.01,65.78,1.07
1988-12-31,3.65,9.59,-0.63,0.0,50.74,1.13
1989-01-01,0.91,2.91,-1.06,0.01,68.26,1.66
1989-01-02,4.73,12.09,0.25,0.0,46.25,2.36
1989-01-03,1.91,5.34,-1.61,3.44,69.93,2.02
1989-01-04,-3.57,-1.85,-5.01,1.02,85.31,1.85
1989-01-05,-5.17,-4.11,-6.4,2.84,87.26,1.83
1989-01-06,-3.64,-2.59,-6.49,1.58,81.0,3.39
1989-01-07,-3.72,-1.05,-7.51,2.22,87.06,2.51
1989-01-08,-6.38,-1.94,-9.33,0.12,72.13,1.38
1989-01-09,-2.29,4.27,-7.69,0.0,45.68,1.56
1989-01-10,0.06,4.41,-2.18,0.0,44.64,1.53
1989-01-11,1.2,7.55,-2.83,0.0,42.72,1.6
1989-01-12,2.58,8.39,0.04,0.0,39.71,1.56
1989-01-13,0.43,4.59,-2.62,0.0,48.73,1.17
1989-01-14,-0.51,3.05,-2.66,0.0,63.37,1.17
1989-01-15,-1.24,0.17,-3.02,0.41,80.26,0.89
1989-01-16,-1.78,2.27,-4.41,0.09,80.71,1.02
1989-01-17,2.82,10.18,-2.91,0.0,46.54,1.21
1989-01-18,0.81,4.26,-2.13,2.74,76.22,1.04
1989-01-19,0.2,3.76,-2.41,0.48,79.0,2.57
1989-01-20,2.42,7.62,-1.78,0.01,54.76,1.53
1989-01-21,2.37,6.51,-1.49,0.34,69.2,1.5
1989-01-22,-1.75,2.47,-4.51,0.0,72.75,1.7
1989-01-23,-1.57,2.82,-4.06,0.01,64.83,1.01
1989-01-24,2.07,9.09,-1.66,0.0,48.93,1.69
1989-01-25,1.27,4.62,-1.65,0.0,50.53,1.48
1989-01-26,0.33,4.9,-1.72,0.97,82.29,1.74
1989-01-27,-4.04,-1.39,-5.82,2.42,81.37,2.48
1989-01-28,-3.8,0.38,-6.05,0.07,66.83,1.39
1989-01-29,-3.09,2.16,-6.91,0.0,57.99,1.58
1989-01-30,-3.77,-0.06,-6.19,0.7,72.63,1.87
1989-01-31,-4.44,-0.86,-6.69,0.65,75.45,1.45
1989-02-01,0.45,7.99,-6.08,0.0,51.81,1.76
1989-02-02,2.84,6.44,-0.31,0.05,60.43,1.44
1989-02-03,-2.98,-0.89,-5.71,1.84,83.71,2.16
1989-02-04,-1.93,1.87,-5.69,0.17,59.62,2.78
1989-02-05,-1.49,0.88,-2.99,0.11,69.26,2.19
1989-02-06,-1.42,2.07,-3.83,0.61,77.4,1.89
1989-02-07,-1.92,2.58,-4.82,0.0,70.64,1.31
1989-02-08,-0.92,4.18,-4.12,0.0,56.68,1.54
1989-02-09,0.19,5.47,-3.61,0.0,56.36,2.07
1989-02-10,2.44,10.4,-2.54,0.0,42.76,1.31
1989-02-11,1.9,7.29,-1.95,0.06,49.41,2.03
1989-02-12,-2.97,0.18,-6.73,1.34,74.95,3.09
1989-02-13,-6.31,-4.72,-7.07,0.54,65.14,1.39
1989-02-14,-5.73,-2.27,-8.2,0.26,66.84,1.23
1989-02-15,-4.97,0.96,-9.17,0.0,55.59,1.33
1989-02-16,-6.29,-2.1,-10.12,0.0,61.9,1.57
1989-02-17,-4.38,1.64,-8.92,0.0,55.0,1.43
1989-02-18,-1.18,3.83,-5.11,0.0,50.27,1.32
1989-02-19,2.15,8.56,-1.21,0.0,45.0,1.38
1989-02-20,1.95,5.18,-1.01,0.95,57.46,1.59
1989-02-21,1.61,6.1,-1.0,1.17,72.77,2.35
1989-02-22,3.27,7.49,0.4,0.96,72.41,2.23
1989-02-23,5.62,13.28,0.05,0.11,50.97,2.93
1989-02-24,-0.35,2.98,-2.13,4.65,76.86,1.6
1989-02-25,-1.77,1.94,-5.61,0.99,76.87,2.37
1989-02-26,-0.89,5.34,-5.26,0.01,61.39,1.27
1989-02-27,-1.79,0.8,-3.81,0.01,82.28,1.67
1989-02-28,1.94,9.78,-2.63,0.0,57.54,1.73
1989-03-01,0.51,7.1,-4.59,0.03,50.17,1.4
1989-03-02,2.66,10.29,-3.25,0.0,44.12,1.6
1989-03-03,3.06,11.3,-2.59,0.0,36.59,1.86
1989-03-04,5.19,13.59,-1.23,0.0,34.87,1.77
1989-03-05,5.25,14.25,-0.72,0.0,37.15,1.64
1989-03-06,6.97,16.06,0.99,0.0,35.64,1.74
1989-03-07,8.94,16.92,2.33,0.0,35.93,1.62
1989-03-08,7.82,13.5,3.85,0.08,61.53,1.37
1989-03-09,5.74,10.66,1.54,0.0,72.64,1.55
1989-03-10,6.16,13.2,0.81,0.0,57.03,1.5
1989-03-11,8.39,16.82,2.24,0.0,41.52,1.36
1989-03-12,9.59,17.77,4.12,0.0,40.13,1.71
1989-03-13,10.03,18.17,4.23,0.0,40.34,1.81
1989-03-14,7.56,13.07,3.89,0.0,58.9,1.74
1989-03-15,9.53,17.52,3.39,0.0,56.31,1.56
1989-03-16,12.53,20.26,6.79,0.04,45.61,1.42
1989-03-17,14.14,20.31,9.66,0.34,53.6,1.37
1989-03-18,10.93,16.16,6.56,1.23,66.07,2.32
1989-03-19,9.88,17.31,3.97,0.01,61.31,2.33
1989-03-20,5.57,7.8,2.16,0.01,76.99,1.47
1989-03-21,8.46,16.9,2.28,0.0,53.77,1.66
1989-03-22,8.99,15.2,3.92,0.15,56.25,2.46
1989-03-23,7.34,13.08,2.68,0.38,62.65,2.18
1989-03-24,6.75,12.81,2.72,0.41,55.84,2.55
1989-03-25,10.64,17.76,4.39,0.0,42.07,1.56
1989-03-26,12.92,21.47,5.31,0.0,33.64,1.79
1989-03-27,15.46,25.53,6.66,0.0,27.54,1.73
1989-03-28,17.87,26.3,9.82,0.0,30.65,1.93
1989-03-29,16.84,27.61,10.13,0.2,44.1,2.14
1989-03-30,14.57,20.04,10.3,0.66,69.72,1.64
1989-03-31,8.15,13.73,3.47,7.26,80.5,2.6
1989-04-01,7.04,14.14,-0.37,0.04,49.69,1.54
1989-04-02,5.16,7.74,1.13,2.38,65.44,2.07
1989-04-03,5.97,13.75,-0.71,0.0,53.89,2.09
1989-04-04,9.21,17.3,3.25,0.0,40.59,1.53
1989-04-05,12.79,21.17,6.25,0.0,36.93,1.79
1989-04-06,14.29,22.54,7.65,0.0,33.5,1.84
1989-04-07,14.4,22.25,6.4,0.0,35.47,2.53
1989-04-08,7.35,11.96,-0.85,0.36,49.56,2.91
1989-04-09,2.02,7.55,-2.6,0.0,37.4,1.64
1989-04-10,5.08,11.58,-1.81,0.0,36.0,1.61
1989-04-11,6.73,14.15,0.19,0.0,37.07,1.68
1989-04-12,9.65,18.59,2.62,0.0,32.28,1.49
1989-04-13,12.88,22.13,4.06,0.0,26.55,1.72
1989-04-14,15.86,23.7,8.61,0.0,22.41,1.21
1989-04-15,16.7,23.1,11.86,0.13,32.26,2.04
1989-04-16,15.48,20.51,10.93,0.49,47.76,1.7
1989-04-17,10.61,15.98,3.88,0.13,49.1,2.84
1989-04-18,8.18,15.74,0.47,0.0,43.65,1.27
1989-04-19,11.6,19.14,5.4,0.0,30.35,2.5
1989-04-20,14.77,25.74,4.82,0.0,21.21,1.84
1989-04-21,16.63,24.65,8.81,0.0,20.43,1.9
1989-04-22,16.82,24.42,9.52,0.0,31.03,2.24
1989-04-23,17.73,26.27,8.97,0.0,26.3,1.86
1989-04-24,16.82,23.66,11.09,0.01,28.75,3.21
1989-04-25,15.19,21.0,9.26,1.96,41.3,2.39
1989-04-26,15.84,23.73,8.89,0.0,33.67,2.03
1989-04-27,16.69,23.61,11.05,0.0,22.45,2.01
1989-04-28,17.98,25.23,10.94,0.0,20.86,1.55
1989-04-29,19.26,27.12,11.54,0.16,22.18,2.46
1989-04-30,4.7,12.27,-1.72,4.17,55.55,3.73
1989-05-01,4.09,9.92,-3.16,0.01,33.93,2.23
1989-05-02,7.73,14.09,1.78,0.04,40.1,1.41
1989-05-03,9.66,15.14,4.74,0.0,42.18,1.98
1989-05-04,10.05,17.52,4.77,0.0,50.28,1.8
1989-05-05,12.87,21.01,5.69,0.0,47.74,1.75
1989-05-06,15.72,23.91,7.98,0.0,43.86,1.29
1989-05-07,20.36,28.58,11.21,0.0,35.25,1.44
1989-05-08,19.7,29.45,14.26,2.8,45.54,2.96
1989-05-09,15.62,20.66,11.94,3.07,70.07,1.33
1989-05-10,16.69,23.19,10.7,0.2,52.4,1.93
1989-05-11,19.11,27.46,10.73,0.0,37.42,2.28
1989-05-12,21.46,29.26,13.73,0.0,29.14,1.71
1989-05-13,22.72,30.79,13.68,0.0,24.34,1.59
1989-05-14,21.08,26.72,15.31,0.0,34.38,1.92
1989-05-15,19.74,25.89,13.97,0.0,37.42,1.55
1989-05-16,21.38,28.59,12.79,0.01,29.01,1.51
1989-05-17,20.88,27.72,13.46,0.57,32.33,2.13
1989-05-18,21.21,27.85,13.75,0.01,37.59,2.11
1989-05-19,23.73,31.88,14.23,0.0,23.53,1.55
1989-05-20,22.05,28.11,15.52,1.01,32.98,1.93
1989-05-21,20.36,27.15,12.61,0.0,41.47,2.01
1989-05-22,19.39,25.78,13.08,0.0,29.93,2.2
1989-05-23,20.38,27.92,11.99,0.01,32.33,1.57
1989-05-24,21.14,28.5,13.27,0.37,29.93,1.96
1989-05-25,22.36,30.87,13.55,0.0,26.73,2.04
1989-05-26,24.59,33.75,14.42,0.0,22.75,1.79
1989-05-27,25.95,34.04,17.18,0.0,19.65,1.73
1989-05-28,28.77,36.68,19.96,0.0,16.98,2.02
1989-05-29,29.26,37.7,19.94,0.0,18.9,2.66
1989-05-30,27.0,32.35,20.13,0.0,25.96,2.87
1989-05-31,24.96,31.67,18.04,0.0,20.93,2.8
1989-06-01,26.09,34.38,17.41,0.0,15.74,2.48
1989-06-02,26.73,35.57,19.65,0.0,18.65,2.27
1989-06-03,26.31,32.9,18.84,0.01,21.83,2.19
1989-06-04,25.47,31.71,20.02,0.0,22.08,2.21
1989-06-05,24.92,31.88,17.26,0.0,26.76,1.9
1989-06-06,25.04,32.32,16.35,0.0,22.03,1.72
1989-06-07,25.08,31.74,18.97,0.0,24.09,2.48
1989-06-08,25.88,32.47,18.32,0.01,20.26,1.53
1989-06-09,24.3,30.7,18.49,1.14,29.79,1.77
1989-06-10,24.83,31.9,17.05,0.44,28.79,1.72
1989-06-11,26.36,33.08,18.67,0.0,22.38,1.77
1989-06-12,26.82,33.79,19.29,0.02,20.73,2.1
1989-06-13,26.8,33.68,19.35,0.0,17.92,2.02
1989-06-14,25.87,34.18,16.82,0.0,18.1,2.41
1989-06-15,26.53,34.7,17.03,0.0,19.84,2.79
1989-06-16,27.07,35.3,17.71,0.0,19.96,2.26
1989-06-17,26.93,34.75,19.3,0.0,19.17,2.47
1989-06-18,22.16,28.57,15.83,0.0,23.85,2.45
1989-06-19,21.02,28.58,12.81,0.0,19.75,2.34
1989-06-20,22.18,31.01,12.63,0.0,17.61,2.31
1989-06-21,23.9,32.24,15.08,0.0,14.98,1.98
1989-06-22,26.25,34.58,16.62,0.0,12.83,1.73
1989-06-23,28.36,36.94,17.91,0.0,10.08,1.92
1989-06-24,30.57,38.13,23.32,0.0,9.33,1.84
1989-06-25,31.97,39.55,24.67,0.0,10.29,1.87
1989-06-26,31.69,40.27,21.68,0.0,12.37,2.16
1989-06-27,29.24,35.95,21.69,0.0,17.86,3.35
1989-06-28,28.44,35.35,21.37,0.02,21.75,2.36
1989-06-29,28.21,35.59,20.24,0.1,24.25,2.23
1989-06-30,28.34,35.18,20.99,0.01,23.18,1.77
1989-07-01,28.02,35.0,19.84,0.0,22.71,2.0
1989-07-02,28.28,35.85,19.86,0.0,19.03,1.8
1989-07-03,27.81,35.58,19.44,0.0,18.1,2.1
1989-07-04,27.74,35.14,19.99,0.0,15.62,2.21
1989-07-05,28.21,35.8,18.54,0.0,14.64,1.7
1989-07-06,29.1,36.82,19.55,0.01,14.06,1.97
1989-07-07,29.53,37.24,20.3,0.0,14.85,1.9
1989-07-08,31.47,39.6,22.44,0.0,12.05,1.92
1989-07-09,32.94,41.47,23.3,0.0,11.63,2.21
1989-07-10,32.94,39.9,24.6,0.0,16.2,3.85
1989-07-11,31.8,39.09,24.5,0.0,21.54,3.35
1989-07-12,28.31,34.48,22.66,0.0,24.01,2.66
1989-07-13,27.37,33.91,20.39,0.0,28.02,2.58
1989-07-14,27.72,34.09,21.08,0.0,26.61,2.18
1989-07-15,29.34,35.74,21.3,0.0,23.29,1.69
1989-07-16,30.07,37.18,22.01,0.03,22.05,2.0
1989-07-17,30.22,37.81,21.15,0.0,20.02,1.96
1989-07-18,30.41,37.63,21.69,0.0,21.91,2.22
1989-07-19,30.67,38.66,21.53,0.06,20.37,2.06
1989-07-20,30.95,38.03,24.08,0.0,21.31,2.4
1989-07-21,30.17,37.74,22.31,0.0,21.24,2.11
1989-07-22,30.3,38.42,21.78,0.24,20.86,2.58
1989-07-23,28.6,35.01,21.44,0.0,21.86,2.0
1989-07-24,28.54,36.51,20.8,0.0,22.1,2.63
1989-07-25,26.35,33.66,18.2,0.0,21.33,2.44
1989-07-26,28.64,36.05,20.69,0.06,24.29,2.47
1989-07-27,28.68,36.03,20.57,0.11,23.72,2.27
1989-07-28,30.92,39.33,22.81,0.0,21.72,2.25
1989-07-29,31.15,39.24,22.84,0.01,21.78,2.48
1989-07-30,28.78,36.57,22.2,0.0,23.55,2.13
1989-07-31,26.49,33.9,20.36,0.0,20.82,2.22
1989-08-01,27.06,35.5,17.11,0.0,13.36,2.01
1989-08-02,29.64,39.02,20.57,0.0,8.58,2.05
1989-08-03,30.03,39.22,21.03,0.0,7.31,2.25
1989-08-04,30.03,37.95,23.77,0.0,9.23,2.18
1989-08-05,29.04,36.92,21.61,0.0,13.9,2.14
1989-08-06,29.5,37.48,21.88,0.0,13.83,2.31
1989-08-07,30.57,38.45,23.91,0.0,10.64,2.17
1989-08-08,30.53,38.76,21.8,0.0,12.8,2.22
1989-08-09,29.17,36.32,22.33,0.0,17.6,2.99
1989-08-10,29.07,37.52,21.11,0.0,17.82,2.35
1989-08-11,29.07,37.68,20.41,0.0,18.12,2.86
1989-08-12,28.5,34.91,22.18,0.0,19.38,2.94
1989-08-13,27.75,35.96,20.01,0.0,19.92,2.02
1989-08-14,27.71,34.83,21.85,0.0,16.49,1.98
1989-08-15,27.51,34.99,20.57,0.0,14.54,1.85
1989-08-16,27.61,35.41,19.17,0.0,14.33,1.66
1989-08-17,28.93,37.7,19.78,0.0,11.71,1.83
1989-08-18,30.18,39.34,21.3,0.0,11.71,2.19
1989-08-19,25.89,31.95,20.36,0.0,24.28,2.56
1989-08-20,22.92,28.76,18.1,0.0,30.34,1.73
1989-08-21,24.08,32.27,16.21,0.0,27.67,2.1
1989-08-22,26.49,34.13,19.96,0.0,21.0,1.64
1989-08-23,26.3,33.85,18.52,0.0,23.59,2.47
1989-08-24,26.27,33.48,20.08,0.0,20.77,2.36
1989-08-25,26.47,33.53,20.34,0.0,16.46,2.05
1989-08-26,26.5,33.42,20.7,0.0,20.14,2.53
1989-08-27,25.3,32.84,17.99,0.0,22.91,2.4
1989-08-28,24.93,32.56,17.97,0.02,21.25,1.9
1989-08-29,25.0,32.57,17.41,0.0,18.41,1.87
1989-08-30,25.21,32.91,17.33,0.0,16.28,1.77
1989-08-31,21.94,28.89,14.86,0.0,21.3,2.56
1989-09-01,21.01,29.87,11.55,0.0,17.09,1.52
1989-09-02,24.24,32.65,15.83,0.0,11.03,1.72
1989-09-03,21.97,30.08,13.81,0.0,15.98,2.76
1989-09-04,16.1,22.67,11.02,0.0,33.29,1.94
1989-09-05,15.9,22.74,10.13,0.0,30.05,2.26
1989-09-06,17.6,26.07,10.29,0.0,26.65,1.59
1989-09-07,19.89,28.34,11.24,0.0,17.82,1.71
1989-09-08,21.76,29.99,13.97,0.0,13.34,1.67
1989-09-09,22.88,30.67,16.17,0.0,12.53,1.82
1989-09-10,23.83,32.88,14.88,0.0,12.69,1.97
1989-09-11,24.82,33.77,16.35,0.0,12.78,2.16
1989-09-12,25.84,34.52,16.97,0.0,12.91,1.89
1989-09-13,26.25,34.6,17.0,0.0,12.59,1.74
1989-09-14,26.35,35.0,18.95,0.0,11.81,1.98
1989-09-15,28.43,37.84,19.55,0.0,12.11,1.67
1989-09-16,26.47,33.82,18.86,0.0,17.37,2.44
1989-09-17,22.01,29.53,16.6,0.0,36.31,1.53
1989-09-18,23.55,32.0,17.02,0.0,28.27,1.8
1989-09-19,24.74,31.87,20.02,0.0,18.97,2.16
1989-09-20,15.44,20.43,10.08,0.93,50.72,1.74
1989-09-21,14.12,21.19,8.03,0.05,48.69,2.07
1989-09-22,14.98,21.0,10.33,0.39,38.86,1.86
1989-09-23,13.57,19.1,7.06,0.44,37.49,2.73
1989-09-24,14.92,21.08,11.01,1.02,45.09,2.19
1989-09-25,15.44,22.47,9.78,0.0,32.0,1.65
1989-09-26,18.21,26.1,11.26,0.0,19.88,1.66
1989-09-27,19.75,27.0,14.19,0.0,18.42,1.94
1989-09-28,16.83,23.05,11.85,0.61,30.34,2.42
1989-09-29,14.0,18.46,10.81,0.47,48.37,1.25
1989-09-30,14.44,21.38,9.61,0.02,45.53,1.36
1989-10-01,18.12,26.23,12.67,0.0,27.9,1.42
1989-10-02,20.41,29.63,13.42,0.0,23.91,1.77
1989-10-03,21.9,30.91,14.43,0.0,18.45,1.86
1989-10-04,21.77,30.4,14.67,0.0,17.16,1.67
1989-10-05,22.81,29.83,17.61,0.0,19.85,1.56
1989-10-06,21.71,28.07,15.57,0.0,27.89,1.58
1989-10-07,23.18,32.39,16.1,0.0,29.02,1.88
1989-10-08,23.87,32.73,16.88,0.0,24.67,2.1
1989-10-09,23.68,30.76,18.36,0.02,25.66,1.38
1989-10-10,17.67,23.89,10.81,0.05,36.62,2.59
1989-10-11,10.95,17.02,5.93,0.0,33.61,2.09
1989-10-12,9.05,16.27,3.87,0.0,25.95,1.45
1989-10-13,11.67,20.01,6.12,0.0,22.35,1.59
1989-10-14,13.82,23.21,7.05,0.0,19.94,2.07
1989-10-15,15.0,23.55,9.32,0.0,18.49,1.94
1989-10-16,15.56,23.98,9.76,0.0,16.57,1.78
1989-10-17,16.71,24.92,9.02,0.0,17.24,1.71
1989-10-18,19.11,27.34,12.64,0.0,15.54,1.64
1989-10-19,15.92,23.6,10.14,0.0,21.67,1.66
1989-10-20,19.04,29.07,11.68,0.0,16.59,2.06
1989-10-21,14.17,18.19,9.81,0.0,41.71,2.1
1989-10-22,13.52,20.02,9.65,0.01,46.99,1.21
1989-10-23,9.92,12.75,7.26,0.12,61.43,1.14
1989-10-24,7.82,12.41,4.91,0.17,64.06,1.86
1989-10-25,9.17,15.52,4.48,0.0,41.32,1.86
1989-10-26,12.77,20.72,7.25,0.0,28.95,1.71
1989-10-27,8.86,12.41,6.42,0.22,53.59,2.15
1989-10-28,11.95,21.09,5.32,0.0,42.32,1.97
1989-10-29,13.5,22.26,6.31,1.3,34.69,3.2
1989-10-30,8.02,14.11,2.63,0.18,51.88,1.4
1989-10-31,6.07,10.45,1.01,7.16,75.25,2.15
1989-11-01,0.95,4.05,-1.53,1.11,78.83,1.41
1989-11-02,1.16,7.93,-2.76,0.28,65.96,1.17
1989-11-03,3.11,10.23,-0.95,0.0,54.54,1.28
1989-11-04,4.54,11.72,0.4,0.0,46.49,1.23
1989-11-05,6.34,13.52,2.46,0.0,42.6,1.42
1989-11-06,8.02,15.87,3.72,0.0,44.76,1.47
1989-11-07,4.66,7.54,0.97,3.21,74.69,2.15
1989-11-08,2.35,6.78,-0.39,0.24,74.2,1.51
1989-11-09,3.67,10.14,0.14,0.0,54.42,1.39
1989-11-10,3.57,9.37,-0.14,0.0,50.61,1.23
1989-11-11,1.94,7.28,-0.91,0.0,63.57,1.12
1989-11-12,4.32,11.45,0.55,0.0,45.99,1.27
1989-11-13,4.93,11.74,0.76,0.0,40.43,1.38
1989-11-14,6.13,13.88,2.5,0.0,37.51,1.37
1989-11-15,7.8,17.03,2.88,0.0,29.78,1.32
1989-11-16,11.09,20.05,4.75,1.58,36.97,2.19
1989-11-17,10.81,17.11,6.39,5.0,69.22,2.08
1989-11-18,9.71,14.75,6.19,1.09,67.77,1.09
1989-11-19,9.54,14.75,5.93,0.0,57.04,1.28
1989-11-20,12.19,20.78,6.41,0.02,41.83,2.01
1989-11-21,8.05,12.23,4.84,10.06,72.5,1.57
1989-11-22,1.38,5.14,-4.99,8.75,80.48,2.5
1989-11-23,0.06,7.75,-5.01,0.0,43.87,1.84
1989-11-24,3.02,10.37,-1.83,0.0,38.4,1.43
1989-11-25,8.3,15.34,1.8,0.02,45.02,2.03
1989-11-26,8.32,12.84,4.84,0.8,61.0,2.23
1989-11-27,9.44,18.68,4.24,0.0,50.37,1.99
1989-11-28,11.55,21.13,6.4,0.0,36.65,2.03
1989-11-29,11.85,20.1,7.47,0.0,43.6,1.92
1989-11-30,12.41,22.37,8.01,0.0,46.09,1.94
1989-12-01,13.53,23.36,8.93,0.0,39.3,2.25
1989-12-02,12.43,19.66,8.25,0.29,46.42,1.9
1989-12-03,5.6,7.92,3.3,11.9,88.0,0.81
1989-12-04,5.49,9.93,2.21,2.36,82.35,0.92
1989-12-05,7.94,11.27,4.94,11.68,92.59,1.56
1989-12-06,6.08,8.78,3.96,1.79,91.88,1.09
1989-12-07,6.52,12.97,2.53,2.33,84.93,1.69
1989-12-08,3.31,6.73,1.4,0.02,78.8,0.88
1989-12-09,7.03,14.54,1.88,0.23,61.16,1.51
1989-12-10,5.66,11.07,2.68,0.86,74.09,1.12
1989-12-11,7.23,16.55,2.02,0.07,59.73,1.76
1989-12-12,9.16,18.4,4.28,0.0,47.59,1.94
1989-12-13,9.78,17.38,4.46,0.0,45.55,1.93
1989-12-14,8.39,11.02,6.71,0.75,62.75,1.65
1989-12-15,7.72,13.14,5.13,0.94,79.61,0.79
1989-12-16,5.97,9.1,3.38,2.83,76.47,1.24
1989-12-17,7.13,12.19,3.72,0.99,84.03,1.34
1989-12-18,4.53,7.05,2.64,5.47,87.31,1.23
1989-12-19,4.43,11.12,1.22,0.02,67.81,1.42
1989-12-20,3.59,10.57,-0.01,0.0,54.67,1.64
1989-12-21,2.9,8.79,-0.36,0.06,56.84,1.41
1989-12-22,1.59,6.19,-1.64,0.0,58.81,1.01
1989-12-23,0.36,3.46,-1.2,0.0,66.09,0.64
1989-12-24,2.13,6.77,0.05,0.0,66.09,0.98
1989-12-25,2.2,5.86,-0.76,0.0,72.0,0.78
1989-12-26,4.15,8.63,1.5,0.0,65.43,1.26
1989-12-27,3.47,4.93,2.59,2.08,86.4,1.82
1989-12-28,1.96,3.6,0.55,0.78,92.01,1.1
1989-12-29,-0.08,2.35,-2.29,2.37,89.63,1.05
1989-12-30,0.72,5.25,-2.74,0.09,66.88,0.85
1989-12-31,0.67,2.33,-0.38,2.4,92.75,1.44
1990-01-01,-1.29,0.64,-5.1,7.06,93.94,1.97
1990-01-02,-2.19,3.5,-5.88,0.18,74.99,1.03
1990-01-03,-1.43,3.0,-4.81,0.1,80.7,0.87
1990-01-04,1.0,5.67,-2.45,2.13,88.47,1.69
1990-01-05,4.48,9.28,1.15,1.5,71.29,1.63
1990-01-06,-4.73,2.31,-7.48,5.51,85.11,2.48
1990-01-07,-4.28,-1.88,-7.65,7.67,87.01,1.4
1990-01-08,-8.56,-4.72,-11.29,1.09,78.13,1.36
1990-01-09,-7.85,-1.5,-11.17,0.04,61.89,1.25
1990-01-10,-5.85,-0.86,-10.01,0.04,61.36,1.24
1990-01-11,-5.61,-3.69,-8.3,1.69,83.46,0.56
1990-01-12,-6.23,-3.31,-8.24,1.22,89.86,1.17
1990-01-13,-4.25,1.39,-10.2,0.03,76.84,1.53
1990-01-14,-1.78,0.48,-3.43,2.51,82.65,3.27
1990-01-15,-3.87,0.73,-6.72,3.82,84.78,1.25
1990-01-16,-2.24,1.32,-5.71,0.0,68.46,0.88
1990-01-17,-0.16,3.84,-2.28,0.57,76.94,0.98
1990-01-18,0.4,3.28,-3.13,0.76,84.83,1.0
1990-01-19,2.78,5.21,0.31,0.12,75.22,0.74
1990-01-20,0.32,4.98,-2.17,1.67,85.51,1.0
1990-01-21,1.26,8.14,-2.44,0.0,57.44,1.62
1990-01-22,2.88,6.57,1.25,0.0,60.54,1.71
1990-01-23,4.1,10.49,0.34,0.0,64.54,1.56
1990-01-24,7.5,14.23,1.96,0.0,55.63,1.8
1990-01-25,1.24,4.69,-1.66,3.67,84.85,1.75
1990-01-26,-2.31,0.99,-5.88,2.41,89.14,2.17
1990-01-27,-4.29,-0.81,-6.58,0.1,85.01,1.51
1990-01-28,-3.75,1.44,-6.43,0.04,78.02,1.29
1990-01-29,-0.86,4.93,-4.41,0.0,65.13,1.34
1990-01-30,0.97,6.43,-1.42,0.07,68.24,1.0
1990-01-31,-1.93,-0.76,-2.69,1.98,87.72,1.14
1990-02-01,-1.24,1.79,-2.68,0.71,80.37,0.89
1990-02-02,0.5,6.53,-2.82,0.0,60.54,1.25
1990-02-03,0.92,5.28,-2.42,0.16,62.55,1.07
1990-02-04,1.28,6.06,-1.94,0.73,69.99,1.23
1990-02-05,2.57,8.13,-0.92,0.0,64.56,1.34
1990-02-06,1.2,4.86,-2.55,1.81,68.9,1.47
1990-02-07,-1.52,1.82,-4.25,0.7,76.43,1.28
1990-02-08,-1.39,4.08,-4.34,0.0,69.3,1.61
1990-02-09,0.11,6.24,-3.66,0.0,59.25,1.38
1990-02-10,2.92,9.95,-1.23,0.0,54.87,1.2
1990-02-11,7.74,17.22,2.68,0.01,54.93,1.81
1990-02-12,1.94,4.26,0.26,5.3,89.86,1.45
1990-02-13,0.87,4.91,-1.84,0.12,82.52,1.34
1990-02-14,2.81,7.56,-1.63,0.21,69.61,1.16
1990-02-15,5.77,11.97,1.23,1.49,66.19,1.63
1990-02-16,6.65,13.13,2.22,2.85,70.42,1.98
1990-02-17,2.97,5.37,-0.72,6.28,84.24,0.95
1990-02-18,3.63,10.58,-0.96,0.0,56.0,1.56
1990-02-19,4.85,9.56,1.58,0.0,43.42,1.27
1990-02-20,6.73,13.07,1.88,0.0,48.17,1.28
1990-02-21,8.44,16.4,2.42,0.73,63.47,1.78
1990-02-22,1.76,4.54,-1.4,8.87,91.67,1.38
1990-02-23,1.15,6.64,-2.04,0.54,80.64,2.16
1990-02-24,-1.52,0.69,-4.09,3.27,90.81,1.54
1990-02-25,0.88,6.17,-3.92,0.0,67.56,1.3
1990-02-26,2.16,6.17,-1.44,0.1,72.48,1.37
1990-02-27,2.27,7.21,-2.12,0.11,76.94,2.37
1990-02-28,4.22,9.8,0.73,0.03,70.91,1.66
1990-03-01,6.07,13.44,0.66,0.0,57.79,1.52
1990-03-02,7.6,15.01,2.87,0.0,49.44,1.68
1990-03-03,8.28,16.23,2.79,0.0,45.88,1.64
1990-03-04,8.28,14.83,1.72,0.0,46.29,1.77
1990-03-05,9.5,16.47,2.53,0.0,48.64,2.12
1990-03-06,5.81,7.91,4.05,1.59,75.02,1.8
1990-03-07,4.1,7.55,1.19,0.42,82.69,1.32
1990-03-08,9.36,16.16,3.67,0.71,71.99,1.81
1990-03-09,6.52,9.41,3.34,5.05,87.14,2.38
1990-03-10,5.21,9.17,1.79,0.24,64.79,1.71
1990-03-11,8.06,15.74,1.8,0.0,52.17,1.51
1990-03-12,9.89,14.55,4.25,0.32,51.87,1.84
1990-03-13,10.51,15.3,7.01,1.24,72.71,1.66
1990-03-14,13.22,19.53,7.48,0.93,60.96,1.59
1990-03-15,12.56,17.03,4.89,8.25,68.88,4.5
1990-03-16,5.54,9.65,0.78,0.88,76.78,2.03
1990-03-17,0.32,3.93,-2.51,0.65,75.93,3.54
1990-03-18,-2.28,0.11,-4.32,4.17,84.24,1.74
1990-03-19,1.48,6.26,-3.48,0.01,70.02,1.22
1990-03-20,1.57,3.93,-0.08,0.6,75.32,0.95
1990-03-21,0.8,4.22,-1.57,0.36,74.65,1.99
1990-03-22,-0.25,3.09,-3.15,0.15,72.53,1.45
1990-03-23,2.22,6.99,-3.14,0.0,61.65,2.17
1990-03-24,6.49,13.55,0.14,0.0,48.57,1.59
1990-03-25,7.81,15.98,0.31,0.0,47.26,1.75
1990-03-26,9.13,16.05,2.74,0.01,52.38,2.28
1990-03-27,8.96,16.27,3.2,0.01,60.6,1.97
1990-03-28,10.35,18.2,4.08,0.0,54.81,1.77
1990-03-29,11.67,18.82,4.79,0.0,54.63,1.67
1990-03-30,12.86,19.44,7.25,0.01,52.68,1.54
1990-03-31,10.68,17.7,6.6,0.23,66.25,2.37
1990-04-01,11.35,17.04,6.24,0.96,70.21,1.5
1990-04-02,14.24,22.65,6.65,0.0,45.92,2.08
1990-04-03,8.55,13.01,4.12,6.26,71.65,2.41
1990-04-04,9.35,18.02,3.46,1.25,70.5,1.75
1990-04-05,11.67,18.44,5.94,0.0,67.56,1.18
1990-04-06,13.6,19.73,8.89,0.68,62.71,1.93
1990-04-07,11.81,17.73,7.62,4.77,76.55,1.89
1990-04-08,9.52,12.17,6.76,21.46,83.64,1.88
1990-04-09,10.81,17.07,6.47,0.27,74.81,1.61
1990-04-10,13.21,19.27,8.27,0.36,62.27,1.57
1990-04-11,12.7,17.44,8.15,1.2,73.19,0.96
1990-04-12,10.43,15.17,6.31,0.61,75.72,1.47
1990-04-13,12.09,18.99,4.78,0.11,57.72,1.44
1990-04-14,11.8,16.79,10.02,18.62,75.76,2.77
1990-04-15,11.87,16.01,8.53,3.28,76.25,2.24
1990-04-16,13.27,19.15,8.41,1.45,70.26,2.01
1990-04-17,11.15,14.39,7.69,7.73,85.12,1.74
1990-04-18,11.52,16.56,5.93,4.7,68.9,1.82
1990-04-19,12.44,18.53,6.77,0.11,61.13,1.76
1990-04-20,12.88,18.9,7.63,2.22,66.36,1.4
1990-04-21,9.72,13.86,6.09,10.54,81.05,1.91
1990-04-22,13.14,20.58,5.68,0.0,50.55,1.61
1990-04-23,18.18,25.46,10.6,0.87,43.6,1.74
1990-04-24,14.35,18.57,10.32,3.94,70.71,2.14
1990-04-25,13.99,18.35,10.38,0.45,67.82,1.49
1990-04-26,14.73,19.47,9.73,1.85,61.78,1.33
1990-04-27,13.76,19.38,9.42,0.77,64.97,1.65
1990-04-28,15.46,20.7,9.72,0.0,54.12,1.21
1990-04-29,18.53,26.47,11.12,0.0,48.08,1.63
1990-04-30,20.0,27.79,12.41,0.0,45.59,1.68
1990-05-01,19.17,27.07,11.55,0.0,47.84,2.13
1990-05-02,19.81,26.58,14.92,0.0,46.26,1.56
1990-05-03,22.23,30.31,15.17,0.0,49.2,1.57
1990-05-04,24.04,30.56,16.93,0.0,46.49,1.44
1990-05-05,20.87,24.61,16.5,1.37,58.18,1.91
1990-05-06,19.56,25.02,13.99,0.14,50.34,1.97
1990-05-07,20.49,27.56,13.75,0.0,43.48,1.71
1990-05-08,18.57,26.86,14.52,0.81,66.92,2.18
1990-05-09,18.01,21.36,14.3,7.96,64.52,1.24
1990-05-10,19.25,25.6,13.94,0.2,55.44,1.54
1990-05-11,19.93,27.66,12.41,0.0,48.22,2.18
1990-05-12,23.71,32.64,15.67,0.0,36.87,1.79
1990-05-13,27.34,36.03,18.48,0.0,36.22,1.27
1990-05-14,24.05,30.17,17.49,0.15,44.89,2.34
1990-05-15,16.31,20.38,11.22,0.65,68.8,2.33
1990-05-16,16.52,24.52,9.05,0.0,60.87,1.56
1990-05-17,18.75,25.31,13.45,0.2,48.39,1.73
1990-05-18,18.17,23.33,11.63,2.11,41.38,1.75
1990-05-19,18.43,26.81,9.65,0.0,39.41,1.83
1990-05-20,21.07,28.91,12.4,0.0,35.49,1.75
1990-05-21,22.42,29.76,14.53,0.0,35.01,1.58
1990-05-22,24.18,31.46,15.62,0.02,35.4,1.65
1990-05-23,19.07,24.37,12.93,1.61,56.62,2.48
1990-05-24,19.63,28.18,12.12,0.0,48.42,1.69
1990-05-25,20.59,28.36,14.12,0.01,37.45,1.97
1990-05-26,21.8,29.92,13.99,0.0,36.15,1.51
1990-05-27,25.13,33.55,17.04,0.09,34.32,1.79
1990-05-28,22.4,28.12,17.15,0.74,48.37,1.88
1990-05-29,22.23,29.14,14.31,0.03,45.21,1.37
1990-05-30,23.51,31.03,15.81,0.0,38.55,1.58
1990-05-31,22.2,28.84,15.91,0.06,47.24,2.01
1990-06-01,25.6,33.49,16.86,0.0,39.11,1.67
1990-06-02,26.02,34.5,19.65,0.0,39.71,1.62
1990-06-03,27.14,34.0,19.85,0.0,36.85,1.53
1990-06-04,28.09,35.64,21.25,0.04,34.05,1.61
1990-06-05,27.86,36.01,19.87,0.02,31.37,2.36
1990-06-06,28.64,36.61,20.37,0.0,27.64,1.93
1990-06-07,28.64,36.5,20.23,0.02,25.55,2.87
1990-06-08,24.36,29.2,19.06,0.25,38.39,1.49
1990-06-09,25.45,32.36,18.32,0.4,36.67,2.29
1990-06-10,25.78,32.77,17.86,1.45,37.64,1.5
1990-06-11,28.02,35.63,19.94,0.02,30.86,1.74
1990-06-12,25.49,31.2,20.37,0.5,37.6,2.06
1990-06-13,25.21,32.43,18.37,0.4,33.56,2.25
1990-06-14,26.49,35.12,17.57,0.0,23.39,1.56
1990-06-15,28.7,37.19,18.92,0.0,20.83,1.63
1990-06-16,31.07,39.44,22.07,0.0,17.99,1.72
1990-06-17,31.54,39.76,22.66,0.0,15.69,2.03
1990-06-18,31.59,40.22,22.48,0.0,15.24,2.39
1990-06-19,32.39,41.62,21.78,0.0,14.17,3.24
1990-06-20,31.7,40.53,22.2,0.0,17.1,2.63
1990-06-21,31.88,40.44,23.18,0.0,16.62,3.24
1990-06-22,33.37,43.46,22.42,0.0,14.72,2.58
1990-06-23,33.74,42.49,25.63,0.0,14.03,3.38
1990-06-24,30.03,37.88,21.34,0.0,18.48,3.63
1990-06-25,29.15,37.53,20.72,0.0,18.64,2.7
1990-06-26,29.3,36.71,21.01,0.0,20.51,3.12
1990-06-27,28.98,36.9,20.87,0.0,16.05,2.75
1990-06-28,30.8,39.43,21.55,0.0,12.89,1.99
1990-06-29,32.27,41.16,21.94,0.0,14.26,2.0
1990-06-30,33.36,40.92,26.41,0.0,15.6,2.45
1990-07-01,27.1,33.32,21.1,0.0,24.59,3.17
1990-07-02,27.34,35.34,18.71,0.0,19.78,2.48
1990-07-03,27.46,34.56,20.42,0.0,22.37,2.69
1990-07-04,27.79,36.25,18.62,0.0,19.99,2.31
1990-07-05,28.36,34.99,21.57,0.0,19.28,1.91
1990-07-06,29.27,36.49,22.02,0.15,22.14,2.16
1990-07-07,29.51,35.8,24.03,0.0,24.15,2.09
1990-07-08,28.41,34.49,21.99,0.11,24.01,2.65
1990-07-09,26.94,33.8,19.6,0.06,24.21,2.52
1990-07-10,26.17,32.82,19.28,2.16,28.3,2.17
1990-07-11,25.32,32.4,18.46,2.14,31.42,2.24
1990-07-12,25.78,32.78,18.01,0.06,28.19,1.83
1990-07-13,26.66,32.87,20.08,0.16,26.04,1.89
1990-07-14,26.38,33.79,18.86,2.31,34.66,1.76
1990-07-15,27.9,34.98,20.28,0.0,33.36,1.98
1990-07-16,29.19,37.37,21.61,0.0,26.22,2.91
1990-07-17,27.75,35.39,19.42,0.0,23.05,3.12
1990-07-18,28.17,36.48,19.43,0.0,25.67,2.0
1990-07-19,29.19,37.03,20.78,0.0,21.45,2.07
1990-07-20,29.12,36.21,22.17,0.25,23.64,2.56
1990-07-21,28.31,34.31,22.93,0.18,27.7,2.27
1990-07-22,27.17,33.74,20.11,0.9,31.89,2.43
1990-07-23,28.04,35.96,19.98,0.0,23.33,2.44
1990-07-24,30.64,38.05,22.52,0.09,20.52,1.81
1990-07-25,29.94,36.17,23.35,0.47,24.64,2.47
1990-07-26,27.25,33.94,20.57,0.01,23.91,2.79
1990-07-27,27.71,35.95,19.55,0.0,21.98,2.29
1990-07-28,29.41,38.22,21.05,0.0,19.9,1.97
1990-07-29,30.94,40.06,22.06,0.0,17.56,2.56
1990-07-30,31.74,40.98,21.89,0.0,16.08,2.64
1990-07-31,33.34,42.23,24.15,0.0,14.54,2.09
1990-08-01,33.63,42.84,25.33,0.0,16.2,3.3
1990-08-02,30.21,38.36,23.67,0.0,21.74,3.3
1990-08-03,27.83,35.14,21.01,0.0,20.11,3.52
1990-08-04,27.53,36.33,18.8,0.0,19.35,2.19
1990-08-05,28.48,37.8,19.03,0.0,16.53,2.02
1990-08-06,29.84,38.69,21.15,0.0,11.91,1.94
1990-08-07,31.2,39.32,22.93,0.0,12.18,2.07
1990-08-08,30.72,38.73,23.24,0.0,16.56,3.46
1990-08-09,30.72,40.08,22.16,0.0,20.36,3.12
1990-08-10,29.9,38.66,22.31,0.0,20.88,2.44
1990-08-11,28.91,37.22,22.05,0.0,16.85,1.76
1990-08-12,27.85,35.94,20.08,0.0,19.16,2.36
1990-08-13,27.17,34.53,19.16,0.0,21.71,2.23
1990-08-14,26.87,34.59,19.7,0.0,20.29,2.25
1990-08-15,26.35,34.93,18.03,0.0,18.68,1.94
1990-08-16,27.28,36.01,18.14,0.0,16.82,1.84
1990-08-17,28.41,36.52,19.5,0.0,17.18,1.98
1990-08-18,29.75,38.03,22.21,0.0,19.04,1.93
1990-08-19,28.93,36.32,22.5,0.0,21.01,1.9
1990-08-20,29.04,36.73,21.01,0.0,23.66,2.58
1990-08-21,26.47,32.58,22.13,0.0,33.72,3.41
1990-08-22,26.41,33.81,19.6,0.73,35.15,2.38
1990-08-23,25.83,32.56,20.18,0.0,27.1,1.82
1990-08-24,25.84,32.78,19.88,0.0,23.98,1.98
1990-08-25,25.43,32.88,18.88,0.0,21.56,1.51
1990-08-26,25.8,34.03,17.55,0.0,16.51,1.69
1990-08-27,27.71,36.45,19.63,0.0,14.34,1.66
1990-08-28,28.24,36.42,21.37,0.0,17.35,2.04
1990-08-29,26.32,34.65,18.64,0.0,17.71,2.27
1990-08-30,24.58,31.33,19.19,0.0,18.49,2.31
1990-08-31,23.11,30.87,16.35,0.0,22.02,2.42
1990-09-01,24.93,33.56,17.37,0.0,18.41,1.69
1990-09-02,25.22,34.23,17.09,0.0,21.39,2.36
1990-09-03,23.26,29.31,16.73,0.13,32.23,2.89
1990-09-04,20.47,28.47,13.93,0.0,22.0,3.16
1990-09-05,20.17,28.96,12.62,0.0,16.08,2.26
1990-09-06,21.33,29.36,13.4,0.0,15.79,1.94
1990-09-07,23.53,32.45,15.27,0.0,11.91,1.93
1990-09-08,23.42,32.29,14.98,0.0,11.28,1.92
1990-09-09,23.44,31.7,14.8,0.0,11.07,1.96
1990-09-10,22.81,31.56,14.68,0.0,13.01,1.91
1990-09-11,23.51,32.02,15.42,0.0,13.66,1.61
1990-09-12,23.72,32.67,15.74,0.0,14.41,1.92
1990-09-13,24.38,33.24,15.99,0.0,13.85,1.86
1990-09-14,25.66,35.33,17.22,0.0,11.66,1.74
1990-09-15,26.64,35.54,19.53,0.0,10.13,1.83
1990-09-16,26.59,37.06,17.87,0.0,10.25,2.99
1990-09-17,23.12,31.94,16.84,0.0,18.5,2.01
1990-09-18,21.21,29.42,13.81,0.0,22.58,1.89
1990-09-19,21.2,29.99,13.25,0.0,17.06,1.96
1990-09-20,22.89,32.02,13.95,0.0,13.41,1.87
1990-09-21,24.21,32.72,17.52,0.0,13.8,1.76
1990-09-22,24.62,33.77,16.43,0.0,14.63,1.92
1990-09-23,20.04,26.79,14.44,0.0,24.19,1.78
1990-09-24,19.92,28.96,12.59,0.0,20.14,1.9
1990-09-25,20.77,29.42,13.01,0.0,15.65,1.91
1990-09-26,20.89,29.69,13.13,0.0,13.62,1.85
1990-09-27,20.79,29.41,13.11,0.0,13.52,2.03
1990-09-28,20.48,29.23,13.34,0.0,14.29,1.89
1990-09-29,20.9,29.76,12.28,0.01,11.91,1.8
1990-09-30,21.13,29.73,13.78,0.0,11.3,1.97
1990-10-01,21.36,29.7,13.26,0.0,12.18,1.83
1990-10-02,21.95,31.42,14.71,0.0,12.94,2.07
1990-10-03,21.27,28.91,14.98,0.0,15.8,1.9
1990-10-04,21.13,28.87,14.88,0.0,15.81,1.75
1990-10-05,19.57,27.5,12.7,0.29,29.33,2.88
1990-10-06,8.94,13.15,4.52,6.53,59.24,2.18
1990-10-07,10.05,18.51,2.24,0.0,29.94,1.76
1990-10-08,14.11,21.16,8.45,0.0,23.29,1.59
1990-10-09,13.47,20.94,7.56,0.0,33.48,1.69
1990-10-10,17.06,26.4,10.37,0.0,22.69,1.85
1990-10-11,17.04,25.07,9.7,0.0,22.51,1.88
1990-10-12,16.19,20.61,12.55,0.0,25.23,1.26
1990-10-13,17.12,24.75,12.51,0.01,28.32,1.64
1990-10-14,16.37,23.21,10.65,0.0,29.32,2.06
1990-10-15,8.08,16.01,0.57,7.34,59.43,2.27
1990-10-16,3.72,9.76,-1.39,0.04,59.05,1.34
1990-10-17,5.74,12.36,0.8,0.0,48.01,1.35
1990-10-18,4.32,9.89,-1.02,4.01,68.37,3.13
1990-10-19,0.42,6.07,-6.02,0.77,49.42,1.11
1990-10-20,6.06,13.77,-0.23,0.0,36.27,1.24
1990-10-21,9.66,17.29,4.5,0.0,46.82,1.52
1990-10-22,12.22,20.52,6.91,0.0,40.81,1.45
1990-10-23,14.3,22.45,9.4,0.08,34.33,1.33
1990-10-24,15.46,23.32,9.62,0.0,33.67,2.25
1990-10-25,15.24,22.18,10.71,0.18,41.56,2.07
1990-10-26,16.95,24.62,10.42,0.77,39.24,1.95
1990-10-27,13.88,19.84,9.56,0.78,72.45,2.15
1990-10-28,12.25,19.3,8.13,5.5,74.05,1.99
1990-10-29,11.04,13.49,9.38,1.83,78.64,0.9
1990-10-30,8.86,11.58,6.56,18.21,84.6,1.04
1990-10-31,8.75,12.42,5.54,0.17,78.61,1.07
1990-11-01,11.22,17.22,7.35,0.07,67.05,1.47
1990-11-02,10.09,18.25,5.85,7.87,70.89,2.98
1990-11-03,7.63,11.66,4.05,1.16,74.82,2.01
1990-11-04,12.47,20.53,6.53,0.04,56.45,1.62
1990-11-05,13.03,19.44,9.18,0.85,59.61,1.78
1990-11-06,10.94,18.48,6.48,0.01,57.44,1.68
1990-11-07,13.03,21.36,8.55,0.0,35.46,1.44
1990-11-08,14.02,21.23,9.65,0.05,32.99,1.45
1990-11-09,15.05,22.27,10.25,0.0,36.62,1.37
1990-11-10,16.34,24.6,11.49,0.0,39.09,1.85
1990-11-11,12.94,18.06,9.18,0.14,58.87,1.55
1990-11-12,15.08,23.02,9.17,0.68,58.13,1.58
1990-11-13,14.16,21.32,8.36,3.24,60.25,2.07
1990-11-14,4.01,6.87,1.21,8.43,84.86,1.71
1990-11-15,3.36,7.56,0.48,0.0,74.46,0.99
1990-11-16,4.16,9.41,0.93,0.0,68.96,1.05
1990-11-17,1.39,4.45,-2.36,0.1,74.99,1.3
1990-11-18,2.07,6.9,-1.5,0.0,65.92,0.73
1990-11-19,5.31,12.95,0.28,0.0,54.48,1.2
1990-11-20,9.71,19.08,3.9,0.0,41.09,1.56
1990-11-21,10.01,18.05,4.19,0.0,41.44,1.66
1990-11-22,5.31,10.07,-1.51,1.54,66.97,1.95
1990-11-23,4.3,11.14,-2.1,0.0,38.99,1.43
1990-11-24,7.36,12.94,2.75,0.0,32.31,1.08
1990-11-25,8.11,14.5,4.63,0.0,30.86,1.14
1990-11-26,7.49,14.97,3.37,0.0,42.18,1.53
1990-11-27,3.78,7.7,-0.56,0.03,60.87,0.96
1990-11-28,4.25,12.24,-0.97,0.0,53.09,1.34
1990-11-29,6.41,14.17,0.53,0.05,31.78,1.37
1990-11-30,8.16,15.17,3.54,0.0,32.41,1.3
1990-12-01,8.07,16.28,3.76,0.0,38.46,1.54
1990-12-02,7.76,15.97,3.25,0.0,36.87,1.64
1990-12-03,8.78,16.14,4.08,0.0,33.01,1.26
1990-12-04,8.54,14.82,4.07,0.03,44.79,2.11
1990-12-05,9.01,12.83,5.79,0.65,65.69,2.19
1990-12-06,12.39,18.29,8.27,0.35,48.15,1.97
1990-12-07,13.02,18.27,8.71,0.88,53.36,1.3
1990-12-08,5.85,9.8,1.66,2.61,77.49,2.5
1990-12-09,5.27,11.0,1.95,2.92,58.13,1.1
1990-12-10,0.22,4.53,-3.36,5.55,74.29,1.15
1990-12-11,-0.08,5.23,-2.69,0.55,56.4,1.02
1990-12-12,-0.36,3.61,-2.62,0.36,66.04,0.96
1990-12-13,-0.37,4.35,-3.23,1.13,73.42,1.01
1990-12-14,-1.43,3.43,-3.58,0.55,75.85,0.93
1990-12-15,-2.04,1.55,-4.06,0.0,81.92,0.86
1990-12-16,-0.98,3.83,-3.5,0.0,80.38,0.85
1990-12-17,1.93,8.86,-2.58,0.0,57.5,1.49
1990-12-18,5.78,11.59,1.38,0.08,46.06,2.26
1990-12-19,4.76,7.58,3.22,1.83,72.87,1.24
1990-12-20,2.31,4.34,0.52,2.8,86.3,1.28
1990-12-21,3.29,8.07,0.01,0.2,77.89,0.95
1990-12-22,0.19,4.05,-3.25,4.7,82.9,2.43
1990-12-23,-4.55,-1.14,-7.27,1.32,76.48,2.3
1990-12-24,-2.0,1.74,-4.71,0.62,82.58,0.83
1990-12-25,-2.32,1.2,-4.87,1.93,82.74,1.62
1990-12-26,-2.95,0.01,-7.17,11.8,84.01,1.6
1990-12-27,-8.19,-6.7,-9.76,1.92,90.48,1.46
1990-12-28,-9.99,-7.18,-13.7,0.36,90.85,1.27
1990-12-29,-12.28,-6.14,-15.27,0.02,82.12,1.82
1990-12-30,-14.01,-9.31,-17.2,0.04,90.75,1.23
1990-12-31,-12.04,-7.3,-14.73,0.03,86.23,0.86
1991-01-01,-10.19,-4.55,-14.1,0.0,86.13,1.1
1991-01-02,-5.5,-0.18,-9.85,0.0,62.6,1.06
1991-01-03,-1.8,2.32,-5.9,0.0,55.32,1.44
1991-01-04,1.61,5.47,-1.7,0.16,54.79,0.94
1991-01-05,1.78,4.3,0.33,6.05,90.79,1.18
1991-01-06,-1.69,0.2,-5.65,5.6,94.18,2.47
1991-01-07,-1.62,2.0,-5.95,3.15,81.09,2.7
1991-01-08,-5.19,-1.54,-7.91,2.61,81.59,1.7
1991-01-09,-1.74,2.59,-6.81,0.0,46.6,1.12
1991-01-10,-1.16,1.71,-3.29,0.06,54.7,1.06
1991-01-11,-3.2,0.03,-6.36,0.8,78.22,1.18
1991-01-12,-3.55,1.82,-7.06,0.01,73.92,1.19
1991-01-13,-1.49,3.38,-4.15,0.0,60.94,1.1
1991-01-14,0.4,7.42,-4.16,0.0,51.03,1.47
1991-01-15,1.37,8.93,-4.19,0.09,47.47,1.71
1991-01-16,-2.8,-1.11,-4.9,3.55,82.61,1.33
1991-01-17,-2.16,-0.82,-2.99,3.82,87.45,0.63
1991-01-18,-1.18,1.08,-2.61,3.63,89.93,0.68
1991-01-19,-3.93,-1.97,-6.06,8.41,94.49,0.89
1991-01-20,-6.01,-0.58,-9.96,1.3,83.95,1.16
1991-01-21,-5.48,-0.45,-9.89,0.02,60.07,1.04
1991-01-22,-3.17,1.94,-8.65,0.0,67.88,1.29
1991-01-23,-0.26,3.0,-2.49,0.01,59.39,0.88
1991-01-24,1.82,5.48,-1.24,0.15,73.29,1.02
1991-01-25,1.84,5.55,-1.01,3.06,81.81,0.95
1991-01-26,2.43,6.12,0.04,3.11,85.32,1.63
1991-01-27,1.28,4.52,-0.57,3.81,91.01,0.91
1991-01-28,0.85,2.71,-0.36,3.06,95.4,1.77
1991-01-29,0.12,4.8,-3.41,1.21,76.35,1.23
1991-01-30,0.55,7.45,-3.39,0.0,61.76,1.98
1991-01-31,3.52,9.22,-2.21,0.0,44.6,1.4
1991-02-01,6.52,13.46,0.71,0.0,47.94,1.93
1991-02-02,5.81,12.86,1.61,0.0,57.21,1.83
1991-02-03,4.75,10.5,0.0,0.16,72.74,1.86
1991-02-04,5.33,10.92,1.98,0.0,61.39,1.75
1991-02-05,5.47,11.87,1.31,1.58,72.6,1.56
1991-02-06,-0.71,0.88,-3.17,5.98,89.05,2.35
1991-02-07,-2.48,0.56,-4.85,0.88,79.89,1.18
1991-02-08,0.59,6.01,-3.95,0.01,57.46,1.22
1991-02-09,-0.24,1.82,-1.7,0.11,75.72,0.98
1991-02-10,-0.7,3.62,-3.18,0.37,85.14,1.25
1991-02-11,-2.73,-0.98,-4.56,2.11,85.82,1.43
1991-02-12,-3.82,-0.91,-6.85,1.52,84.76,1.85
1991-02-13,-5.5,-0.48,-8.77,0.02,68.86,1.71
1991-02-14,-5.99,-2.9,-8.91,0.36,70.34,1.47
1991-02-15,-6.85,-4.06,-9.69,0.08,73.79,1.98
1991-02-16,-3.88,1.94,-9.02,0.0,57.9,1.88
1991-02-17,-1.19,6.23,-7.36,0.0,37.66,1.41
1991-02-18,0.58,8.34,-4.49,0.0,41.08,1.4
1991-02-19,3.64,12.57,-2.29,0.0,49.95,2.29
1991-02-20,8.52,17.03,2.79,0.0,52.69,1.38
1991-02-21,10.42,18.98,4.36,0.0,44.91,1.47
1991-02-22,10.96,19.69,5.76,0.0,47.44,1.74
1991-02-23,3.63,7.89,1.21,0.0,76.9,1.54
1991-02-24,1.98,5.03,0.07,1.28,88.45,1.15
1991-02-25,-1.88,-0.06,-4.59,9.12,91.76,1.69
1991-02-26,-1.8,3.66,-5.44,0.25,81.25,1.32
1991-02-27,1.37,8.11,-3.23,0.0,61.99,1.29
1991-02-28,6.24,14.58,0.35,0.0,50.89,1.48
1991-03-01,9.61,17.47,4.73,0.59,50.38,1.59
1991-03-02,5.39,8.12,2.74,3.53,84.94,1.12
1991-03-03,3.31,6.46,-0.34,0.62,83.67,1.51
1991-03-04,0.47,3.8,-1.47,0.68,77.47,1.66
1991-03-05,0.5,4.48,-2.73,0.4,69.09,1.19
1991-03-06,3.45,10.78,-2.96,0.1,56.71,1.59
1991-03-07,6.06,10.91,1.88,0.06,64.23,1.45
1991-03-08,2.5,4.81,1.0,9.98,90.56,1.96
1991-03-09,-1.25,2.81,-4.74,5.18,86.29,1.96
1991-03-10,1.07,6.9,-3.08,0.06,72.37,0.87
1991-03-11,3.73,9.46,-0.51,0.69,76.71,1.34
1991-03-12,-1.1,1.18,-2.86,3.0,71.89,2.23
1991-03-13,1.71,8.72,-4.21,0.0,60.05,1.37
1991-03-14,7.57,16.4,-0.52,0.0,49.96,1.41
1991-03-15,10.41,17.03,6.48,0.0,65.1,1.47
1991-03-16,6.5,9.92,3.49,3.05,87.83,1.98
1991-03-17,2.53,6.01,0.49,10.25,88.13,1.12
1991-03-18,3.57,9.7,-0.75,0.18,76.33,1.42
1991-03-19,7.61,14.07,2.03,0.04,58.58,1.14
1991-03-20,4.29,6.24,-0.85,10.56,87.62,1.8
1991-03-21,3.65,10.57,-0.88,0.18,59.41,1.85
1991-03-22,4.13,9.33,-0.97,0.0,56.42,1.24
1991-03-23,6.15,12.14,0.86,0.0,60.19,1.24
1991-03-24,7.99,14.64,2.37,0.0,61.58,1.52
1991-03-25,7.72,14.42,3.17,0.0,55.65,1.91
1991-03-26,9.47,17.34,3.3,0.0,48.35,1.67
1991-03-27,12.71,21.28,6.02,0.0,47.06,1.63
1991-03-28,13.0,17.81,8.91,0.0,53.06,1.49
1991-03-29,12.98,14.93,10.67,2.2,63.44,1.9
1991-03-30,13.21,19.84,7.17,1.17,70.65,1.74
1991-03-31,14.76,20.97,10.45,0.0,60.12,1.5
1991-04-01,15.28,21.68,10.2,0.0,60.33,1.67
1991-04-02,14.28,19.12,10.29,0.0,64.61,1.42
1991-04-03,13.6,20.07,8.48,0.0,62.94,1.73
1991-04-04,15.89,22.94,10.53,0.0,58.38,1.24
1991-04-05,17.93,25.26,11.29,0.0,49.12,1.6
1991-04-06,13.85,16.5,10.21,1.53,81.6,2.23
1991-04-07,11.12,14.78,7.71,2.21,86.5,1.94
1991-04-08,11.52,16.26,7.17,0.39,69.88,1.57
1991-04-09,9.65,12.21,7.53,9.37,79.81,1.4
1991-04-10,11.02,16.8,7.33,2.59,76.96,0.98
1991-04-11,13.76,20.84,7.22,0.0,58.16,1.58
1991-04-12,14.04,18.56,10.32,2.2,67.62,1.54
1991-04-13,11.23,14.72,8.29,10.77,82.21,2.15
1991-04-14,9.8,14.76,4.94,1.73,69.61,2.1
1991-04-15,7.24,12.25,2.47,0.2,59.6,1.57
1991-04-16,7.74,14.11,1.8,0.0,53.5,1.6
1991-04-17,11.39,17.92,4.38,0.0,49.88,1.28
1991-04-18,13.9,21.4,7.29,0.0,46.93,1.32
1991-04-19,15.92,22.87,9.46,0.0,41.71,1.33
1991-04-20,18.23,24.58,13.52,0.0,41.58,1.32
1991-04-21,17.8,24.02,12.22,0.0,45.65,1.57
1991-04-22,17.87,25.03,11.02,0.0,48.73,1.9
1991-04-23,19.48,25.84,12.87,0.0,46.75,1.35
1991-04-24,18.83,25.34,13.25,0.12,52.89,1.58
1991-04-25,19.44,26.16,12.91,0.18,49.24,2.12
1991-04-26,18.29,25.15,11.92,1.66,51.96,1.55
1991-04-27,16.52,21.04,12.1,5.49,63.32,1.46
1991-04-28,17.85,24.89,11.49,0.36,51.51,1.82
1991-04-29,18.58,25.32,11.16,1.1,46.41,1.3
1991-04-30,18.72,26.26,11.19,0.0,43.5,1.9
1991-05-01,14.87,19.91,10.68,0.86,63.78,1.56
1991-05-02,16.35,24.12,10.11,0.01,51.29,2.09
1991-05-03,14.98,22.69,7.17,0.05,50.17,2.35
1991-05-04,10.66,18.68,2.06,0.0,48.57,1.73
1991-05-05,14.99,23.94,4.88,0.0,35.01,1.76
1991-05-06,18.38,26.23,12.33,0.0,33.14,1.67
1991-05-07,19.31,27.53,10.04,0.0,39.39,1.64
1991-05-08,20.4,27.85,13.83,0.01,46.42,1.69
1991-05-09,19.95,25.96,14.3,0.43,54.61,1.28
1991-05-10,20.98,27.84,15.05,0.29,49.86,1.36
1991-05-11,22.13,29.56,14.73,0.03,44.06,1.94
1991-05-12,20.58,26.5,13.71,2.85,49.02,2.18
1991-05-13,16.5,23.04,12.71,6.02,71.21,2.08
1991-05-14,17.35,24.07,12.61,2.31,66.79,1.81
1991-05-15,20.61,27.94,12.56,0.32,49.74,1.4
1991-05-16,18.32,23.82,14.08,0.77,59.78,2.4
1991-05-17,19.69,27.04,13.37,0.51,59.25,1.67
1991-05-18,19.05,24.49,14.09,2.38,71.32,1.53
1991-05-19,17.05,21.57,13.42,4.22,70.91,1.57
1991-05-20,18.15,24.08,13.42,4.5,61.07,1.31
1991-05-21,17.98,22.42,13.49,7.97,65.28,1.2
1991-05-22,19.23,26.51,11.33,2.27,52.79,1.38
1991-05-23,21.5,28.62,14.94,0.06,41.49,1.79
1991-05-24,17.99,21.7,13.82,10.75,62.75,1.97
1991-05-25,17.92,22.44,12.84,1.94,58.76,1.53
1991-05-26,17.76,22.22,13.86,3.42,65.07,1.78
1991-05-27,20.13,26.51,13.54,0.45,51.88,1.43
1991-05-28,21.95,28.99,14.42,0.09,46.88,1.76
1991-05-29,23.02,30.71,15.32,0.02,44.83,1.48
1991-05-30,23.7,30.75,16.89,0.2,44.42,1.34
1991-05-31,23.99,32.11,15.63,0.0,39.98,1.73
1991-06-01,25.08,33.63,17.21,0.0,34.69,2.1
1991-06-02,26.22,34.52,18.63,0.0,31.74,2.1
1991-06-03,27.9,36.64,17.7,0.0,31.07,1.47
1991-06-04,26.51,34.89,20.49,0.0,34.98,2.85
1991-06-05,27.8,36.05,20.48,0.69,37.95,2.72
1991-06-06,26.47,35.3,17.65,1.98,46.11,2.17
1991-06-07,20.35,26.71,14.68,0.01,50.35,1.95
1991-06-08,22.45,30.05,13.96,0.41,35.86,2.2
1991-06-09,23.99,30.97,17.69,0.33,38.34,1.76
1991-06-10,23.31,30.71,16.95,0.61,43.27,1.88
1991-06-11,22.66,29.21,15.88,1.52,47.0,1.33
1991-06-12,25.46,33.51,17.56,0.0,36.56,1.32
1991-06-13,28.4,37.46,19.66,0.0,29.35,1.19
1991-06-14,30.11,38.85,21.25,0.62,24.77,1.09
1991-06-15,26.81,32.15,21.74,0.83,37.72,1.85
1991-06-16,27.19,34.85,21.39,6.43,40.76,3.17
1991-06-17,26.24,32.92,20.06,1.22,43.57,2.32
1991-06-18,26.25,33.86,18.02,0.13,37.62,2.91
1991-06-19,25.25,32.73,17.59,0.09,34.79,2.52
1991-06-20,24.29,31.48,17.2,0.0,28.67,2.28
1991-06-21,25.13,33.02,17.36,0.0,26.1,2.08
1991-06-22,24.69,31.66,17.68,0.0,28.49,2.7
1991-06-23,21.94,29.01,15.15,0.39,30.76,1.93
1991-06-24,19.92,24.49,15.13,0.75,41.34,1.65
1991-06-25,21.63,27.57,14.52,1.62,38.31,1.22
1991-06-26,23.63,30.43,16.08,0.0,35.09,1.32
1991-06-27,25.49,33.19,17.04,0.0,27.87,1.39
1991-06-28,26.64,34.17,17.84,0.01,24.52,1.77
1991-06-29,27.42,35.22,19.27,0.0,24.32,1.98
1991-06-30,28.61,36.68,19.61,0.0,23.39,1.57
1991-07-01,30.35,38.22,20.82,0.0,19.03,1.62
1991-07-02,30.1,37.9,22.07,0.2,22.18,2.66
1991-07-03,29.58,37.37,21.89,0.0,20.83,2.72
1991-07-04,29.75,38.08,20.81,0.0,16.91,1.91
1991-07-05,29.63,36.76,23.0,0.0,18.31,1.9
1991-07-06,30.76,38.13,23.67,0.23,17.56,1.52
1991-07-07,31.43,39.31,22.16,0.0,19.3,2.11
1991-07-08,32.77,41.02,23.32,0.0,18.1,1.75
1991-07-09,31.89,40.95,24.98,0.02,20.83,2.99
1991-07-10,29.21,36.11,22.82,0.01,26.5,3.2
1991-07-11,25.75,34.22,19.73,0.42,25.39,2.87
1991-07-12,24.14,30.31,18.74,0.89,29.83,2.12
1991-07-13,24.9,33.07,16.18,0.0,20.87,2.15
1991-07-14,27.12,35.27,18.27,0.0,17.04,1.92
1991-07-15,28.63,35.88,22.18,0.98,17.79,1.65
1991-07-16,28.48,35.31,20.91,0.0,22.4,2.02
1991-07-17,25.68,31.17,20.58,3.4,31.39,2.17
1991-07-18,26.17,33.69,19.16,0.0,27.05,2.43
1991-07-19,28.41,37.25,19.7,0.0,22.74,2.08
1991-07-20,29.06,37.19,20.91,0.0,23.67,2.98
1991-07-21,27.69,35.25,20.13,0.0,23.26,2.83
1991-07-22,27.55,34.6,20.36,0.0,24.5,2.28
1991-07-23,27.67,34.26,20.46,0.0,28.32,2.57
1991-07-24,28.96,36.2,21.58,0.0,25.37,2.01
1991-07-25,29.78,37.04,22.97,0.05,24.91,1.89
1991-07-26,29.81,37.19,22.09,0.01,24.07,1.8
1991-07-27,30.45,37.5,24.07,0.03,22.65,1.81
1991-07-28,30.78,38.43,22.29,0.0,21.96,2.18
1991-07-29,32.1,39.23,24.92,0.0,20.24,1.67
1991-07-30,31.94,39.83,23.93,0.0,20.81,2.11
1991-07-31,30.68,37.99,23.8,0.11,21.9,2.77
1991-08-01,27.96,34.54,21.16,0.01,21.27,3.2
1991-08-02,27.68,36.11,19.75,0.0,19.14,1.94
1991-08-03,28.6,35.97,20.84,0.0,17.24,3.64
1991-08-04,29.16,37.39,20.92,0.0,15.76,2.94
1991-08-05,29.03,37.12,20.83,0.0,14.02,2.89
1991-08-06,26.36,33.88,18.54,0.01,11.2,2.24
1991-08-07,24.64,31.14,19.26,0.01,14.58,2.72
1991-08-08,23.48,29.9,17.9,0.03,16.02,1.79
1991-08-09,25.01,33.58,17.53,0.0,16.56,2.13
1991-08-10,25.35,33.21,18.92,0.0,15.17,1.93
1991-08-11,26.16,35.16,17.61,0.0,13.13,1.72
1991-08-12,28.31,36.51,20.86,0.0,13.55,1.83
1991-08-13,29.39,36.65,22.51,0.0,16.66,2.15
1991-08-14,29.76,38.08,21.57,0.0,20.2,2.99
1991-08-15,29.08,37.17,21.83,0.0,22.08,2.11
1991-08-16,29.91,38.14,22.07,0.0,20.46,2.31
1991-08-17,29.79,37.83,22.45,0.0,20.22,2.83
1991-08-18,28.71,35.74,21.58,0.0,23.98,2.97
1991-08-19,28.0,35.41,22.1,0.0,23.6,3.2
1991-08-20,22.36,28.79,16.37,0.01,21.39,4.12
1991-08-21,20.91,28.77,13.26,0.0,19.87,3.5
1991-08-22,20.49,30.03,11.9,0.0,22.18,2.57
1991-08-23,22.06,31.49,12.75,0.0,14.79,2.04
1991-08-24,24.76,33.97,16.9,0.0,9.35,2.28
1991-08-25,25.79,35.06,16.06,0.0,8.78,2.17
1991-08-26,28.01,37.53,19.43,0.0,7.11,2.01
1991-08-27,28.41,37.21,21.2,0.0,7.04,2.16
1991-08-28,26.42,33.89,19.39,0.0,11.69,2.6
1991-08-29,25.12,34.08,17.45,0.0,17.41,2.3
1991-08-30,25.36,34.17,18.04,0.0,16.49,1.96
1991-08-31,25.87,34.4,17.35,0.0,13.33,1.83
1991-09-01,25.47,34.18,16.93,0.0,12.93,2.0
1991-09-02,25.73,33.83,18.73,0.0,14.67,2.07
1991-09-03,27.41,36.6,19.46,0.0,13.81,1.98
1991-09-04,28.25,36.89,20.5,0.0,14.35,2.91
1991-09-05,22.94,30.81,17.3,0.0,20.93,2.42
1991-09-06,22.42,30.22,16.13,0.0,16.63,1.85
1991-09-07,22.51,29.98,16.42,0.0,20.69,1.61
1991-09-08,24.06,32.22,17.37,0.0,17.21,1.54
1991-09-09,24.92,33.45,16.83,0.0,13.25,1.68
1991-09-10,25.65,34.8,17.71,0.0,14.26,2.16
1991-09-11,24.51,32.78,17.05,0.0,17.79,2.5
1991-09-12,21.06,29.58,15.37,0.0,20.26,2.11
1991-09-13,21.37,30.49,12.78,0.0,16.25,1.82
1991-09-14,22.13,30.64,14.52,0.0,11.33,1.96
1991-09-15,22.31,30.57,14.4,0.0,14.37,2.05
1991-09-16,19.6,25.71,14.18,0.0,23.51,2.6
1991-09-17,14.4,19.47,8.84,0.0,26.92,2.03
1991-09-18,13.63,20.84,7.39,0.0,23.22,2.03
1991-09-19,16.44,24.84,8.51,0.0,17.85,1.82
1991-09-20,19.62,26.92,14.45,0.0,14.86,1.46
1991-09-21,21.63,29.67,15.55,0.0,11.82,1.75
1991-09-22,23.99,32.15,18.01,0.0,10.94,1.6
1991-09-23,25.85,34.77,17.7,0.0,13.99,1.66
1991-09-24,22.38,29.55,17.04,0.01,21.6,2.05
1991-09-25,20.67,28.08,14.6,0.05,33.03,2.72
1991-09-26,16.71,22.28,12.62,2.55,53.96,2.39
1991-09-27,15.34,21.34,10.5,1.05,44.41,2.72
1991-09-28,14.24,20.32,10.22,0.03,43.69,1.97
1991-09-29,12.11,15.53,8.9,0.26,62.15,1.64
1991-09-30,14.62,20.22,9.71,0.13,55.35,1.53
1991-10-01,15.86,20.57,11.84,0.31,53.95,1.67
1991-10-02,15.61,19.81,11.96,0.68,45.26,1.3
1991-10-03,15.83,21.91,10.36,0.13,44.34,1.46
1991-10-04,17.85,24.9,12.87,0.0,36.66,1.65
1991-10-05,18.47,25.39,12.9,0.0,28.05,1.58
1991-10-06,19.11,25.24,14.92,0.09,25.41,1.82
1991-10-07,16.94,22.62,12.35,0.3,28.7,2.2
1991-10-08,14.99,21.35,8.51,0.16,30.44,1.95
1991-10-09,15.89,22.88,10.71,0.0,28.24,2.53
1991-10-10,14.44,20.52,8.59,1.19,34.12,2.64
1991-10-11,8.35,11.19,4.62,2.25,65.1,2.06
1991-10-12,8.75,15.66,3.78,0.0,47.2,1.69
1991-10-13,8.59,14.05,4.98,0.01,46.28,1.87
1991-10-14,9.24,16.05,4.27,0.0,45.98,1.26
1991-10-15,10.82,18.98,5.52,0.0,33.59,1.8
1991-10-16,12.2,18.64,7.84,0.0,31.7,1.17
1991-10-17,13.54,20.87,8.12,0.0,30.45,1.54
1991-10-18,13.41,20.66,8.61,0.0,29.41,1.62
1991-10-19,13.99,21.91,9.38,0.0,27.72,1.38
1991-10-20,14.93,22.94,9.79,0.0,22.9,1.57
1991-10-21,15.06,23.28,10.0,0.0,23.94,1.69
1991-10-22,15.65,25.34,9.33,0.0,25.03,1.81
1991-10-23,15.68,24.64,10.24,0.0,23.18,1.75
1991-10-24,16.32,24.13,11.95,0.0,20.37,1.55
1991-10-25,16.88,25.22,12.15,0.0,20.14,1.51
1991-10-26,15.6,23.76,10.45,0.0,22.74,1.61
1991-10-27,15.44,24.06,9.92,0.0,23.05,1.75
1991-10-28,14.27,22.34,9.0,0.0,25.32,1.73
1991-10-29,14.13,21.52,9.15,0.0,24.95,1.48
1991-10-30,14.23,22.24,8.65,0.0,22.18,1.5
1991-10-31,15.61,23.46,10.24,0.0,18.95,1.51
1991-11-01,14.01,22.24,8.88,0.0,22.3,1.74
1991-11-02,12.71,19.7,8.22,0.04,24.47,1.41
1991-11-03,6.06,10.49,0.8,7.83,67.62,1.69
1991-11-04,4.53,12.5,-1.26,0.76,51.28,1.62
1991-11-05,10.09,18.78,4.17,0.0,27.92,1.6
1991-11-06,12.21,19.34,8.2,0.0,33.94,1.17
1991-11-07,12.74,17.86,8.39,0.0,36.39,1.32
1991-11-08,9.66,15.45,6.41,0.0,46.61,1.41
1991-11-09,9.06,14.89,5.67,0.0,56.93,1.24
1991-11-10,8.65,14.45,5.92,0.0,63.77,1.03
1991-11-11,7.71,9.58,6.72,0.07,74.2,0.58
1991-11-12,8.92,14.84,4.63,0.02,71.3,1.32
1991-11-13,10.12,15.73,6.55,0.01,54.91,1.23
1991-11-14,7.5,12.63,4.14,0.02,69.4,1.14
1991-11-15,9.32,15.01,5.23,0.0,56.49,1.28
1991-11-16,9.62,15.22,5.92,0.0,48.66,1.46
1991-11-17,5.85,8.7,3.06,0.09,75.67,1.11
1991-11-18,8.39,14.34,4.73,0.2,65.42,1.08
1991-11-19,9.18,15.51,4.83,1.7,71.94,1.4
1991-11-20,5.17,13.92,-0.55,4.57,75.81,2.43
1991-11-21,1.32,5.5,-2.36,6.13,64.54,1.96
1991-11-22,1.57,5.79,-1.35,0.26,69.76,1.35
1991-11-23,1.69,5.19,-1.14,0.22,68.86,0.95
1991-11-24,3.16,9.62,-1.46,0.11,73.54,1.33
1991-11-25,6.74,13.24,3.19,0.0,51.1,1.15
1991-11-26,5.44,12.02,2.09,0.03,49.12,1.34
1991-11-27,4.02,9.82,1.18,0.06,60.97,0.98
1991-11-28,1.57,5.72,-0.49,0.15,80.52,1.18
1991-11-29,1.31,6.06,-1.47,0.28,81.29,0.95
1991-11-30,3.85,9.58,1.16,0.0,64.61,1.1
1991-12-01,5.24,13.02,1.38,0.0,48.88,1.45
1991-12-02,8.77,18.14,2.23,0.18,44.85,2.11
1991-12-03,6.45,8.75,5.1,3.78,89.23,1.21
1991-12-04,7.04,11.57,4.95,1.94,84.43,1.08
1991-12-05,9.42,17.07,4.08,1.53,57.46,1.57
1991-12-06,7.38,10.3,3.52,8.79,83.05,2.52
1991-12-07,4.25,8.81,1.54,7.23,85.5,1.06
1991-12-08,5.88,12.69,1.8,0.0,52.26,1.17
1991-12-09,7.54,14.69,4.28,0.05,53.95,1.55
1991-12-10,8.72,15.37,4.27,3.92,60.66,3.1
1991-12-11,6.52,8.71,5.28,5.44,88.21,2.66
1991-12-12,6.19,9.38,3.56,1.92,80.39,1.15
1991-12-13,2.72,7.01,-2.71,20.52,92.97,1.47
1991-12-14,-0.77,3.44,-3.92,0.87,86.48,1.0
1991-12-15,2.12,4.16,-0.77,15.18,84.92,0.98
1991-12-16,3.11,6.1,1.52,7.85,92.94,1.78
1991-12-17,-2.26,2.53,-6.92,4.11,92.1,1.29
1991-12-18,-3.94,1.06,-7.19,0.0,73.62,1.8
1991-12-19,-3.99,-0.71,-6.45,0.0,80.02,1.6
1991-12-20,-2.55,2.51,-5.5,0.0,60.66,1.04
1991-12-21,-3.16,1.1,-6.93,0.0,68.63,0.6
1991-12-22,-0.68,3.61,-3.12,0.01,64.55,0.88
1991-12-23,0.04,5.02,-3.95,0.0,50.24,1.06
1991-12-24,-2.94,1.8,-5.49,0.0,79.22,0.92
1991-12-25,-3.4,0.54,-6.4,0.0,76.62,0.8
1991-12-26,-0.3,6.1,-5.24,0.0,58.38,1.36
1991-12-27,-0.53,1.05,-1.69,0.4,76.39,1.29
1991-12-28,0.94,6.93,-2.7,0.06,70.54,1.16
1991-12-29,1.18,4.43,-0.88,1.31,69.22,2.16
1991-12-30,-0.21,0.5,-1.21,11.36,94.99,1.75
1991-12-31,-1.65,0.57,-5.28,11.15,93.62,2.0
1992-01-01,0.56,4.25,-3.72,1.03,75.29,1.78
1992-01-02,0.7,2.15,-1.44,4.95,87.21,2.63
1992-01-03,1.31,4.64,-2.87,0.08,69.68,2.05
1992-01-04,0.94,3.74,-2.95,2.87,89.72,2.06
1992-01-05,-2.61,1.11,-4.69,0.84,84.02,1.84
1992-01-06,-1.53,3.54,-5.36,0.05,67.5,1.48
1992-01-07,-1.97,0.12,-4.03,0.22,85.1,2.09
1992-01-08,0.08,3.46,-2.14,0.03,72.59,1.2
1992-01-09,-2.57,-0.16,-6.09,3.39,91.82,1.41
1992-01-10,-5.78,-2.36,-7.89,0.74,89.34,1.16
1992-01-11,-4.74,1.04,-8.4,0.0,70.25,1.04
1992-01-12,-0.27,5.32,-5.33,0.0,61.33,1.51
1992-01-13,1.38,6.03,-1.24,0.0,56.96,1.19
1992-01-14,2.79,7.32,-0.28,0.24,65.52,1.63
1992-01-15,3.01,7.19,0.37,0.86,88.9,1.48
1992-01-16,3.61,10.07,-0.45,0.2,72.85,1.51
1992-01-17,6.03,11.95,0.91,0.28,68.27,2.36
1992-01-18,4.64,8.71,0.46,3.12,83.95,1.83
1992-01-19,5.44,12.31,0.24,0.11,69.46,1.7
1992-01-20,7.42,13.94,2.44,0.0,55.12,1.46
1992-01-21,7.36,12.6,3.68,0.0,57.45,1.07
1992-01-22,6.97,11.63,3.33,0.16,56.21,1.07
1992-01-23,2.48,4.94,0.81,5.08,88.87,1.29
1992-01-24,-0.03,2.32,-2.33,6.97,91.87,1.43
1992-01-25,-1.95,0.98,-4.16,1.81,86.13,1.4
1992-01-26,-1.77,2.31,-3.97,0.65,85.83,1.96
1992-01-27,-4.39,-2.54,-5.55,0.57,86.24,1.91
1992-01-28,-3.48,-0.38,-5.45,0.04,81.76,1.3
1992-01-29,-3.77,-2.33,-4.9,1.08,89.13,1.28
1992-01-30,-2.18,3.25,-4.97,0.2,74.37,1.06
1992-01-31,1.42,8.92,-3.49,0.5,55.76,1.45
1992-02-01,2.42,6.04,0.29,1.39,80.83,1.53
1992-02-02,3.5,8.27,0.32,0.05,79.31,1.23
1992-02-03,3.94,10.89,-0.9,0.0,65.43,1.54
1992-02-04,4.61,11.53,0.59,0.0,55.44,1.64
1992-02-05,5.64,13.32,1.29,0.0,55.24,1.6
1992-02-06,4.13,7.64,1.43,0.16,65.42,1.55
1992-02-07,3.09,8.28,0.74,0.67,82.43,1.4
1992-02-08,4.85,10.58,1.39,0.01,58.89,1.41
1992-02-09,6.06,11.8,2.64,0.38,61.51,2.17
1992-02-10,4.4,8.53,2.26,2.39,85.92,1.4
1992-02-11,5.47,11.52,1.78,1.03,73.84,1.55
1992-02-12,-0.17,4.84,-5.48,7.34,83.88,2.91
1992-02-13,-2.38,1.63,-5.78,0.24,69.14,1.93
1992-02-14,0.54,6.06,-4.7,0.0,55.09,1.26
1992-02-15,4.19,9.44,0.28,0.51,59.52,1.47
1992-02-16,1.72,4.24,-0.62,1.28,78.46,1.16
1992-02-17,0.35,5.27,-2.78,0.13,71.45,1.19
1992-02-18,2.26,9.95,-2.89,0.0,48.71,1.68
1992-02-19,3.23,8.83,-0.96,0.0,42.2,1.5
1992-02-20,5.32,12.63,-0.73,0.0,50.78,1.71
1992-02-21,7.12,14.78,2.36,0.0,50.03,1.57
1992-02-22,5.13,11.08,2.41,2.19,71.44,1.89
1992-02-23,8.48,17.17,1.29,1.86,65.81,1.92
1992-02-24,11.24,18.18,7.5,0.02,53.4,3.03
1992-02-25,10.85,15.8,7.33,1.82,75.71,4.13
1992-02-26,4.83,9.49,-1.38,17.52,92.85,1.89
1992-02-27,-2.58,-0.42,-5.98,1.64,83.53,1.72
1992-02-28,-3.41,-0.25,-5.52,0.08,79.08,1.39
1992-02-29,-2.18,2.04,-5.22,0.15,72.58,1.16
1992-03-01,1.31,6.12,-3.61,0.0,61.65,1.35
1992-03-02,1.96,3.58,-0.01,2.79,73.42,1.41
1992-03-03,-0.68,0.65,-2.44,0.91,88.23,1.14
1992-03-04,0.12,4.02,-2.46,0.31,71.62,1.14
1992-03-05,2.33,8.14,-2.12,0.0,59.48,1.28
1992-03-06,4.63,12.24,-1.2,0.0,54.61,1.47
1992-03-07,6.15,12.25,1.18,0.06,53.16,1.45
1992-03-08,3.83,6.94,1.92,7.24,92.08,1.88
1992-03-09,2.34,5.74,-0.55,1.14,77.56,1.42
1992-03-10,2.87,7.86,-0.87,1.02,72.73,2.61
1992-03-11,-1.97,-0.72,-3.52,4.69,85.98,1.86
1992-03-12,-1.99,-0.24,-3.78,0.22,76.34,0.82
1992-03-13,0.08,4.69,-4.47,0.03,60.78,1.08
1992-03-14,1.87,8.92,-4.45,0.0,51.62,1.28
1992-03-15,5.2,11.15,0.62,0.48,61.4,2.21
1992-03-16,8.13,14.3,3.76,0.02,61.67,1.51
1992-03-17,6.56,11.99,1.39,1.69,64.52,1.55
1992-03-18,4.19,9.75,-0.45,0.11,62.55,1.46
1992-03-19,2.96,8.65,-1.22,0.0,56.02,1.16
1992-03-20,2.05,8.26,-3.7,0.0,61.05,1.47
1992-03-21,4.3,11.93,-2.58,0.0,55.12,1.48
1992-03-22,6.81,13.5,1.36,0.0,50.94,1.35
1992-03-23,8.71,13.48,4.25,0.01,50.32,1.43
1992-03-24,6.98,10.95,4.64,1.96,81.06,1.0
1992-03-25,8.75,14.51,4.51,0.01,69.86,1.36
1992-03-26,3.34,6.23,1.23,5.36,90.99,2.45
1992-03-27,4.14,8.54,0.51,2.13,74.26,1.47
1992-03-28,6.08,13.0,-0.23,0.0,62.16,1.95
1992-03-29,8.46,15.31,2.93,0.0,50.61,1.45
1992-03-30,10.11,16.53,4.26,0.16,55.38,1.33
1992-03-31,12.16,19.21,6.44,1.71,65.23,2.62
1992-04-01,12.77,18.14,8.71,1.52,71.06,2.09
1992-04-02,9.59,13.1,6.32,8.92,85.55,0.91
1992-04-03,11.29,17.13,5.8,0.58,69.27,1.31
1992-04-04,9.23,12.76,4.44,2.2,78.12,1.39
1992-04-05,10.13,18.37,3.03,0.0,58.46,2.08
1992-04-06,8.88,12.14,5.27,0.02,65.76,1.72
1992-04-07,8.61,13.19,4.86,0.17,72.29,1.92
1992-04-08,10.47,17.76,4.85,0.0,50.09,2.1
1992-04-09,12.82,21.24,5.01,0.0,47.41,1.55
1992-04-10,13.97,19.96,8.31,0.0,46.39,1.64
1992-04-11,13.63,19.86,9.02,0.22,66.88,2.09
1992-04-12,13.61,19.82,7.6,0.33,61.09,1.0
1992-04-13,16.79,24.43,9.91,0.0,52.48,1.74
1992-04-14,18.67,26.22,11.98,0.0,51.35,1.79
1992-04-15,20.0,26.78,13.02,0.0,50.54,1.44
1992-04-16,14.94,18.39,10.16,6.65,80.63,2.29
1992-04-17,8.88,12.56,5.86,4.24,77.29,1.71
1992-04-18,11.81,18.75,5.76,0.0,56.51,1.73
1992-04-19,14.7,21.41,8.77,0.0,51.17,1.63
1992-04-20,14.38,19.42,9.06,0.0,63.04,1.5
1992-04-21,14.47,19.88,8.64,0.0,64.67,1.48
1992-04-22,16.11,22.94,8.86,0.0,65.03,1.52
1992-04-23,19.36,24.93,13.19,0.15,56.67,1.37
1992-04-24,11.71,13.87,8.73,4.21,80.59,2.11
1992-04-25,15.61,23.43,8.92,0.4,65.32,1.57
1992-04-26,17.83,23.29,12.82,5.52,66.85,2.03
1992-04-27,18.01,23.79,12.43,0.18,64.0,1.47
1992-04-28,16.54,23.65,12.32,9.98,77.02,2.17
1992-04-29,13.96,19.14,10.22,4.73,73.9,2.14
1992-04-30,13.65,19.83,8.45,1.51,62.31,2.21
1992-05-01,9.94,14.45,5.8,2.57,68.4,1.63
1992-05-02,6.56,10.54,1.69,4.63,73.59,1.93
1992-05-03,5.18,11.97,-1.45,0.02,54.42,2.85
1992-05-04,9.11,16.36,0.87,0.0,51.62,1.36
1992-05-05,12.14,18.69,6.36,0.36,52.12,1.68
1992-05-06,8.46,11.92,5.58,5.94,74.65,2.45
1992-05-07,11.65,18.73,4.39,1.25,50.77,1.9
1992-05-08,13.13,16.46,9.46,0.0,52.11,1.08
1992-05-09,15.82,22.76,8.3,0.0,55.27,1.39
1992-05-10,18.63,24.46,13.63,0.0,52.02,1.38
1992-05-11,19.94,25.89,14.18,2.05,59.76,1.65
1992-05-12,19.84,25.8,15.14,0.81,66.78,2.08
1992-05-13,20.04,26.45,14.9,1.74,66.54,1.64
1992-05-14,21.68,27.43,16.82,2.02,62.24,1.26
1992-05-15,17.2,19.51,14.58,2.84,77.66,1.02
1992-05-16,16.54,20.84,12.53,6.19,78.96,1.53
1992-05-17,15.11,18.72,12.58,16.82,85.84,1.25
1992-05-18,16.72,19.78,12.74,0.14,76.27,0.88
1992-05-19,18.48,22.86,13.04,0.24,64.31,1.1
1992-05-20,19.51,24.69,13.85,3.03,61.19,1.44
1992-05-21,18.78,24.34,13.01,0.14,60.15,1.96
1992-05-22,18.55,24.76,12.6,0.0,58.07,1.99
1992-05-23,20.12,27.11,13.29,0.08,54.13,1.51
1992-05-24,22.19,28.98,14.7,0.26,48.12,1.25
1992-05-25,17.69,22.55,11.98,4.96,68.75,1.94
1992-05-26,14.2,20.1,7.39,0.51,57.2,2.16
1992-05-27,13.43,21.03,5.67,0.02,45.99,2.33
1992-05-28,17.04,24.31,8.91,0.0,44.92,1.55
1992-05-29,18.93,26.33,12.25,0.0,45.31,1.65
1992-05-30,20.29,27.14,13.55,0.0,42.14,1.13
1992-05-31,21.95,29.38,14.57,0.0,40.36,1.28
1992-06-01,21.71,28.48,15.6,0.02,43.07,1.58
1992-06-02,21.8,27.69,15.25,2.4,53.76,1.44
1992-06-03,23.46,30.81,15.8,0.0,43.49,1.6
1992-06-04,25.54,33.01,17.76,0.0,42.33,1.65
1992-06-05,24.13,32.0,18.03,2.82,49.5,2.5
1992-06-06,21.55,28.1,15.28,0.84,53.92,2.19
1992-06-07,20.95,27.84,14.51,0.0,48.94,2.0
1992-06-08,21.66,29.49,13.63,0.0,45.35,1.44
1992-06-09,22.89,30.27,16.4,0.02,43.01,1.98
1992-06-10,23.23,30.87,16.07,0.47,41.83,2.11
1992-06-11,23.63,31.03,15.44,0.0,38.07,2.11
1992-06-12,23.1,28.98,17.12,0.21,38.36,1.88
1992-06-13,21.33,25.99,16.85,0.08,44.45,1.48
1992-06-14,18.62,23.71,14.41,1.48,61.04,1.54
1992-06-15,20.1,27.54,12.95,0.4,46.95,2.26
1992-06-16,20.32,28.27,12.99,0.0,32.5,2.64
1992-06-17,20.46,29.15,11.09,0.0,33.13,2.36
1992-06-18,23.22,32.74,13.27,0.0,31.92,1.62
1992-06-19,26.23,34.53,17.19,0.0,26.41,1.66
1992-06-20,27.19,35.34,19.15,0.02,24.42,1.71
1992-06-21,27.69,34.95,20.71,4.24,31.4,1.93
1992-06-22,25.2,32.75,17.95,3.03,40.07,2.03
1992-06-23,25.93,33.2,19.71,1.19,38.55,1.8
1992-06-24,25.79,32.96,17.27,0.3,37.59,1.58
1992-06-25,26.61,34.31,17.59,0.06,33.61,1.61
1992-06-26,27.46,35.78,18.45,0.0,29.78,2.14
1992-06-27,28.46,36.12,20.15,0.0,27.52,1.57
1992-06-28,29.53,37.14,21.23,0.48,28.85,1.78
1992-06-29,29.66,37.29,21.75,1.38,29.27,2.08
1992-06-30,28.33,35.54,20.49,4.23,36.6,2.01
1992-07-01,27.74,34.68,19.77,1.21,34.9,3.25
1992-07-02,23.96,30.85,17.28,0.57,37.79,2.07
1992-07-03,24.55,32.2,17.06,0.0,33.91,2.05
1992-07-04,26.04,34.18,17.15,0.0,25.79,1.7
1992-07-05,28.15,37.19,17.97,0.0,17.79,1.57
1992-07-06,28.86,36.96,19.99,0.07,19.05,1.9
1992-07-07,29.04,36.29,21.64,0.0,24.96,3.01
1992-07-08,26.79,32.8,20.57,0.08,22.87,3.05
1992-07-09,27.16,35.61,17.81,0.12,27.72,1.92
1992-07-10,30.13,38.27,21.53,0.0,25.45,1.79
1992-07-11,31.36,39.38,22.62,0.0,22.19,1.88
1992-07-12,33.14,41.79,24.05,0.0,17.9,2.04
1992-07-13,32.78,41.66,23.74,0.12,16.83,2.29
1992-07-14,27.66,33.81,22.88,0.52,23.38,1.89
1992-07-15,26.53,34.13,19.68,0.77,31.94,2.39
1992-07-16,27.08,34.94,19.19,0.0,25.17,2.44
1992-07-17,27.79,36.11,19.65,0.0,24.22,1.74
1992-07-18,29.1,37.6,20.92,0.0,19.95,2.53
1992-07-19,29.83,38.21,21.21,0.0,17.3,2.83
1992-07-20,31.09,39.58,22.32,0.0,18.44,2.19
1992-07-21,29.74,36.86,23.58,0.0,20.68,2.32
1992-07-22,28.9,37.06,21.04,0.0,21.08,3.22
1992-07-23,28.52,37.29,19.34,0.0,21.91,1.85
1992-07-24,30.07,38.25,22.12,0.0,17.72,2.05
1992-07-25,30.29,38.81,23.07,0.0,17.15,3.04
1992-07-26,29.27,38.44,20.19,0.0,19.6,3.05
1992-07-27,31.12,40.51,21.12,0.0,16.07,2.45
1992-07-28,31.21,38.45,24.58,0.0,21.15,2.97
1992-07-29,26.43,32.68,19.43,0.0,19.74,2.62
1992-07-30,23.81,30.21,17.92,0.0,22.53,2.23
1992-07-31,25.09,33.08,17.08,0.0,23.05,2.43
1992-08-01,26.68,35.72,18.32,0.0,17.85,1.96
1992-08-02,29.56,38.27,21.34,0.0,13.77,1.96
1992-08-03,30.0,39.13,21.11,0.0,14.48,2.43
1992-08-04,29.12,37.7,22.0,0.12,20.26,2.59
1992-08-05,25.46,31.21,20.37,0.24,29.54,2.28
1992-08-06,24.47,30.86,18.35,0.08,28.31,2.38
1992-08-07,23.06,28.73,17.48,0.2,26.14,2.2
1992-08-08,22.45,29.46,15.67,2.02,28.55,1.96
1992-08-09,22.98,30.19,15.42,0.0,29.84,2.01
1992-08-10,24.68,32.33,16.92,0.0,26.77,1.6
1992-08-11,26.07,32.58,20.12,0.0,22.1,1.9
1992-08-12,23.92,31.02,19.09,0.93,33.62,2.46
1992-08-13,24.45,31.4,17.24,0.1,36.56,1.92
1992-08-14,21.71,29.01,15.69,0.0,31.53,3.5
1992-08-15,22.53,32.61,13.05,0.0,23.6,2.31
1992-08-16,23.07,31.99,15.99,0.0,22.91,2.22
1992-08-17,23.61,32.51,15.17,0.0,23.34,2.31
1992-08-18,23.9,33.1,15.21,0.0,25.28,2.34
1992-08-19,25.56,33.71,16.94,0.0,20.5,1.89
1992-08-20,26.89,34.46,19.18,0.0,17.7,2.02
1992-08-21,26.72,34.63,18.31,0.0,20.19,2.21
1992-08-22,26.85,34.16,19.63,0.0,24.4,2.1
1992-08-23,25.54,31.97,19.72,0.0,25.99,1.91
1992-08-24,24.95,32.54,17.68,0.0,22.67,2.26
1992-08-25,26.96,35.12,19.2,0.0,21.75,2.38
1992-08-26,28.76,36.47,21.15,0.0,20.99,1.96
1992-08-27,25.73,31.53,20.1,0.04,25.15,2.3
1992-08-28,22.05,27.65,17.06,0.0,30.22,2.0
1992-08-29,22.86,29.23,16.09,0.28,25.0,1.63
1992-08-30,22.66,27.95,18.37,1.99,37.05,2.53
1992-08-31,20.07,25.62,14.74,0.34,41.94,2.13
1992-09-01,20.49,28.86,12.2,0.0,33.11,2.3
1992-09-02,20.13,26.35,14.01,0.42,33.78,1.81
1992-09-03,20.57,28.43,14.32,0.69,37.04,1.98
1992-09-04,21.27,28.74,14.54,0.0,36.34,2.1
1992-09-05,22.53,29.77,15.11,0.0,36.12,1.96
1992-09-06,23.27,30.52,15.45,0.0,30.34,1.87
1992-09-07,24.04,32.23,17.21,0.0,23.7,1.84
1992-09-08,22.68,30.3,15.2,0.0,23.4,2.74
1992-09-09,16.28,22.46,10.54,0.0,32.63,3.69
1992-09-10,16.77,25.63,8.21,0.0,30.01,2.34
1992-09-11,18.48,27.56,11.43,0.0,23.2,2.1
1992-09-12,18.89,27.58,11.67,0.0,24.35,2.14
1992-09-13,19.89,27.95,12.83,0.0,23.41,1.98
1992-09-14,21.32,29.69,13.9,0.0,20.54,1.81
1992-09-15,21.01,29.19,13.8,0.0,18.29,1.93
1992-09-16,20.16,28.26,12.9,0.0,18.46,2.01
1992-09-17,20.13,27.7,14.63,0.0,15.7,1.65
1992-09-18,20.79,27.78,14.64,0.0,18.16,1.78
1992-09-19,17.61,22.06,14.33,1.86,38.12,2.19
1992-09-20,16.81,23.38,11.46,0.07,44.72,2.0
1992-09-21,16.52,24.53,10.47,0.0,33.45,1.58
1992-09-22,17.32,24.18,11.66,0.0,22.39,1.59
1992-09-23,19.37,27.73,13.14,0.0,18.12,1.76
1992-09-24,19.01,26.38,13.31,0.0,20.98,2.14
1992-09-25,19.45,27.32,13.9,0.0,21.03,1.53
1992-09-26,22.85,32.52,14.33,0.0,16.1,1.56
1992-09-27,18.6,24.54,14.2,0.0,32.31,2.07
1992-09-28,17.75,25.98,11.45,0.14,30.02,1.91
1992-09-29,11.62,14.49,6.38,0.04,48.29,1.87
1992-09-30,9.26,16.28,3.42,0.29,40.94,2.22
1992-10-01,11.02,19.08,4.38,0.0,26.66,1.5
1992-10-02,13.16,20.79,7.23,0.0,24.73,1.68
1992-10-03,14.55,22.44,8.65,0.0,24.35,1.81
1992-10-04,15.78,24.22,9.11,0.0,16.91,1.58
1992-10-05,15.14,22.26,7.91,0.0,16.13,2.02
1992-10-06,10.06,14.5,5.67,6.42,49.76,2.05
1992-10-07,8.59,14.52,4.39,1.01,58.33,1.58
1992-10-08,9.73,14.99,4.9,1.12,61.94,1.0
1992-10-09,11.62,17.08,7.69,1.02,66.86,1.26
1992-10-10,15.93,21.9,10.61,0.01,49.63,1.78
1992-10-11,18.3,26.62,12.18,0.01,37.53,2.15
1992-10-12,18.59,27.43,13.02,0.0,34.86,2.34
1992-10-13,18.1,25.79,13.36,0.0,36.05,1.48
1992-10-14,18.68,25.65,13.17,0.0,32.08,1.68
1992-10-15,10.81,17.27,2.59,0.55,54.66,3.58
1992-10-16,5.23,12.09,1.58,3.44,54.86,3.21
1992-10-17,3.74,10.35,-1.33,0.42,58.5,1.47
1992-10-18,5.14,12.68,-0.09,0.0,55.33,1.33
1992-10-19,9.01,16.99,2.48,0.0,43.84,1.65
1992-10-20,12.58,20.54,7.9,0.0,37.43,1.36
1992-10-21,11.78,16.54,7.8,0.0,45.2,1.29
1992-10-22,10.05,16.23,5.05,0.0,46.6,1.63
1992-10-23,11.93,18.86,5.77,0.0,41.25,1.5
1992-10-24,13.42,18.97,7.73,0.0,40.67,1.28
1992-10-25,15.26,23.33,8.98,0.0,33.72,1.62
1992-10-26,14.65,20.15,10.85,0.0,33.15,2.02
1992-10-27,18.48,28.03,11.86,0.0,30.13,2.47
1992-10-28,16.55,22.84,12.45,0.0,32.74,1.36
1992-10-29,17.53,25.43,11.8,0.0,27.3,2.05
1992-10-30,8.69,13.6,3.99,0.0,49.07,1.52
1992-10-31,9.1,17.61,2.71,0.0,32.24,1.35
1992-11-01,11.92,20.2,7.67,0.0,17.26,1.48
1992-11-02,12.68,20.18,6.85,0.0,19.82,1.59
1992-11-03,8.79,17.49,1.0,2.68,46.61,2.84
1992-11-04,0.51,3.54,-3.13,0.35,73.81,1.64
1992-11-05,1.86,10.11,-4.51,0.0,55.65,1.44
1992-11-06,6.31,14.84,0.22,0.0,29.71,1.36
1992-11-07,11.97,21.91,6.57,0.0,18.16,1.41
1992-11-08,15.48,25.11,8.7,0.0,18.53,1.5
1992-11-09,12.73,18.63,9.57,0.36,29.72,2.08
1992-11-10,15.05,23.33,9.32,0.11,40.69,1.31
1992-11-11,13.98,19.12,10.65,0.4,46.11,1.46
1992-11-12,13.66,19.82,9.5,0.0,42.79,1.09
1992-11-13,15.1,23.19,9.7,0.0,38.96,1.4
1992-11-14,15.11,20.74,11.21,0.0,41.52,1.59
1992-11-15,13.21,17.52,10.51,1.64,54.49,1.14
1992-11-16,13.3,21.3,8.6,0.53,62.97,1.44
1992-11-17,11.86,18.92,8.0,0.15,51.31,1.63
1992-11-18,7.53,11.87,3.53,0.17,64.86,1.81
1992-11-19,5.15,9.59,2.17,0.4,72.85,1.48
1992-11-20,4.43,7.18,2.92,0.3,75.86,1.19
1992-11-21,4.21,8.62,0.75,0.0,69.95,1.25
1992-11-22,7.77,16.72,0.67,0.0,54.03,1.33
1992-11-23,14.27,23.09,8.8,0.0,24.11,1.22
1992-11-24,13.18,20.44,8.54,0.0,26.35,1.74
1992-11-25,14.3,23.86,9.57,0.0,26.02,1.59
1992-11-26,15.01,24.64,8.21,0.0,20.19,1.33
1992-11-27,1.57,6.4,-1.69,3.03,74.69,2.07
1992-11-28,2.78,8.9,-2.99,0.0,37.35,1.48
1992-11-29,8.86,16.52,2.02,0.0,42.92,1.71
1992-11-30,9.05,14.74,6.36,0.0,49.8,1.19
1992-12-01,6.87,10.69,2.35,0.64,56.66,1.8
1992-12-02,3.45,8.09,0.6,0.08,71.67,1.09
1992-12-03,-0.03,4.49,-3.26,0.24,70.23,1.58
1992-12-04,2.21,9.32,-2.88,0.0,46.58,1.27
1992-12-05,5.44,12.71,1.24,0.05,39.19,1.15
1992-12-06,3.11,7.34,0.73,0.07,60.93,1.21
1992-12-07,3.7,7.63,1.49,0.0,68.41,1.02
1992-12-08,3.66,7.59,1.21,0.5,83.64,1.41
1992-12-09,7.34,13.88,3.58,0.06,64.9,1.19
1992-12-10,6.74,11.86,2.46,2.68,59.52,1.2
1992-12-11,-1.15,1.57,-4.62,9.2,91.93,1.76
1992-12-12,-0.45,4.54,-4.06,0.13,65.94,1.58
1992-12-13,3.35,8.65,-0.96,1.02,68.21,1.9
1992-12-14,6.83,8.45,5.0,4.0,77.15,2.58
1992-12-15,9.48,16.35,5.89,1.28,72.26,2.15
1992-12-16,9.91,15.98,6.67,0.0,60.69,1.53
1992-12-17,9.94,16.98,5.69,0.0,57.09,1.48
1992-12-18,9.96,16.45,5.49,0.37,61.45,1.37
1992-12-19,8.77,16.52,4.06,0.0,61.06,1.44
1992-12-20,10.83,18.6,7.3,0.0,48.68,1.41
1992-12-21,7.92,11.6,5.83,1.44,72.95,1.12
1992-12-22,8.38,12.67,5.57,3.44,77.22,0.98
1992-12-23,5.33,9.91,1.07,27.12,88.9,2.13
1992-12-24,-0.48,1.22,-2.21,2.0,88.14,1.05
1992-12-25,-0.12,4.86,-2.76,0.0,69.46,0.95
1992-12-26,1.13,5.5,-1.63,0.0,61.98,1.12
1992-12-27,2.59,5.93,0.33,0.31,70.15,1.19
1992-12-28,5.6,11.09,1.67,2.21,68.53,1.84
1992-12-29,-1.21,0.99,-3.79,7.08,86.74,2.83
1992-12-30,1.35,5.66,-3.74,0.0,57.8,1.13
1992-12-31,2.26,4.73,0.03,2.09,69.53,1.4
1993-01-01,0.33,4.7,-2.43,0.67,81.22,1.69
1993-01-02,-0.57,2.81,-2.91,1.09,73.92,1.34
1993-01-03,-1.8,0.75,-4.23,0.41,76.13,1.07
1993-01-04,-1.17,0.81,-3.28,0.45,74.92,0.87
1993-01-05,-1.4,1.43,-4.74,2.41,80.47,1.16
1993-01-06,-7.17,-5.24,-10.14,1.08,79.08,1.72
1993-01-07,-8.32,-3.84,-10.47,0.09,67.25,1.33
1993-01-08,-7.15,-1.76,-10.05,0.0,59.86,1.21
1993-01-09,-1.64,5.52,-8.22,0.0,47.54,1.56
1993-01-10,0.21,2.0,-2.21,2.77,70.3,1.7
1993-01-11,-1.22,0.48,-2.43,0.95,82.34,1.38
1993-01-12,-1.87,0.98,-3.75,0.08,80.22,0.93
1993-01-13,-2.54,0.65,-4.37,1.01,87.05,0.88
1993-01-14,-3.1,-0.26,-5.28,1.57,83.61,1.01
1993-01-15,-3.54,2.08,-7.47,0.0,65.67,1.78
1993-01-16,-3.91,-1.03,-5.38,0.0,85.72,1.84
1993-01-17,-0.96,4.68,-5.99,0.0,63.64,1.11
1993-01-18,-0.79,1.69,-2.68,0.05,77.27,1.06
1993-01-19,-1.02,2.22,-3.43,1.07,85.99,0.86
1993-01-20,-2.32,2.13,-4.52,0.22,83.97,1.61
1993-01-21,-1.06,2.69,-3.94,0.0,60.49,1.03
1993-01-22,-0.73,3.82,-4.06,0.0,53.52,1.22
1993-01-23,1.35,6.82,-3.97,0.01,51.0,1.52
1993-01-24,0.94,6.01,-1.54,0.47,68.85,2.0
1993-01-25,4.06,11.59,-0.57,0.02,47.79,1.94
1993-01-26,4.05,9.86,0.94,1.95,62.97,2.75
1993-01-27,6.56,16.27,0.34,0.0,49.88,1.85
1993-01-28,7.63,13.39,1.76,0.0,39.33,1.61
1993-01-29,8.35,15.04,4.36,0.0,46.71,2.2
1993-01-30,8.04,16.11,2.77,0.71,58.06,2.44
1993-01-31,4.65,11.74,-1.15,0.81,64.25,1.5
1993-02-01,6.8,11.9,4.34,5.71,75.03,2.01
1993-02-02,2.27,5.33,-0.78,16.07,84.45,1.16
1993-02-03,8.31,16.05,1.7,1.42,71.2,2.06
1993-02-04,3.29,7.47,1.73,15.69,93.91,1.17
1993-02-05,4.47,7.71,-0.24,19.68,93.73,1.0
1993-02-06,-0.09,3.14,-2.26,7.15,90.28,1.04
1993-02-07,4.56,6.69,3.01,25.16,95.01,2.41
1993-02-08,2.55,5.63,-0.12,7.02,75.39,1.72
1993-02-09,4.68,10.81,-0.51,0.0,57.61,1.45
1993-02-10,4.29,8.58,1.09,0.0,68.85,1.15
1993-02-11,3.84,8.95,0.02,0.02,68.94,1.12
1993-02-12,7.09,12.38,3.98,0.53,64.74,0.94
1993-02-13,2.39,4.33,-0.08,10.83,92.5,1.34
1993-02-14,2.63,6.9,0.73,0.63,78.0,1.02
1993-02-15,2.48,7.41,-1.23,3.5,78.34,1.79
1993-02-16,-4.25,-0.74,-9.81,7.54,84.24,3.3
1993-02-17,-9.77,-6.21,-12.03,1.44,74.18,1.73
1993-02-18,-7.04,-1.35,-11.97,0.0,70.03,1.49
1993-02-19,-1.5,2.47,-6.55,0.13,68.01,1.66
1993-02-20,1.64,6.48,-1.3,0.16,59.87,2.55
1993-02-21,2.07,9.43,-2.18,0.0,58.72,2.49
1993-02-22,2.7,8.78,-1.74,0.07,61.21,1.51
1993-02-23,2.06,5.71,-0.63,1.12,77.35,1.2
1993-02-24,3.42,8.2,0.33,1.16,64.16,1.12
1993-02-25,1.41,4.79,-2.08,0.06,73.18,1.44
1993-02-26,1.75,4.7,-1.52,0.34,68.73,1.08
1993-02-27,1.17,5.98,-2.5,0.12,66.59,1.95
1993-02-28,2.64,6.51,-0.52,0.17,60.52,0.91
1993-03-01,3.17,8.03,0.37,10.73,83.77,1.67
1993-03-02,-0.08,2.52,-2.22,2.14,86.86,1.84
1993-03-03,-1.54,1.19,-3.66,6.91,88.53,1.1
1993-03-04,3.0,8.81,-3.21,3.57,75.44,1.61
1993-03-05,3.75,7.17,1.39,7.13,83.68,2.2
1993-03-06,7.27,15.39,0.25,0.41,67.74,1.64
1993-03-07,9.6,15.06,5.32,1.58,70.64,1.73
1993-03-08,12.3,19.11,5.93,2.65,64.76,1.78
1993-03-09,13.79,21.91,9.53,9.93,73.0,2.86
1993-03-10,7.29,9.36,4.03,12.03,87.33,0.79
1993-03-11,3.67,6.64,-0.36,1.09,82.96,1.55
1993-03-12,4.02,9.95,-0.92,0.31,72.9,1.28
1993-03-13,0.93,3.01,-2.01,5.72,91.48,1.43
1993-03-14,-0.95,2.47,-3.84,1.62,79.43,2.08
1993-03-15,1.43,7.77,-3.32,0.0,63.3,1.36
1993-03-16,2.22,6.82,-1.79,0.01,63.1,1.8
1993-03-17,3.28,8.25,-0.76,0.42,65.98,1.33
1993-03-18,4.96,11.78,-0.22,0.0,59.99,1.39
1993-03-19,7.13,15.1,0.15,0.0,54.08,1.56
1993-03-20,6.04,11.39,1.23,0.69,65.78,1.54
1993-03-21,5.97,10.6,1.82,2.1,77.66,2.07
1993-03-22,7.43,14.24,1.55,0.12,63.82,1.66
1993-03-23,6.16,9.95,3.35,1.07,84.61,1.54
1993-03-24,3.41,6.4,1.44,6.32,87.72,1.71
1993-03-25,2.08,4.46,0.21,2.13,86.56,1.64
1993-03-26,4.7,9.95,-0.7,0.1,69.44,2.39
1993-03-27,7.73,14.86,1.33,0.0,62.92,1.67
1993-03-28,9.6,16.57,4.28,0.0,57.64,1.66
1993-03-29,9.81,15.93,3.73,0.01,62.13,1.55
1993-03-30,6.87,11.66,-0.01,0.77,73.68,2.11
1993-03-31,1.32,6.45,-3.81,0.02,67.82,2.46
1993-04-01,2.17,9.34,-4.59,0.0,59.27,1.16
1993-04-02,3.8,9.66,-1.04,0.02,57.24,1.62
1993-04-03,5.67,13.12,-1.17,0.0,56.77,1.31
1993-04-04,9.16,16.01,4.02,0.0,43.9,1.39
1993-04-05,10.18,18.06,3.14,0.0,44.18,1.44
1993-04-06,14.33,21.94,6.75,0.04,53.21,1.48
1993-04-07,13.92,19.1,8.59,0.76,67.65,1.37
1993-04-08,13.81,20.64,7.79,0.0,64.38,1.64
1993-04-09,15.87,22.6,9.62,0.92,54.28,1.36
1993-04-10,14.89,20.19,10.77,3.83,73.72,1.31
1993-04-11,14.88,21.47,9.42,0.03,62.99,1.77
1993-04-12,16.07,22.21,10.81,0.0,52.48,1.39
1993-04-13,16.97,23.31,11.1,0.0,52.01,1.62
1993-04-14,15.84,18.9,11.72,0.27,66.25,2.0
1993-04-15,9.7,11.83,7.49,10.29,82.25,2.63
1993-04-16,8.18,10.38,5.79,4.96,82.08,2.75
1993-04-17,12.08,17.15,6.33,0.38,68.64,1.82
1993-04-18,15.81,21.68,11.04,2.85,72.91,1.93
1993-04-19,18.4,24.92,12.76,0.21,60.66,1.28
1993-04-20,20.15,27.52,12.75,0.0,54.35,1.39
1993-04-21,21.89,29.19,14.25,0.08,48.42,2.13
1993-04-22,18.09,22.82,14.24,0.17,71.79,1.23
1993-04-23,16.4,19.06,13.12,3.24,81.19,1.6
1993-04-24,5.7,11.75,2.53,32.2,86.61,2.52
1993-04-25,7.58,14.6,1.38,0.0,63.42,1.78
1993-04-26,10.59,18.04,2.2,0.02,58.74,2.22
1993-04-27,14.72,19.78,9.07,2.51,67.76,1.4
1993-04-28,11.91,15.66,8.55,12.27,78.2,1.57
1993-04-29,12.21,18.85,5.85,0.08,66.63,1.35
1993-04-30,16.09,21.99,10.03,0.53,62.97,1.18
1993-05-01,17.22,22.71,12.27,0.54,71.76,1.55
1993-05-02,16.83,22.14,11.73,2.56,61.44,1.6
1993-05-03,17.07,23.48,10.26,0.6,61.86,1.95
1993-05-04,16.12,20.63,11.58,3.71,75.63,1.23
1993-05-05,17.18,22.23,11.97,4.47,69.4,1.03
1993-05-06,16.75,22.55,11.72,3.92,65.29,1.82
1993-05-07,16.89,21.51,12.12,1.54,58.02,1.27
1993-05-08,7.54,12.77,2.08,9.43,81.45,2.7
1993-05-09,5.04,10.88,0.11,0.37,64.94,2.17
1993-05-10,7.71,13.92,0.17,0.0,56.06,1.4
1993-05-11,9.72,15.68,3.48,0.11,54.77,1.45
1993-05-12,10.44,16.83,3.73,0.01,57.56,1.54
1993-05-13,13.34,20.89,4.75,0.0,54.59,1.76
1993-05-14,17.82,26.57,8.65,0.0,47.79,1.31
1993-05-15,18.43,25.14,13.36,2.01,60.36,1.48
1993-05-16,17.4,21.52,12.22,0.21,69.03,0.93
1993-05-17,17.38,20.85,13.77,0.03,68.51,1.18
1993-05-18,17.55,22.44,11.0,0.81,66.74,1.49
1993-05-19,19.23,25.83,12.0,0.01,59.31,1.56
1993-05-20,19.31,25.19,13.88,2.46,65.62,1.61
1993-05-21,20.08,25.67,15.05,9.16,67.0,1.88
1993-05-22,19.32,24.85,14.24,0.72,64.99,2.09
1993-05-23,21.26,27.84,14.85,0.17,56.88,1.34
1993-05-24,19.01,23.91,15.97,21.68,78.39,2.41
1993-05-25,17.46,21.98,12.63,0.52,72.7,1.98
1993-05-26,18.12,24.17,11.4,0.0,60.5,1.2
1993-05-27,20.39,26.45,14.98,0.0,55.81,1.34
1993-05-28,21.39,27.44,14.64,0.57,54.52,1.56
1993-05-29,20.24,24.78,16.23,3.71,63.36,1.73
1993-05-30,20.18,25.07,14.65,0.05,52.29,1.6
1993-05-31,18.57,22.56,13.92,5.33,63.18,1.37
1993-06-01,20.25,26.72,12.78,0.0,51.79,1.47
1993-06-02,21.72,27.85,15.8,0.13,51.66,1.55
1993-06-03,21.7,28.65,14.44,0.0,53.71,1.63
1993-06-04,23.63,30.43,17.0,0.84,49.29,1.74
1993-06-05,22.53,26.93,17.3,1.05,53.02,1.52
1993-06-06,20.9,27.17,15.81,6.04,64.46,1.64
1993-06-07,19.65,24.77,14.37,3.27,62.39,1.94
1993-06-08,22.07,28.71,15.19,0.0,51.83,1.48
1993-06-09,23.38,30.45,16.55,0.0,49.82,2.05
1993-06-10,25.65,34.12,17.41,0.0,45.72,1.83
1993-06-11,27.24,35.33,19.53,0.0,43.48,1.66
1993-06-12,22.53,31.46,16.29,1.78,60.03,2.54
1993-06-13,22.51,30.42,13.55,0.01,52.14,1.38
1993-06-14,23.69,28.93,17.39,2.06,48.87,1.74
1993-06-15,23.24,30.5,15.33,0.0,45.03,1.7
1993-06-16,24.36,31.91,16.23,0.03,38.75,1.99
1993-06-17,24.54,31.66,17.09,0.0,40.14,2.53
1993-06-18,25.39,32.82,17.72,0.0,36.1,1.92
1993-06-19,26.64,35.34,18.16,0.0,35.0,1.78
1993-06-20,29.12,36.93,19.75,0.0,35.17,1.23
1993-06-21,26.07,32.71,19.47,0.0,40.3,2.3
1993-06-22,23.25,30.78,17.02,2.41,44.31,2.5
1993-06-23,21.53,28.64,14.16,0.33,50.5,2.01
1993-06-24,23.12,30.48,15.51,0.0,40.74,2.42
1993-06-25,24.27,32.67,15.67,0.0,39.11,2.1
1993-06-26,26.63,34.38,18.74,0.0,36.21,1.97
1993-06-27,27.93,36.63,18.44,0.0,31.26,2.02
1993-06-28,29.77,38.17,20.29,0.0,31.15,2.07
1993-06-29,30.18,37.87,21.75,0.0,28.3,1.92
1993-06-30,30.33,37.93,22.28,0.0,25.39,3.1
1993-07-01,29.62,38.07,20.2,0.0,25.73,2.79
1993-07-02,30.55,39.24,21.42,0.0,23.64,2.02
1993-07-03,32.18,41.37,23.36,0.0,20.93,2.52
1993-07-04,33.32,42.55,23.66,0.0,19.07,2.12
1993-07-05,33.16,41.78,23.91,0.0,18.37,2.0
1993-07-06,29.88,37.73,22.21,0.0,24.91,2.77
1993-07-07,26.79,34.26,19.32,0.01,24.83,3.29
1993-07-08,25.98,32.8,19.45,0.01,27.42,3.04
1993-07-09,25.84,33.18,17.26,0.0,29.69,3.21
1993-07-10,25.56,32.7,17.93,0.0,33.78,3.28
1993-07-11,26.59,33.75,18.91,0.63,30.51,2.14
1993-07-12,27.71,35.25,19.49,0.0,28.11,2.38
1993-07-13,29.31,37.14,20.88,0.0,26.05,2.15
1993-07-14,30.19,37.69,22.36,0.01,26.31,2.61
1993-07-15,29.82,37.49,21.71,2.13,31.61,2.51
1993-07-16,30.09,38.16,21.84,0.01,31.53,2.36
1993-07-17,28.12,34.76,21.65,0.0,28.06,2.73
1993-07-18,28.25,36.91,19.77,0.0,25.26,2.59
1993-07-19,29.29,37.96,20.21,0.0,21.53,1.96
1993-07-20,30.41,38.46,22.01,0.0,18.23,2.66
1993-07-21,29.03,35.95,22.31,0.0,20.45,3.22
1993-07-22,26.83,34.05,19.25,0.0,24.56,3.06
1993-07-23,25.33,31.1,19.89,2.12,32.97,2.0
1993-07-24,25.59,31.71,18.38,0.04,32.09,1.9
1993-07-25,25.96,31.72,20.43,0.39,31.8,2.01
1993-07-26,26.41,33.83,19.2,0.25,33.9,1.87
1993-07-27,27.97,35.06,20.16,0.0,25.33,1.73
1993-07-28,26.82,33.76,19.77,0.0,27.4,2.78
1993-07-29,25.55,32.98,18.29,0.0,28.5,2.42
1993-07-30,24.76,31.79,18.16,0.0,32.5,3.4
1993-07-31,24.87,33.78,16.32,0.0,25.08,2.11
1993-08-01,25.23,34.2,17.47,0.0,17.72,2.52
1993-08-02,24.17,33.0,16.29,0.0,15.47,2.3
1993-08-03,24.86,34.06,16.77,0.0,18.11,2.23
1993-08-04,24.74,32.72,17.29,0.0,21.3,2.0
1993-08-05,26.22,34.27,18.37,0.0,19.98,1.84
1993-08-06,27.05,34.93,19.26,0.0,23.11,2.18
1993-08-07,27.72,34.93,21.03,0.01,22.95,2.08
1993-08-08,27.24,34.17,20.35,0.01,23.01,2.44
1993-08-09,25.56,30.53,20.76,2.1,28.37,1.88
1993-08-10,23.8,30.36,17.43,2.48,34.42,1.84
1993-08-11,24.8,32.1,16.97,0.0,32.18,1.74
1993-08-12,25.83,33.22,18.13,0.08,29.35,1.83
1993-08-13,26.48,33.92,18.58,0.0,27.16,1.83
1993-08-14,27.58,36.03,19.75,0.0,23.54,2.04
1993-08-15,27.98,36.49,19.69,0.0,21.61,1.97
1993-08-16,28.5,36.21,20.88,0.0,21.42,1.68
1993-08-17,28.36,34.61,21.17,0.04,21.66,2.2
1993-08-18,24.24,29.94,18.27,1.2,38.96,2.82
1993-08-19,22.1,28.21,16.68,0.0,31.74,2.12
1993-08-20,21.94,29.63,15.38,0.0,27.14,1.88
1993-08-21,23.09,29.28,16.83,0.0,21.36,1.64
1993-08-22,24.26,31.57,17.76,0.0,19.39,1.76
1993-08-23,24.34,30.76,17.31,0.0,20.36,1.98
1993-08-24,23.95,31.22,17.54,0.98,24.66,2.01
1993-08-25,22.53,28.56,17.79,2.05,36.49,1.73
1993-08-26,22.51,29.68,16.89,0.0,32.47,2.04
1993-08-27,25.17,33.96,16.8,0.0,23.62,1.74
1993-08-28,27.2,35.31,20.4,0.0,18.11,1.92
1993-08-29,26.67,35.43,18.5,0.0,20.65,2.72
1993-08-30,25.82,33.8,19.38,0.0,23.69,2.11
1993-08-31,27.32,35.99,20.36,0.0,19.96,2.26
1993-09-01,26.78,35.27,19.55,0.0,21.02,3.49
1993-09-02,23.76,32.03,17.49,0.0,22.51,2.82
1993-09-03,22.59,31.29,15.67,0.0,20.95,1.95
1993-09-04,23.77,32.48,16.37,0.0,17.89,1.73
1993-09-05,24.16,33.3,16.58,0.27,15.39,1.96
1993-09-06,23.58,31.89,16.01,0.0,15.12,2.76
1993-09-07,21.51,30.53,14.35,0.0,17.62,2.57
1993-09-08,22.04,30.87,13.9,0.0,12.57,1.95
1993-09-09,22.32,31.68,13.94,0.0,11.64,1.95
1993-09-10,24.09,31.18,18.3,0.26,18.43,2.25
1993-09-11,22.3,30.31,16.86,1.93,32.13,1.95
1993-09-12,20.2,27.49,15.35,0.06,29.91,1.64
1993-09-13,22.21,30.61,16.3,0.0,20.67,1.85
1993-09-14,23.2,31.9,16.91,0.0,20.45,1.74
1993-09-15,24.57,32.58,16.64,0.0,19.84,1.96
1993-09-16,18.06,21.61,13.28,3.88,45.55,1.96
1993-09-17,18.81,26.75,12.26,0.0,43.03,1.71
1993-09-18,21.37,29.04,15.54,0.0,33.27,1.73
1993-09-19,22.34,30.7,16.84,0.0,26.35,1.84
1993-09-20,23.0,31.82,15.5,0.0,22.11,1.81
1993-09-21,23.07,31.02,15.22,0.0,20.27,1.7
1993-09-22,19.62,27.48,12.84,0.02,30.1,2.93
1993-09-23,13.24,20.01,7.62,0.26,34.77,2.62
1993-09-24,14.7,23.28,7.38,0.0,19.02,1.67
1993-09-25,18.02,26.35,11.51,0.03,17.84,1.64
1993-09-26,18.64,24.77,12.85,0.04,24.05,2.12
1993-09-27,16.14,21.48,10.74,0.16,38.01,1.68
1993-09-28,11.75,17.55,6.94,0.0,34.51,1.61
1993-09-29,15.86,25.48,7.39,0.0,21.51,1.78
1993-09-30,18.6,26.12,13.66,0.0,16.56,1.53
1993-10-01,20.68,28.64,14.71,0.0,17.6,1.63
1993-10-02,22.15,31.03,14.35,0.0,18.77,1.7
1993-10-03,14.7,20.71,10.14,0.0,36.48,2.09
1993-10-04,11.46,15.48,8.6,1.58,51.66,2.62
1993-10-05,8.72,14.07,4.82,4.73,54.63,2.04
1993-10-06,7.81,13.84,4.28,0.6,46.82,1.48
1993-10-07,9.44,16.53,4.56,0.0,39.06,1.51
1993-10-08,7.48,11.35,4.26,0.92,50.99,1.58
1993-10-09,7.84,13.45,3.47,0.4,49.55,1.56
1993-10-10,9.09,16.21,3.67,0.0,45.14,1.43
1993-10-11,10.91,19.08,5.06,0.0,39.51,1.7
1993-10-12,12.87,20.62,7.79,0.0,33.15,1.57
1993-10-13,13.41,20.61,8.25,0.0,30.27,1.66
1993-10-14,14.14,21.75,9.66,0.0,27.4,1.52
1993-10-15,14.65,21.47,11.05,0.0,28.97,1.63
1993-10-16,12.11,16.0,8.86,0.08,38.71,1.3
1993-10-17,13.21,19.51,8.85,0.04,39.45,1.63
1993-10-18,12.78,20.07,6.69,0.0,40.25,1.42
1993-10-19,13.53,20.81,8.65,0.0,35.89,1.56
1993-10-20,12.86,20.02,7.33,0.0,37.4,2.03
1993-10-21,10.17,14.42,6.87,0.07,52.22,1.13
1993-10-22,8.83,15.62,3.85,0.09,56.95,1.4
1993-10-23,10.12,17.33,6.34,0.0,32.71,1.55
1993-10-24,9.79,18.25,3.6,0.19,29.8,2.55
1993-10-25,3.59,9.04,0.0,1.63,49.66,1.76
1993-10-26,7.09,15.03,2.27,0.0,27.86,1.32
1993-10-27,11.4,20.25,5.83,0.0,21.27,1.41
1993-10-28,14.26,22.68,9.2,0.0,16.09,1.5
1993-10-29,15.55,25.19,9.1,0.4,24.05,2.4
1993-10-30,10.5,15.11,8.1,4.89,68.03,1.55
1993-10-31,13.26,19.58,8.26,0.34,68.11,1.4
1993-11-01,11.89,18.22,7.62,2.02,69.03,1.86
1993-11-02,7.22,8.14,5.21,7.76,88.82,1.3
1993-11-03,3.59,6.84,0.53,8.76,80.85,1.68
1993-11-04,1.4,5.73,-1.81,3.72,71.28,1.21
1993-11-05,1.66,6.76,-1.23,1.01,69.88,1.66
1993-11-06,1.43,7.76,-3.24,0.15,70.62,1.28
1993-11-07,4.12,10.5,-0.41,0.01,56.6,1.21
1993-11-08,2.47,4.58,1.4,2.54,81.13,2.31
1993-11-09,5.95,11.57,1.29,0.34,67.95,1.79
1993-11-10,11.68,18.82,6.43,2.24,51.95,2.45
1993-11-11,12.28,18.29,9.3,3.79,61.74,2.12
1993-11-12,10.31,15.02,7.09,4.62,81.26,2.49
1993-11-13,5.66,7.39,4.32,11.12,90.8,0.82
1993-11-14,9.94,16.75,5.36,4.48,78.13,1.5
1993-11-15,5.87,11.57,2.06,1.58,63.01,3.15
1993-11-16,4.35,9.24,1.78,0.01,60.46,1.54
1993-11-17,0.17,4.01,-3.93,2.59,76.9,1.64
1993-11-18,-0.99,2.85,-3.93,2.02,80.47,1.16
1993-11-19,4.3,11.07,-1.95,0.0,52.69,1.35
1993-11-20,8.81,15.53,5.12,0.02,41.6,1.02
1993-11-21,1.81,5.23,-2.1,4.56,79.5,1.24
1993-11-22,-2.15,-0.44,-3.32,2.87,83.25,1.13
1993-11-23,-1.87,3.42,-5.08,0.4,74.2,1.04
1993-11-24,1.97,5.76,-2.32,0.67,60.54,1.1
1993-11-25,-0.11,2.95,-7.79,12.54,88.43,1.63
1993-11-26,-7.41,-3.36,-10.69,0.58,77.6,1.2
1993-11-27,-3.44,0.43,-7.1,0.65,67.94,0.76
1993-11-28,0.18,4.1,-4.12,0.46,83.75,0.48
1993-11-29,1.33,5.63,-0.88,1.8,89.44,0.77
1993-11-30,-1.36,1.69,-5.71,6.83,95.98,2.01
1993-12-01,-5.05,-0.78,-8.19,1.37,80.68,0.97
1993-12-02,-1.79,0.85,-3.92,3.46,80.27,1.72
1993-12-03,-7.7,-4.79,-11.23,6.87,91.19,0.95
1993-12-04,-7.12,-4.91,-9.87,2.35,90.07,1.01
1993-12-05,-1.58,1.41,-5.28,1.17,87.53,0.98
1993-12-06,-1.92,-0.11,-6.14,7.04,96.82,1.04
1993-12-07,-6.18,-1.8,-9.74,0.57,89.51,0.97
1993-12-08,-0.32,2.42,-3.53,0.08,55.76,0.88
1993-12-09,-3.89,0.43,-7.69,1.37,90.21,1.0
1993-12-10,-4.71,1.03,-9.66,0.04,65.2,1.02
1993-12-11,-1.43,1.54,-4.37,0.06,57.33,0.71
1993-12-12,0.51,3.72,-1.47,0.67,78.87,0.39
1993-12-13,-2.38,-0.14,-5.99,5.47,94.35,1.02
1993-12-14,-0.85,5.51,-4.88,0.11,68.55,1.24
1993-12-15,1.23,6.2,-2.96,0.0,47.4,1.41
1993-12-16,3.84,8.49,0.01,0.0,35.87,0.8
1993-12-17,0.75,5.75,-2.0,0.0,55.68,0.78
1993-12-18,-0.31,3.08,-3.23,0.0,60.7,0.76
1993-12-19,4.72,10.54,1.24,0.02,53.67,1.46
1993-12-20,2.99,8.54,-3.94,3.91,67.06,1.25
1993-12-21,-1.95,3.78,-5.51,4.13,66.67,1.26
1993-12-22,2.17,8.67,-1.71,0.0,44.59,1.61
1993-12-23,5.6,10.25,0.74,0.0,42.81,1.58
1993-12-24,7.09,14.3,2.49,0.0,47.79,1.93
1993-12-25,9.14,13.64,5.05,0.05,53.53,1.33
1993-12-26,5.07,8.55,2.31,0.78,85.86,0.89
1993-12-27,0.38,3.64,-3.06,0.94,89.89,1.25
1993-12-28,-0.24,4.13,-2.69,0.03,69.95,0.78
1993-12-29,2.95,6.77,0.94,0.0,53.29,1.05
1993-12-30,5.7,12.05,1.66,0.93,75.3,2.17
1993-12-31,1.02,3.32,-2.36,6.91,94.59,1.75
1994-01-01,-2.72,-0.76,-4.35,6.13,92.18,1.49
1994-01-02,-0.78,3.58,-4.01,0.47,76.9,0.94
1994-01-03,0.74,5.45,-1.48,0.0,71.55,0.86
1994-01-04,-0.17,3.85,-2.52,0.0,64.97,1.37
1994-01-05,1.52,10.44,-2.98,0.0,58.84,2.04
1994-01-06,5.57,14.09,-0.46,0.57,54.0,1.57
1994-01-07,-0.18,1.68,-2.33,1.42,88.02,2.55
1994-01-08,-1.06,1.67,-2.68,0.23,87.03,1.88
1994-01-09,-1.54,0.5,-5.42,3.8,93.48,2.74
1994-01-10,-7.78,-6.3,-9.8,1.31,77.09,1.64
1994-01-11,-3.21,2.08,-9.51,0.0,53.02,1.29
1994-01-12,1.3,6.86,-1.86,0.0,40.22,0.99
1994-01-13,1.63,7.25,-0.99,0.0,45.41,1.35
1994-01-14,-2.88,0.27,-7.91,0.01,65.31,1.11
1994-01-15,-5.09,0.93,-9.84,0.0,64.68,1.28
1994-01-16,-2.63,3.39,-6.62,0.0,45.9,1.41
1994-01-17,-0.13,7.96,-6.44,0.0,45.64,1.74
1994-01-18,-1.32,3.66,-5.39,0.0,54.13,1.24
1994-01-19,-1.0,2.62,-3.34,0.2,73.54,1.14
1994-01-20,-1.06,2.68,-2.88,0.04,80.98,1.12
1994-01-21,0.62,4.39,-2.44,1.07,66.53,1.25
1994-01-22,-4.19,-1.88,-6.65,3.25,86.61,1.53
1994-01-23,1.45,6.24,-6.33,0.0,61.55,1.42
1994-01-24,0.54,4.58,-3.97,2.7,81.38,1.69
1994-01-25,0.52,7.1,-5.19,0.32,64.25,1.67
1994-01-26,2.37,6.15,0.06,0.0,70.43,1.38
1994-01-27,1.94,5.23,-0.55,1.0,78.0,0.98
1994-01-28,0.45,3.68,-2.24,3.16,85.36,1.3
1994-01-29,2.4,7.65,-2.29,0.0,56.15,1.53
1994-01-30,3.03,8.64,-0.97,0.01,56.34,1.63
1994-01-31,2.25,7.49,-1.33,2.0,67.9,2.35
1994-02-01,5.25,13.07,-0.22,0.36,65.32,2.26
1994-02-02,4.11,6.46,0.52,4.14,78.29,2.62
1994-02-03,0.3,3.87,-2.45,10.49,83.02,1.43
1994-02-04,-3.64,-0.33,-6.96,1.59,81.06,1.51
1994-02-05,-2.81,2.67,-7.9,0.03,60.82,1.82
1994-02-06,1.18,7.1,-2.91,0.41,60.56,2.34
1994-02-07,-4.24,-2.42,-7.83,3.58,76.86,1.7
1994-02-08,-2.62,3.31,-8.84,0.01,61.0,2.03
1994-02-09,-0.57,1.19,-5.1,5.84,82.84,2.26
1994-02-10,-9.42,-5.96,-12.29,3.52,76.29,1.86
1994-02-11,-9.74,-4.98,-13.35,0.51,70.95,1.31
1994-02-12,-3.72,2.81,-10.34,0.0,56.31,1.27
1994-02-13,-0.32,3.83,-3.52,2.05,60.1,2.1
1994-02-14,-1.58,0.95,-3.99,8.3,93.52,1.03
1994-02-15,-7.0,-4.29,-11.0,7.93,93.21,1.07
1994-02-16,-11.96,-9.41,-16.61,3.56,92.14,1.12
1994-02-17,-10.09,-4.26,-16.46,0.3,77.33,1.84
1994-02-18,-9.05,-3.73,-12.2,0.04,75.3,1.16
1994-02-19,-7.36,-1.11,-11.63,0.0,72.78,1.02
1994-02-20,-9.18,-4.44,-12.54,0.06,87.72,1.39
1994-02-21,-7.4,-1.58,-11.69,0.0,82.09,1.25
1994-02-22,-3.02,1.5,-8.1,0.01,65.63,1.16
1994-02-23,-0.56,2.18,-2.95,0.04,75.8,0.86
1994-02-24,0.37,5.07,-2.47,0.43,75.09,1.05
1994-02-25,2.6,9.12,-1.17,0.15,68.45,1.3
1994-02-26,0.0,3.69,-2.62,2.91,86.87,1.63
1994-02-27,2.4,7.26,-1.85,0.35,76.91,1.4
1994-02-28,6.01,11.87,1.0,0.62,68.16,2.67
1994-03-01,-0.69,6.04,-6.03,7.62,78.83,1.67
1994-03-02,1.48,8.83,-5.43,0.0,52.99,1.24
1994-03-03,2.04,6.61,-2.42,1.42,65.57,2.25
1994-03-04,-0.25,2.19,-2.18,1.14,81.96,1.19
1994-03-05,3.52,8.45,0.27,0.02,63.19,0.97
1994-03-06,5.46,11.43,1.42,0.15,60.19,1.12
1994-03-07,6.51,12.64,2.39,0.0,56.78,1.35
1994-03-08,8.88,15.79,2.71,1.77,63.64,1.85
1994-03-09,4.89,8.16,0.41,1.76,84.31,1.99
1994-03-10,4.06,9.5,0.2,2.81,72.63,1.34
1994-03-11,7.31,13.41,2.51,0.06,63.54,1.44
1994-03-12,9.04,16.04,3.18,0.0,66.83,1.19
1994-03-13,9.14,15.26,2.21,3.84,75.14,2.74
1994-03-14,2.11,5.02,0.11,2.15,83.79,2.73
1994-03-15,7.66,14.3,1.67,0.0,62.03,1.29
1994-03-16,9.01,14.12,5.42,1.1,68.03,2.17
1994-03-17,4.99,8.47,2.36,1.07,85.09,1.28
1994-03-18,5.85,13.0,-0.94,0.22,68.99,1.22
1994-03-19,8.92,17.8,1.55,0.0,51.85,1.74
1994-03-20,9.9,16.82,3.8,0.0,48.9,1.6
1994-03-21,10.11,16.87,4.13,0.0,51.52,1.58
1994-03-22,11.99,19.26,5.54,0.0,52.17,1.5
1994-03-23,13.39,21.61,6.74,0.0,50.54,1.51
1994-03-24,13.26,21.45,7.02,0.0,54.05,1.54
1994-03-25,4.64,7.71,2.5,4.21,90.3,1.33
1994-03-26,7.37,13.42,2.17,0.26,73.06,1.16
1994-03-27,10.66,18.21,4.9,0.0,62.1,1.75
1994-03-28,12.4,20.5,5.85,0.0,48.68,1.37
1994-03-29,13.13,18.32,6.46,0.14,65.66,1.43
1994-03-30,14.54,19.81,9.4,0.0,63.19,1.35
1994-03-31,14.86,20.62,8.5,0.1,64.57,1.37
1994-04-01,6.89,11.18,4.28,9.5,82.32,2.0
1994-04-02,13.49,20.78,5.1,0.0,61.97,1.58
1994-04-03,8.25,13.56,3.14,8.92,84.11,2.15
1994-04-04,5.1,9.33,0.73,4.86,81.88,1.96
1994-04-05,0.18,2.5,-2.42,1.73,78.72,2.66
1994-04-06,-0.27,3.09,-3.46,0.05,63.57,1.41
1994-04-07,1.38,5.99,-3.07,0.18,62.13,1.36
1994-04-08,0.56,5.62,-3.91,0.07,63.36,2.21
1994-04-09,3.11,10.35,-3.92,0.06,66.22,1.59
1994-04-10,6.66,14.2,0.1,0.0,63.09,1.67
1994-04-11,10.15,17.13,4.57,0.0,58.03,1.75
1994-04-12,11.85,18.08,6.24,0.0,54.35,1.4
1994-04-13,12.95,18.1,7.59,0.0,53.35,1.51
1994-04-14,12.1,17.83,6.75,1.1,60.08,2.82
1994-04-15,10.76,15.91,6.83,1.97,64.06,3.13
1994-04-16,7.25,11.93,3.11,0.46,65.13,1.61
1994-04-17,8.54,15.49,1.83,0.02,63.46,1.68
1994-04-18,11.49,18.76,5.04,0.0,50.96,1.81
1994-04-19,11.44,17.21,6.24,0.08,51.3,1.72
1994-04-20,10.38,16.92,3.33,0.0,59.82,1.44
1994-04-21,12.54,19.32,6.51,0.0,54.12,1.29
1994-04-22,13.61,20.18,7.89,0.0,52.17,1.26
1994-04-23,14.58,22.84,6.32,0.0,53.77,1.53
1994-04-24,16.64,24.71,7.98,0.0,44.64,1.49
1994-04-25,17.97,24.92,11.06,0.0,45.55,1.61
1994-04-26,21.01,28.58,12.6,0.24,46.82,1.74
1994-04-27,21.25,27.54,16.13,3.35,56.04,1.8
1994-04-28,16.79,24.58,9.61,22.76,77.01,2.53
1994-04-29,8.06,11.49,1.62,0.86,67.22,2.72
1994-04-30,7.95,15.92,-1.6,0.0,57.57,2.09
1994-05-01,14.44,23.62,4.05,0.0,46.53,1.54
1994-05-02,17.45,26.06,9.6,0.11,48.03,1.4
1994-05-03,18.02,23.91,11.52,0.44,61.27,1.45
1994-05-04,19.25,25.56,12.62,0.94,56.53,1.75
1994-05-05,18.49,24.66,13.69,0.01,60.15,1.28
1994-05-06,21.49,28.07,14.62,0.19,56.61,1.65
1994-05-07,18.86,23.27,13.29,8.69,68.42,2.38
1994-05-08,12.81,15.26,9.41,16.48,81.29,2.12
1994-05-09,14.31,20.98,8.24,0.0,68.71,1.55
1994-05-10,15.93,22.8,9.44,0.0,60.91,1.49
1994-05-11,17.84,24.54,10.33,0.0,49.24,1.44
1994-05-12,19.72,26.48,12.36,0.0,42.89,1.52
1994-05-13,21.33,28.86,14.18,0.0,41.31,1.41
1994-05-14,24.12,30.66,16.74,0.0,38.57,1.33
1994-05-15,21.96,28.87,15.71,0.0,49.57,2.49
1994-05-16,21.39,28.11,15.48,0.0,53.57,1.79
1994-05-17,21.36,28.78,16.35,0.0,55.71,1.67
1994-05-18,18.57,25.86,11.91,6.2,65.74,2.5
1994-05-19,14.38,19.26,10.46,6.09,69.69,2.36
1994-05-20,16.02,23.09,8.58,0.0,51.41,2.43
1994-05-21,19.42,27.71,11.16,0.0,48.02,1.83
1994-05-22,21.63,29.63,15.23,0.0,47.05,1.84
1994-05-23,20.88,26.48,15.07,0.14,54.95,1.36
1994-05-24,21.06,27.01,14.91,1.11,56.11,1.08
1994-05-25,21.9,28.17,15.41,0.0,49.1,1.76
1994-05-26,22.62,28.84,16.07,0.0,44.78,1.62
1994-05-27,22.32,29.88,14.45,0.0,44.94,1.64
1994-05-28,23.84,31.9,16.33,0.0,41.83,2.21
1994-05-29,24.5,32.49,16.96,0.0,40.61,2.3
1994-05-30,22.16,28.9,15.86,0.0,36.46,1.92
1994-05-31,21.66,29.41,14.37,0.0,35.98,1.86
1994-06-01,22.75,31.33,13.97,0.0,36.15,1.68
1994-06-02,24.34,32.89,14.6,0.0,36.79,1.65
1994-06-03,25.88,34.64,16.47,0.0,36.76,1.68
1994-06-04,27.59,36.37,18.56,0.0,34.97,1.83
1994-06-05,28.52,37.12,19.24,0.0,31.02,1.72
1994-06-06,30.74,38.14,22.86,0.0,26.42,1.65
1994-06-07,26.25,32.93,18.99,0.08,32.8,2.0
1994-06-08,24.83,30.87,18.74,3.95,38.31,1.55
1994-06-09,24.21,31.09,16.49,3.72,43.64,1.74
1994-06-10,22.34,26.58,18.15,0.86,53.32,0.91
1994-06-11,22.21,28.7,15.56,0.07,47.44,1.88
1994-06-12,24.76,31.91,16.64,0.0,38.56,1.67
1994-06-13,25.56,32.86,17.54,0.0,34.79,1.84
1994-06-14,26.44,33.43,17.77,0.0,31.67,1.86
1994-06-15,26.2,33.3,19.6,0.17,31.02,2.15
1994-06-16,27.28,35.4,18.18,0.0,28.0,1.86
1994-06-17,29.79,38.34,20.5,0.0,23.37,2.53
1994-06-18,27.65,34.69,21.6,0.0,30.27,2.28
1994-06-19,27.22,34.19,19.88,0.0,30.07,1.77
1994-06-20,28.63,36.83,20.26,0.0,25.74,1.94
1994-06-21,29.38,36.93,21.92,0.0,23.57,2.53
1994-06-22,29.98,38.09,21.59,0.0,19.34,2.49
1994-06-23,29.64,38.27,22.81,0.06,25.83,2.57
1994-06-24,27.2,34.15,20.58,0.0,28.97,2.95
1994-06-25,28.34,36.47,19.43,0.04,23.85,1.61
1994-06-26,28.57,35.55,21.05,0.06,24.09,2.25
1994-06-27,29.56,37.24,20.53,0.0,21.11,1.71
1994-06-28,31.17,38.77,24.21,0.0,18.24,2.05
1994-06-29,32.39,41.61,22.35,0.0,16.49,2.12
1994-06-30,33.87,42.48,24.68,0.0,16.2,2.04
1994-07-01,33.59,41.04,25.65,0.0,17.82,2.58
1994-07-02,29.18,35.57,23.4,0.0,28.39,3.26
1994-07-03,28.95,36.8,20.97,0.0,24.56,2.42
1994-07-04,29.42,37.03,21.79,0.0,20.86,2.12
1994-07-05,30.6,39.33,21.29,0.0,17.55,2.35
1994-07-06,31.49,39.59,23.72,0.0,19.34,2.51
1994-07-07,31.58,39.17,23.87,0.0,23.61,2.38
1994-07-08,31.38,39.48,23.46,0.0,18.17,2.51
1994-07-09,31.22,39.33,23.14,0.0,18.7,3.61
1994-07-10,29.13,35.32,22.8,0.0,23.32,4.11
1994-07-11,25.86,32.23,19.45,0.0,23.02,3.06
1994-07-12,25.13,32.57,17.62,0.0,23.56,2.47
1994-07-13,24.96,31.63,17.64,0.0,25.72,2.33
1994-07-14,25.46,32.56,18.03,0.0,22.15,1.62
1994-07-15,27.27,35.25,18.74,0.0,15.89,2.02
1994-07-16,28.57,35.62,21.65,0.0,16.96,2.26
1994-07-17,27.19,34.19,20.54,0.0,20.37,3.01
1994-07-18,26.03,34.2,17.78,0.0,18.5,2.72
1994-07-19,25.52,33.09,17.94,0.0,19.92,3.53
1994-07-20,26.53,36.2,16.95,0.0,18.91,2.53
1994-07-21,27.84,36.79,18.78,0.0,17.6,2.29
1994-07-22,28.78,37.83,20.13,0.0,15.11,2.42
1994-07-23,28.96,36.41,22.51,0.0,16.96,1.99
1994-07-24,29.26,37.2,20.64,0.0,18.99,2.07
1994-07-25,29.71,38.08,21.24,0.0,17.73,2.24
1994-07-26,30.65,38.56,23.48,0.0,15.0,2.29
1994-07-27,27.7,34.46,21.51,0.0,27.04,2.67
1994-07-28,26.99,34.48,19.53,0.0,20.9,2.99
1994-07-29,26.41,33.7,19.28,0.0,18.54,3.13
1994-07-30,25.95,34.09,17.74,0.0,17.23,3.11
1994-07-31,26.5,35.24,17.61,0.0,14.66,2.78
1994-08-01,28.81,37.66,19.37,0.0,17.25,2.21
1994-08-02,31.99,40.9,23.46,0.0,19.38,2.19
1994-08-03,32.74,41.13,25.06,0.0,18.74,2.33
1994-08-04,31.24,39.56,23.69,0.0,18.28,2.61
1994-08-05,30.76,38.37,24.58,0.0,16.65,2.33
1994-08-06,31.56,38.71,24.66,0.0,18.14,2.54
1994-08-07,26.7,32.6,20.33,0.0,24.62,2.89
1994-08-08,23.58,29.79,17.49,0.0,30.27,2.45
1994-08-09,24.36,30.86,17.99,0.0,33.59,2.47
1994-08-10,24.58,32.0,17.36,0.05,27.69,2.54
1994-08-11,27.11,35.47,18.8,0.0,19.15,1.85
1994-08-12,28.81,37.19,20.84,0.0,14.69,2.06
1994-08-13,29.5,37.22,22.91,0.0,16.56,2.64
1994-08-14,29.56,37.68,22.24,0.0,19.6,2.99
1994-08-15,27.8,35.4,20.47,0.0,23.33,3.37
1994-08-16,26.04,33.72,17.83,0.0,26.95,2.72
1994-08-17,26.66,34.64,18.86,0.0,25.82,1.56
1994-08-18,28.29,36.27,20.29,0.0,19.16,1.84
1994-08-19,29.34,37.75,21.43,0.0,15.07,2.27
1994-08-20,29.38,37.56,22.79,0.0,11.43,2.45
1994-08-21,27.6,36.43,19.12,0.0,11.59,2.04
1994-08-22,28.71,37.84,20.54,0.0,12.43,2.46
1994-08-23,29.25,38.48,20.78,0.0,13.13,2.17
1994-08-24,29.81,38.68,21.43,0.0,11.99,2.63
1994-08-25,30.29,40.01,21.73,0.0,13.86,2.58
1994-08-26,27.99,34.63,21.7,0.0,25.4,2.59
1994-08-27,25.38,32.31,18.93,0.0,24.42,3.12
1994-08-28,23.76,30.87,17.62,0.0,20.65,3.15
1994-08-29,22.75,30.6,15.67,0.0,22.85,2.95
1994-08-30,21.49,29.12,14.93,0.0,21.74,2.82
1994-08-31,19.65,28.38,11.55,0.0,17.9,3.52
1994-09-01,21.14,31.68,11.71,0.0,10.4,2.07
1994-09-02,22.51,30.27,15.33,0.0,7.54,2.07
1994-09-03,23.57,31.66,16.46,0.0,10.1,1.82
1994-09-04,20.76,26.56,15.28,0.0,21.93,2.21
1994-09-05,18.45,24.8,12.75,0.0,28.14,3.04
1994-09-06,14.31,21.06,8.25,0.0,23.83,3.63
1994-09-07,16.08,25.07,7.49,0.0,16.44,1.9
1994-09-08,19.61,27.83,12.34,0.0,13.18,1.87
1994-09-09,20.73,28.8,13.18,0.0,13.41,1.84
1994-09-10,20.74,28.25,12.39,0.0,15.01,2.11
1994-09-11,20.27,26.96,14.44,0.0,22.29,2.13
1994-09-12,17.72,24.91,10.01,0.0,27.15,2.62
1994-09-13,14.06,21.78,8.27,0.0,18.29,2.42
1994-09-14,15.54,24.83,7.38,0.0,15.55,1.61
1994-09-15,16.69,22.96,10.56,0.0,12.32,1.77
1994-09-16,15.88,24.37,7.99,0.0,16.51,1.83
1994-09-17,15.67,21.27,8.58,0.39,28.77,1.91
1994-09-18,12.82,15.81,10.31,2.77,55.29,1.32
1994-09-19,12.91,17.4,9.04,4.58,52.21,1.56
1994-09-20,13.72,19.82,7.77,1.79,54.14,1.84
1994-09-21,13.39,18.01,8.85,0.0,51.81,1.26
1994-09-22,15.67,22.99,9.44,0.4,44.28,1.47
1994-09-23,15.9,22.84,9.35,0.05,44.49,1.55
1994-09-24,16.98,24.83,11.03,0.0,35.75,1.77
1994-09-25,17.63,25.89,11.32,0.0,30.51,1.93
1994-09-26,18.71,27.73,11.58,0.0,26.77,1.88
1994-09-27,19.52,27.74,12.23,0.0,24.73,1.86
1994-09-28,20.61,28.78,13.75,0.0,22.37,1.61
1994-09-29,20.63,28.64,13.89,0.0,21.71,1.74
1994-09-30,20.76,28.83,14.09,0.0,21.49,1.88
1994-10-01,19.85,27.06,14.55,0.0,22.97,1.94
1994-10-02,19.12,25.64,14.15,0.18,28.5,1.76
1994-10-03,18.67,25.99,13.96,0.0,27.27,1.85
1994-10-04,18.6,26.34,13.26,0.0,25.06,2.15
1994-10-05,17.54,25.46,11.54,0.0,27.39,1.75
1994-10-06,16.53,23.67,10.76,0.0,29.76,1.93
1994-10-07,16.94,24.45,10.74,0.0,29.07,1.8
1994-10-08,17.4,24.79,10.78,0.0,26.84,1.86
1994-10-09,17.32,24.98,10.44,0.0,25.09,1.89
1994-10-10,16.75,24.33,9.69,0.0,22.67,1.84
1994-10-11,15.13,23.08,9.24,0.0,24.04,1.88
1994-10-12,13.75,21.31,8.65,0.0,29.17,2.15
1994-10-13,13.22,20.3,7.5,0.0,31.46,1.67
1994-10-14,14.54,21.75,10.23,0.0,26.88,1.57
1994-10-15,15.91,23.63,11.33,0.0,23.84,1.5
1994-10-16,16.57,24.58,10.41,0.0,23.01,2.44
1994-10-17,11.79,14.79,9.12,0.25,59.6,1.58
1994-10-18,13.51,21.45,7.22,0.0,46.74,1.66
1994-10-19,16.61,26.16,9.2,0.0,24.99,1.7
1994-10-20,19.95,28.39,13.03,0.0,18.69,1.89
1994-10-21,15.69,19.3,12.82,0.18,42.64,1.45
1994-10-22,14.96,20.6,11.57,1.81,52.4,1.06
1994-10-23,6.78,11.38,2.45,2.07,56.93,2.53
1994-10-24,5.77,13.5,-0.06,0.04,44.41,1.54
1994-10-25,6.16,13.85,1.66,0.0,41.91,1.35
1994-10-26,4.13,10.62,-0.85,0.0,53.51,1.55
1994-10-27,6.33,13.86,0.9,0.0,54.87,1.31
1994-10-28,9.2,16.16,4.43,0.0,42.4,1.3
1994-10-29,9.77,16.65,4.96,0.0,39.77,1.54
1994-10-30,10.48,18.4,5.34,0.0,31.22,1.56
1994-10-31,12.42,20.52,8.17,0.0,21.08,1.45
1994-11-01,14.84,22.87,7.79,0.0,19.61,1.49
1994-11-02,11.22,15.16,8.77,5.54,66.08,2.07
1994-11-03,11.03,17.2,6.44,0.39,67.72,1.99
1994-11-04,12.78,21.11,7.74,0.0,46.28,1.52
1994-11-05,16.81,26.16,10.21,0.02,33.08,2.45
1994-11-06,15.25,21.96,11.07,4.15,55.27,2.14
1994-11-07,6.45,10.36,3.64,7.91,70.43,2.36
1994-11-08,10.18,14.61,5.26,6.39,73.93,1.13
1994-11-09,13.72,19.24,10.39,4.87,81.6,1.77
1994-11-10,8.74,13.53,5.37,9.78,87.61,1.84
1994-11-11,5.02,8.43,2.81,6.58,83.46,1.36
1994-11-12,7.43,12.15,3.56,0.04,57.44,1.07
1994-11-13,9.47,16.19,5.37,0.0,49.9,1.25
1994-11-14,10.85,17.83,6.45,0.0,45.21,1.55
1994-11-15,12.67,20.75,7.0,0.0,41.57,1.93
1994-11-16,7.5,12.14,3.97,0.67,67.03,1.75
1994-11-17,7.34,12.48,3.43,0.26,66.49,1.06
1994-11-18,11.88,20.13,6.61,0.13,63.74,1.53
1994-11-19,8.89,10.87,6.81,4.45,88.22,1.45
1994-11-20,9.85,15.93,6.07,0.0,71.76,1.11
1994-11-21,12.07,18.19,7.76,0.03,51.52,1.02
1994-11-22,10.97,16.23,8.19,2.42,66.9,2.58
1994-11-23,12.7,17.25,8.59,3.52,66.42,2.79
1994-11-24,11.58,14.13,6.95,11.38,80.07,3.07
1994-11-25,3.33,6.46,-0.91,13.44,89.01,1.3
1994-11-26,6.44,16.39,-2.14,0.02,52.08,1.93
1994-11-27,6.83,9.31,3.09,8.36,86.52,2.31
1994-11-28,7.75,15.64,2.98,0.0,65.04,1.42
1994-11-29,9.85,17.52,5.2,0.0,55.06,1.99
1994-11-30,9.02,15.18,5.0,0.0,57.94,1.27
1994-12-01,11.6,19.05,5.28,1.74,64.19,1.1
1994-12-02,5.75,8.14,2.93,10.74,91.35,2.45
1994-12-03,8.41,15.07,3.57,0.0,65.67,1.09
1994-12-04,9.77,13.08,6.16,1.21,56.39,2.5
1994-12-05,5.93,10.5,0.12,27.46,92.14,1.5
1994-12-06,0.53,2.77,-2.8,5.51,86.82,1.43
1994-12-07,-5.12,-2.87,-8.19,1.13,80.23,2.48
1994-12-08,-6.45,-2.66,-8.79,0.22,68.2,1.69
1994-12-09,-4.49,0.59,-7.19,0.01,65.64,1.35
1994-12-10,-3.73,1.1,-6.67,0.0,58.33,1.08
1994-12-11,-1.83,4.38,-5.77,0.0,53.74,1.5
1994-12-12,0.63,5.43,-3.48,0.0,51.34,1.5
1994-12-13,2.76,6.53,0.44,0.37,59.37,1.67
1994-12-14,2.45,4.84,0.37,2.09,76.74,2.34
1994-12-15,2.76,6.37,0.86,2.01,73.54,2.1
1994-12-16,2.32,9.28,-1.16,0.0,63.82,1.44
1994-12-17,4.52,12.07,-0.79,0.0,50.05,2.13
1994-12-18,7.15,11.76,3.9,0.11,50.96,1.46
1994-12-19,7.26,12.39,4.19,0.27,67.08,1.81
1994-12-20,7.61,13.61,3.57,2.73,67.35,1.47
1994-12-21,3.14,5.54,-1.18,19.86,94.05,2.65
1994-12-22,-3.44,-1.44,-7.32,4.06,91.81,1.35
1994-12-23,-5.06,-1.34,-7.43,0.4,84.26,1.04
1994-12-24,-6.4,-4.36,-9.53,1.41,89.3,1.54
1994-12-25,-6.44,-0.91,-10.72,0.04,72.64,1.16
1994-12-26,-5.32,-1.76,-7.0,0.0,72.93,0.85
1994-12-27,-4.02,0.98,-7.08,0.0,69.41,0.73
1994-12-28,-3.74,-0.35,-5.9,0.0,75.18,0.81
1994-12-29,-4.39,0.58,-8.06,0.0,79.54,1.06
1994-12-30,-1.34,5.05,-5.31,0.0,61.89,1.64
1994-12-31,1.47,7.81,-1.6,0.0,48.03,1.39
1995-01-01,2.52,8.33,-1.21,0.0,51.17,1.47
1995-01-02,3.46,7.49,-0.29,0.0,45.5,0.91
1995-01-03,2.14,5.82,-1.12,0.0,73.15,1.52
1995-01-04,3.71,7.81,1.36,0.0,70.09,1.28
1995-01-05,4.16,10.62,0.66,0.0,55.74,1.6
1995-01-06,-0.88,4.6,-6.57,5.15,78.02,2.0
1995-01-07,-5.96,-1.86,-8.55,0.44,82.84,1.24
1995-01-08,-6.69,-2.26,-8.99,0.05,79.38,1.13
1995-01-09,-5.41,-0.36,-8.1,0.0,67.61,1.08
1995-01-10,-3.71,1.9,-7.6,0.0,56.31,0.84
1995-01-11,0.73,6.79,-4.79,0.13,46.26,1.48
1995-01-12,2.7,7.07,0.86,3.34,82.36,1.92
1995-01-13,1.11,2.54,0.07,16.54,97.51,2.21
1995-01-14,0.21,2.24,-2.76,5.16,95.86,0.74
1995-01-15,-1.99,2.05,-4.32,0.64,88.68,0.91
1995-01-16,-2.65,2.14,-5.13,0.0,77.22,0.82
1995-01-17,-1.46,4.54,-5.57,0.0,59.12,1.7
1995-01-18,1.45,4.91,-0.87,1.65,74.23,1.28
1995-01-19,-2.55,-0.74,-4.49,7.51,95.12,2.38
1995-01-20,-2.42,2.5,-5.05,0.0,81.63,0.95
1995-01-21,-1.91,3.6,-4.95,0.0,70.75,1.35
1995-01-22,-0.91,5.26,-4.16,0.0,61.56,1.41
1995-01-23,-0.96,4.41,-3.82,0.0,54.21,1.18
1995-01-24,-0.43,3.92,-3.43,0.0,66.61,1.23
1995-01-25,-0.76,2.01,-3.56,2.24,82.52,1.97
1995-01-26,-1.55,3.87,-6.61,0.13,62.17,1.75
1995-01-27,0.35,2.22,-2.92,1.16,71.71,2.31
1995-01-28,-0.53,1.47,-3.05,7.09,82.62,0.92
1995-01-29,-0.83,5.15,-3.94,0.01,67.62,1.29
1995-01-30,2.04,10.38,-3.85,0.0,45.06,1.45
1995-01-31,4.49,9.56,0.48,0.0,35.3,1.27
1995-02-01,3.8,10.54,-0.13,0.0,50.45,1.64
1995-02-02,5.91,11.33,2.76,0.0,48.35,1.27
1995-02-03,5.4,11.83,2.01,0.0,56.47,1.42
1995-02-04,6.34,12.9,2.26,0.0,59.76,1.42
1995-02-05,8.27,15.89,2.69,0.0,56.81,3.63
1995-02-06,6.44,8.76,3.58,6.17,81.47,2.73
1995-02-07,1.04,2.89,-2.22,9.69,89.7,1.38
1995-02-08,4.39,10.35,-0.52,0.01,66.9,1.32
1995-02-09,8.05,16.11,2.88,1.05,66.78,1.93
1995-02-10,7.89,14.08,3.88,1.14,80.08,2.06
1995-02-11,3.26,5.62,1.29,7.29,93.12,2.57
1995-02-12,2.85,5.82,0.5,1.4,88.64,1.57
1995-02-13,4.73,9.59,1.19,0.0,72.85,1.12
1995-02-14,4.48,8.16,2.03,0.71,73.05,1.08
1995-02-15,3.54,7.63,0.19,0.08,76.29,1.28
1995-02-16,2.1,5.62,-1.36,0.17,75.29,1.8
1995-02-17,-3.47,-0.24,-7.36,1.9,81.29,2.85
1995-02-18,-4.7,-0.12,-7.48,0.03,77.83,1.42
1995-02-19,-3.11,1.93,-6.14,0.05,70.36,1.27
1995-02-20,-1.41,4.41,-4.73,0.0,59.28,1.1
1995-02-21,-0.25,6.03,-4.36,0.0,55.0,1.38
1995-02-22,1.64,7.73,-1.92,0.0,51.76,1.33
1995-02-23,2.52,9.84,-1.85,0.0,52.02,1.2
1995-02-24,4.37,13.46,-1.7,0.0,50.15,1.72
1995-02-25,4.3,10.15,-2.35,0.0,49.15,1.92
1995-02-26,-0.13,4.18,-2.98,0.02,83.72,1.41
1995-02-27,0.21,4.45,-2.92,0.76,84.82,1.71
1995-02-28,0.24,3.99,-2.81,0.56,79.59,1.25
1995-03-01,1.87,7.46,-1.32,0.0,67.15,1.39
1995-03-02,3.96,9.51,0.29,0.0,57.82,1.9
1995-03-03,1.09,4.99,-1.85,2.84,80.66,1.61
1995-03-04,0.99,5.25,-2.39,0.65,79.52,1.45
1995-03-05,2.8,9.59,-1.51,0.0,65.29,1.59
1995-03-06,4.49,11.06,-0.62,0.0,58.7,1.48
1995-03-07,3.46,9.67,-2.45,0.0,64.9,1.63
1995-03-08,3.68,9.32,0.11,0.0,67.55,1.21
1995-03-09,3.69,8.91,-0.91,0.0,74.48,1.15
1995-03-10,5.36,11.43,1.13,0.0,68.31,1.34
1995-03-11,4.66,8.71,0.98,0.13,66.58,1.24
1995-03-12,5.84,11.61,0.73,0.0,61.15,1.4
1995-03-13,2.02,6.16,-3.65,0.08,70.34,1.98
1995-03-14,-0.51,4.84,-4.91,0.0,66.55,1.45
1995-03-15,2.61,8.3,-3.42,0.4,54.34,0.78
1995-03-16,10.99,19.75,3.87,0.0,52.64,1.09
1995-03-17,14.08,20.87,8.87,0.0,55.26,1.17
1995-03-18,15.03,23.11,8.73,0.0,56.8,1.33
1995-03-19,8.6,11.61,5.18,6.66,86.98,1.19
1995-03-20,8.34,13.8,4.36,3.46,81.62,1.48
1995-03-21,7.23,13.39,2.71,0.52,72.29,2.14
1995-03-22,9.69,16.51,4.01,0.0,65.33,1.3
1995-03-23,9.71,14.64,6.63,0.39,72.03,1.48
1995-03-24,10.93,15.78,6.81,1.41,70.78,1.32
1995-03-25,10.27,16.27,5.25,1.56,63.45,1.99
1995-03-26,12.37,21.68,3.94,0.0,50.18,1.73
1995-03-27,11.93,17.22,7.59,5.86,71.14,3.08
1995-03-28,6.7,10.86,2.54,4.35,75.24,1.8
1995-03-29,6.81,13.45,1.54,0.19,70.86,2.52
1995-03-30,8.25,13.56,3.78,0.0,63.94,1.29
1995-03-31,9.18,15.24,3.06,0.1,59.09,1.28
1995-04-01,10.09,14.51,5.6,0.14,51.35,1.09
1995-04-02,10.76,16.59,5.82,0.0,55.82,1.14
1995-04-03,11.42,18.94,6.0,0.0,56.37,1.85
1995-04-04,11.76,19.52,4.79,0.0,55.2,1.84
1995-04-05,13.15,22.4,5.27,0.0,50.83,1.97
1995-04-06,13.18,19.69,7.22,0.0,43.84,1.55
1995-04-07,9.96,15.38,5.8,4.92,65.76,2.34
1995-04-08,7.06,10.47,3.49,4.36,87.08,1.68
1995-04-09,9.41,16.61,3.46,0.11,69.63,1.46
1995-04-10,12.28,18.64,6.57,0.0,62.68,1.36
1995-04-11,14.34,21.05,8.17,0.0,60.11,1.53
1995-04-12,15.35,22.86,8.63,0.0,56.74,1.44
1995-04-13,13.91,20.99,6.81,0.0,55.71,1.97
1995-04-14,11.48,18.79,4.21,0.0,53.2,1.81
1995-04-15,12.82,20.31,6.96,0.0,50.5,1.47
1995-04-16,14.49,22.34,6.91,0.0,50.16,1.67
1995-04-17,16.2,24.1,9.39,0.0,49.37,1.7
1995-04-18,14.28,20.3,9.76,0.09,71.78,1.71
1995-04-19,15.41,20.64,11.12,1.21,64.16,1.18
1995-04-20,14.81,20.35,9.57,0.29,69.56,1.48
1995-04-21,15.46,22.28,9.4,0.01,62.98,1.7
1995-04-22,14.58,21.32,8.02,0.23,53.1,1.5
1995-04-23,14.6,22.35,8.11,0.0,44.61,1.69
1995-04-24,14.86,22.49,8.2,0.04,45.89,1.59
1995-04-25,15.48,23.88,6.82,0.0,44.99,2.07
1995-04-26,16.75,21.82,13.08,0.0,50.09,1.46
1995-04-27,18.68,25.85,12.22,0.0,51.02,1.4
1995-04-28,19.42,25.44,12.94,0.29,58.06,1.46
1995-04-29,20.68,26.43,14.03,0.0,49.88,1.31
1995-04-30,19.96,25.08,13.56,0.13,54.09,1.09
1995-05-01,20.54,27.22,13.51,0.06,51.08,1.31
1995-05-02,21.4,27.9,13.6,0.03,46.05,2.02
1995-05-03,22.85,29.34,15.5,0.0,43.69,1.76
1995-05-04,20.7,25.52,16.84,1.09,57.48,1.27
1995-05-05,21.16,27.95,14.34,0.01,52.54,1.51
1995-05-06,24.42,31.87,16.71,0.0,43.62,1.45
1995-05-07,25.89,33.05,19.96,0.06,42.92,1.61
1995-05-08,25.55,34.32,19.19,0.32,48.0,2.71
1995-05-09,21.68,29.7,15.55,6.73,59.87,2.55
1995-05-10,19.44,25.56,13.86,5.74,61.13,1.56
1995-05-11,20.5,28.24,13.69,0.04,45.09,1.92
1995-05-12,20.42,28.22,13.42,0.0,42.76,2.3
1995-05-13,20.85,29.14,13.69,0.01,42.97,2.09
1995-05-14,21.26,29.14,14.23,0.0,42.39,2.07
1995-05-15,22.53,31.14,14.99,0.0,37.54,2.09
1995-05-16,22.98,31.82,15.8,0.01,36.47,2.11
1995-05-17,20.21,27.79,13.83,0.0,42.45,1.77
1995-05-18,18.81,26.46,12.32,0.0,36.8,2.17
1995-05-19,19.36,27.48,10.38,0.0,33.13,1.93
1995-05-20,20.56,29.46,11.32,0.0,28.2,2.14
1995-05-21,20.35,28.82,12.64,0.0,33.43,2.78
1995-05-22,17.59,25.04,10.43,0.0,38.01,2.24
1995-05-23,16.86,23.93,10.15,0.0,34.24,2.66
1995-05-24,15.24,22.62,7.9,0.0,33.74,2.06
1995-05-25,17.35,24.65,9.26,0.0,33.07,2.02
1995-05-26,16.29,22.98,11.03,0.5,36.78,2.07
1995-05-27,16.07,22.18,9.13,0.1,38.49,2.21
1995-05-28,15.96,21.26,11.23,1.48,40.71,1.42
1995-05-29,15.22,21.03,8.89,8.09,56.29,1.92
1995-05-30,17.6,24.77,10.13,0.0,41.82,1.7
1995-05-31,19.8,27.18,12.07,0.0,38.81,1.66
1995-06-01,22.42,30.65,14.1,0.0,33.75,1.39
1995-06-02,23.3,30.81,15.72,0.2,31.86,1.86
1995-06-03,22.44,29.34,16.19,3.97,42.54,1.85
1995-06-04,23.72,31.49,14.84,0.0,34.2,1.72
1995-06-05,25.78,33.79,17.25,0.0,30.71,1.82
1995-06-06,27.09,35.18,18.63,0.0,29.1,1.84
1995-06-07,28.53,36.59,19.88,0.0,25.33,1.98
1995-06-08,27.51,36.16,20.04,0.04,25.74,2.99
1995-06-09,24.37,30.76,18.49,0.34,36.5,2.2
1995-06-10,23.01,30.44,16.13,0.0,29.51,2.51
1995-06-11,24.36,32.7,15.84,0.0,24.37,1.71
1995-06-12,25.76,34.24,17.22,0.0,21.4,2.36
1995-06-13,25.59,33.12,17.59,0.0,23.09,1.67
1995-06-14,27.5,35.73,17.62,0.0,18.22,1.76
1995-06-15,29.01,36.85,21.52,0.0,17.56,1.91
1995-06-16,30.1,37.94,22.26,0.0,18.43,1.94
1995-06-17,29.5,36.65,24.09,0.03,19.89,1.95
1995-06-18,29.55,37.13,21.87,0.0,22.05,2.18
1995-06-19,29.23,36.22,21.91,0.0,24.48,1.72
1995-06-20,27.88,35.46,20.66,0.2,26.82,2.29
1995-06-21,27.8,34.33,20.52,0.0,24.69,2.16
1995-06-22,28.47,35.11,21.05,0.0,24.9,2.01
1995-06-23,29.19,36.15,20.73,0.0,24.24,1.93
1995-06-24,28.24,34.68,21.08,1.09,26.57,2.76
1995-06-25,27.27,33.78,19.68,0.71,35.37,2.03
1995-06-26,26.5,32.06,20.79,0.95,39.15,1.68
1995-06-27,27.12,33.36,21.13,1.13,36.12,2.02
1995-06-28,26.29,32.11,20.59,0.16,36.6,2.61
1995-06-29,28.27,36.21,20.01,0.0,28.19,2.25
1995-06-30,29.87,37.5,21.65,0.0,24.72,1.8
1995-07-01,31.04,38.62,21.94,0.0,22.88,1.92
1995-07-02,32.13,39.76,23.39,0.0,21.16,2.35
1995-07-03,30.76,36.84,24.86,0.0,23.59,3.0
1995-07-04,29.89,36.7,22.6,1.12,29.19,2.12
1995-07-05,29.41,35.79,22.52,3.23,33.35,2.27
1995-07-06,29.39,36.41,21.79,0.07,31.82,1.89
1995-07-07,29.86,36.53,23.05,0.05,28.95,2.4
1995-07-08,28.37,35.2,21.66,0.0,23.47,2.57
1995-07-09,29.18,37.01,21.33,0.0,23.07,2.32
1995-07-10,29.82,37.01,22.37,0.96,25.19,2.34
1995-07-11,28.95,35.97,21.86,0.0,24.35,2.31
1995-07-12,29.45,37.0,21.28,0.0,23.2,2.76
1995-07-13,29.91,37.74,21.59,0.0,24.56,2.35
1995-07-14,30.36,39.21,20.97,0.0,23.2,2.56
1995-07-15,31.42,39.3,23.44,0.0,22.05,2.92
1995-07-16,32.86,41.09,25.06,0.0,20.73,2.15
1995-07-17,34.06,42.3,26.05,0.0,18.93,2.47
1995-07-18,31.68,38.14,23.46,0.0,20.16,3.39
1995-07-19,26.41,33.54,19.15,0.0,14.5,3.89
1995-07-20,26.49,35.99,16.33,0.0,13.81,1.97
1995-07-21,28.05,36.24,19.05,0.0,10.3,2.22
1995-07-22,29.85,38.65,19.64,0.0,9.52,2.11
1995-07-23,30.5,36.63,24.55,0.0,16.17,2.42
1995-07-24,25.37,30.72,19.74,1.6,36.61,2.4
1995-07-25,24.05,29.1,19.49,2.26,38.38,2.07
1995-07-26,26.06,33.46,18.06,0.0,30.14,2.17
1995-07-27,27.37,35.78,19.07,0.0,25.69,2.12
1995-07-28,27.97,35.43,20.1,0.0,21.37,1.94
1995-07-29,28.6,36.93,19.48,0.0,20.71,1.92
1995-07-30,29.62,38.23,20.61,0.0,18.77,2.25
1995-07-31,30.38,38.72,21.51,0.0,17.42,2.34
1995-08-01,30.59,39.48,21.38,0.0,16.19,2.19
1995-08-02,30.23,39.1,21.83,0.0,16.93,2.85
1995-08-03,29.45,37.48,20.24,0.0,20.56,2.45
1995-08-04,30.58,37.32,23.91,0.0,21.94,2.36
1995-08-05,28.5,35.37,22.28,0.0,23.08,2.5
1995-08-06,27.21,34.7,20.99,0.0,24.14,2.41
1995-08-07,26.78,34.74,18.85,0.0,26.82,2.72
1995-08-08,27.48,36.21,19.57,0.0,21.13,2.27
1995-08-09,28.03,36.1,19.45,0.0,15.01,2.0
1995-08-10,29.57,38.44,20.48,0.0,13.95,2.57
1995-08-11,29.75,38.34,20.87,0.0,16.18,2.36
1995-08-12,30.66,39.56,22.62,0.0,13.96,2.01
1995-08-13,31.5,40.92,22.59,0.0,11.61,2.35
1995-08-14,31.07,39.2,22.3,0.0,11.05,2.35
1995-08-15,28.31,36.25,20.48,0.0,15.78,3.16
1995-08-16,25.97,33.87,18.76,0.0,15.94,3.13
1995-08-17,26.11,34.81,18.29,0.0,14.67,2.12
1995-08-18,27.07,35.84,18.76,0.0,14.86,2.0
1995-08-19,29.48,37.33,20.88,0.52,18.26,1.81
1995-08-20,24.98,29.96,18.23,0.85,26.21,3.01
1995-08-21,23.87,31.71,16.01,0.0,21.08,2.52
1995-08-22,24.99,33.33,16.46,0.0,19.6,1.91
1995-08-23,27.12,35.56,17.72,0.0,15.48,1.75
1995-08-24,27.38,35.01,19.29,0.0,22.35,2.98
1995-08-25,21.12,28.51,14.17,0.0,25.19,3.64
1995-08-26,22.57,32.23,13.32,0.0,18.75,2.16
1995-08-27,24.43,32.7,15.63,0.0,14.67,1.88
1995-08-28,25.28,33.32,15.99,0.0,14.19,2.06
1995-08-29,24.23,32.02,16.66,0.0,18.57,2.06
1995-08-30,24.79,33.45,16.99,0.0,24.03,2.3
1995-08-31,23.47,31.71,16.22,0.0,22.87,2.32
1995-09-01,21.39,29.26,13.77,0.0,22.66,2.09
1995-09-02,20.28,27.61,14.62,0.0,28.16,2.35
1995-09-03,18.49,25.02,12.63,0.0,30.62,2.23
1995-09-04,19.03,27.33,11.86,0.0,26.48,1.57
1995-09-05,20.64,28.41,12.66,0.0,18.64,1.85
1995-09-06,20.72,28.44,13.4,0.0,21.24,1.91
1995-09-07,21.31,29.85,13.16,0.0,20.02,1.9
1995-09-08,23.06,31.87,15.57,0.0,15.51,1.94
1995-09-09,23.75,31.18,17.16,0.0,13.78,1.79
1995-09-10,23.76,31.96,16.28,0.0,12.05,1.97
1995-09-11,23.36,31.01,14.93,0.0,12.71,1.88
1995-09-12,23.33,31.56,15.23,0.0,13.31,1.58
1995-09-13,22.97,31.19,14.57,0.0,15.24,1.6
1995-09-14,22.67,30.81,15.26,0.0,17.61,1.72
1995-09-15,23.61,30.94,16.93,0.0,17.53,1.8
1995-09-16,21.68,28.43,16.59,0.0,28.92,1.88
1995-09-17,21.72,29.65,15.76,0.0,26.05,1.74
1995-09-18,22.88,31.61,16.1,0.0,19.17,1.69
1995-09-19,24.51,32.96,18.1,0.0,14.57,1.74
1995-09-20,25.93,34.6,18.13,0.0,11.63,1.82
1995-09-21,26.68,36.29,18.45,0.0,11.11,2.45
1995-09-22,16.94,20.27,12.52,0.56,50.68,3.61
1995-09-23,16.41,24.13,10.41,0.08,37.69,2.34
1995-09-24,18.01,24.87,11.96,0.0,34.19,1.72
1995-09-25,20.39,26.49,14.96,0.0,26.86,1.33
1995-09-26,22.83,30.24,18.17,0.0,20.99,1.28
1995-09-27,17.59,21.88,11.15,0.11,44.51,2.03
1995-09-28,13.6,20.79,8.56,0.39,42.73,2.22
1995-09-29,13.96,21.52,7.34,0.0,28.35,1.47
1995-09-30,16.62,24.59,10.26,0.0,22.66,1.56
1995-10-01,18.96,24.55,14.26,0.23,21.28,1.3
1995-10-02,19.31,25.23,13.54,0.05,31.78,1.41
1995-10-03,19.7,26.92,14.51,1.21,35.22,1.57
1995-10-04,18.89,25.72,13.94,0.0,30.08,1.53
1995-10-05,18.9,26.86,13.16,0.0,23.78,1.67
1995-10-06,20.14,27.88,14.23,0.0,18.05,1.86
1995-10-07,19.79,26.81,15.56,0.0,23.16,1.54
1995-10-08,19.56,25.61,15.78,0.03,29.14,1.46
1995-10-09,17.8,23.32,14.09,0.56,41.74,1.6
1995-10-10,13.99,19.19,10.25,1.48,58.84,1.78
1995-10-11,15.13,21.66,9.48,0.01,38.48,1.46
1995-10-12,17.82,24.27,12.9,0.15,36.14,1.66
1995-10-13,14.56,21.83,9.89,8.11,56.87,2.5
1995-10-14,9.19,13.48,4.89,7.34,70.48,1.89
1995-10-15,11.4,18.66,5.2,0.0,43.88,1.47
1995-10-16,13.35,18.6,9.23,0.0,40.13,1.96
1995-10-17,4.14,8.62,-1.51,7.23,77.62,1.66
1995-10-18,0.06,5.66,-3.49,0.12,60.85,1.91
1995-10-19,3.25,10.91,-1.79,0.0,43.15,1.4
1995-10-20,5.12,12.37,0.0,0.0,40.54,1.16
1995-10-21,8.87,16.56,3.71,0.0,35.73,1.26
1995-10-22,12.0,19.92,5.99,0.0,32.74,1.41
1995-10-23,13.23,22.29,7.18,0.0,29.94,1.68
1995-10-24,11.83,19.48,6.63,0.02,39.99,2.21
1995-10-25,4.94,8.53,1.84,0.09,62.96,1.55
1995-10-26,6.2,12.73,2.07,0.0,41.67,1.38
1995-10-27,6.17,13.26,2.16,0.01,43.93,1.36
1995-10-28,7.4,14.46,1.43,0.0,41.58,1.36
1995-10-29,8.74,16.21,2.67,0.0,43.07,1.41
1995-10-30,10.01,17.41,4.57,0.0,40.97,1.35
1995-10-31,11.45,19.98,6.66,0.0,34.51,1.63
1995-11-01,11.68,18.89,7.39,0.11,38.31,1.98
1995-11-02,12.18,18.17,7.57,0.08,53.35,1.53
1995-11-03,14.27,21.93,9.98,0.0,46.35,1.32
1995-11-04,14.67,22.3,9.11,0.0,42.82,1.6
1995-11-05,14.91,23.21,10.47,0.0,30.52,1.44
1995-11-06,14.42,22.71,9.54,0.0,29.06,1.71
1995-11-07,13.59,20.75,8.84,0.0,34.34,1.76
1995-11-08,14.71,22.21,10.52,0.0,33.66,1.39
1995-11-09,15.82,25.04,9.8,0.0,31.16,1.71
1995-11-10,15.84,21.86,11.76,0.06,34.1,1.68
1995-11-11,15.04,23.74,8.62,0.0,35.58,1.64
1995-11-12,13.97,26.39,5.37,0.88,41.43,3.69
1995-11-13,7.12,13.29,1.7,0.72,51.41,0.98
1995-11-14,9.6,13.85,4.84,0.0,43.9,1.93
1995-11-15,4.27,7.97,1.4,0.11,58.91,1.7
1995-11-16,3.02,8.83,-0.96,0.01,54.19,1.73
1995-11-17,4.9,11.49,0.43,0.0,33.38,1.27
1995-11-18,8.09,14.16,4.66,0.0,32.33,1.02
1995-11-19,7.6,13.42,3.26,0.0,33.67,1.16
1995-11-20,7.78,15.43,3.58,0.0,27.39,1.36
1995-11-21,7.35,14.0,2.49,0.0,31.34,1.49
1995-11-22,7.92,15.06,4.48,0.0,28.89,1.4
1995-11-23,8.0,14.96,4.3,0.0,28.55,1.45
1995-11-24,8.07,17.77,2.94,0.0,24.95,1.63
1995-11-25,10.06,20.28,3.48,0.0,19.5,1.92
1995-11-26,11.35,21.48,5.02,0.0,22.37,1.77
1995-11-27,2.92,5.94,-0.84,2.12,70.47,1.84
1995-11-28,-0.17,3.98,-2.39,0.06,75.18,1.15
1995-11-29,0.95,7.98,-2.51,0.0,58.55,1.56
1995-11-30,2.72,8.86,-0.78,0.0,44.84,0.91
1995-12-01,4.09,10.95,0.55,0.0,34.34,1.72
1995-12-02,5.64,11.64,1.97,0.0,36.25,1.57
1995-12-03,1.71,3.74,-0.13,0.11,60.67,1.14
1995-12-04,4.67,12.69,-0.03,0.0,54.44,1.28
1995-12-05,2.89,6.25,-1.43,2.12,56.18,1.28
1995-12-06,2.16,8.02,-1.81,0.68,69.43,1.14
1995-12-07,0.21,4.33,-2.01,3.29,78.62,1.29
1995-12-08,-1.56,1.29,-3.34,1.1,75.89,0.88
1995-12-09,-2.55,-0.8,-3.55,4.07,86.99,1.83
1995-12-10,-5.65,-3.66,-8.12,3.24,85.32,1.99
1995-12-11,-8.19,-4.23,-11.4,0.11,67.26,1.43
1995-12-12,-5.74,0.14,-9.89,0.0,47.13,1.01
1995-12-13,-5.01,0.49,-8.41,0.0,52.79,0.99
1995-12-14,-6.23,-0.81,-9.22,0.0,62.27,0.93
1995-12-15,-5.37,-0.97,-8.91,0.0,66.58,1.03
1995-12-16,0.21,6.1,-4.44,0.0,60.41,1.08
1995-12-17,2.87,7.46,0.14,0.87,54.34,1.54
1995-12-18,0.13,2.94,-4.42,4.19,74.56,1.26
1995-12-19,-2.67,2.82,-5.6,1.06,77.61,0.98
1995-12-20,-0.87,3.97,-3.82,0.0,57.3,1.01
1995-12-21,1.3,7.58,-1.56,0.0,46.79,1.26
1995-12-22,2.47,9.98,-2.66,0.0,42.76,1.71
1995-12-23,0.56,2.93,-3.31,1.72,62.97,1.66
1995-12-24,-3.36,0.5,-6.47,2.39,67.04,0.8
1995-12-25,-0.07,7.38,-4.61,0.0,45.62,1.54
1995-12-26,4.52,10.0,0.0,0.0,39.07,1.31
1995-12-27,5.67,8.75,3.32,0.0,41.73,0.96
1995-12-28,6.11,12.61,2.89,0.0,43.48,1.44
1995-12-29,6.6,13.84,2.82,0.0,46.42,1.49
1995-12-30,6.07,13.65,2.07,0.0,50.11,1.79
1995-12-31,6.46,12.77,3.19,0.0,60.05,1.67
1996-01-01,7.16,14.56,2.93,0.0,50.05,1.75
1996-01-02,3.65,8.01,0.17,0.05,73.71,1.88
1996-01-03,1.3,6.25,-1.13,0.13,78.21,1.07
1996-01-04,3.68,9.63,0.04,0.0,59.11,0.94
1996-01-05,3.87,9.8,-0.15,0.0,48.13,1.29
1996-01-06,6.09,11.94,2.99,0.0,63.27,1.79
1996-01-07,8.55,13.93,5.18,0.5,64.94,2.56
1996-01-08,2.31,5.38,-0.57,4.23,92.3,1.77
1996-01-09,-4.33,-0.75,-9.82,1.54,82.81,2.03
1996-01-10,-11.38,-9.1,-13.79,0.12,50.85,2.4
1996-01-11,-10.1,-4.4,-14.37,0.07,50.03,1.09
1996-01-12,-6.67,-0.64,-10.25,0.0,48.56,1.56
1996-01-13,-7.13,-2.79,-10.39,0.0,65.42,1.25
1996-01-14,-8.12,-3.03,-11.2,0.0,74.21,1.1
1996-01-15,-7.53,-3.57,-10.86,0.0,73.47,1.2
1996-01-16,-5.77,-3.69,-7.62,0.0,68.09,1.88
1996-01-17,-3.75,1.53,-7.88,0.0,54.47,1.16
1996-01-18,-1.41,4.35,-5.73,0.0,42.61,1.27
1996-01-19,-0.82,1.85,-2.91,0.16,58.15,0.87
1996-01-20,-0.09,3.43,-1.73,0.62,84.59,0.94
1996-01-21,-1.83,0.56,-4.06,3.29,86.36,0.97
1996-01-22,-1.82,1.9,-4.33,0.2,80.68,0.98
1996-01-23,-1.04,4.19,-3.6,0.0,67.15,1.12
1996-01-24,-1.63,4.16,-5.75,0.0,50.6,1.19
1996-01-25,-2.31,3.18,-5.66,0.09,53.93,1.2
1996-01-26,-2.47,2.83,-5.18,0.0,54.28,1.41
1996-01-27,-1.95,1.5,-4.58,0.89,58.72,1.07
1996-01-28,-2.16,1.01,-4.13,1.75,78.45,0.92
1996-01-29,-1.42,4.75,-5.7,0.0,63.77,1.4
1996-01-30,2.19,9.14,-2.86,0.97,55.87,1.29
1996-01-31,3.29,9.37,0.08,5.66,84.51,1.72
1996-02-01,3.57,9.46,0.27,2.8,74.66,2.4
1996-02-02,6.07,15.29,-1.19,1.3,51.62,3.66
1996-02-03,-4.77,-2.56,-8.03,16.0,87.39,2.89
1996-02-04,-7.59,-1.75,-10.69,1.48,82.74,1.83
1996-02-05,-2.03,4.91,-8.82,0.0,54.02,1.51
1996-02-06,5.4,9.74,0.84,0.76,59.11,1.42
1996-02-07,3.43,8.77,-0.34,0.59,73.16,0.98
1996-02-08,6.05,12.4,2.33,0.0,55.65,1.49
1996-02-09,5.72,12.58,1.89,0.0,59.4,2.29
1996-02-10,7.55,17.21,1.27,0.39,55.37,3.43
1996-02-11,2.65,6.0,-1.3,25.04,93.69,1.87
1996-02-12,-3.67,-0.72,-6.32,11.3,90.34,1.32
1996-02-13,-5.71,-2.25,-8.15,1.25,83.43,1.18
1996-02-14,-6.62,-4.84,-8.36,2.76,86.59,1.02
1996-02-15,-7.88,-5.11,-11.26,1.44,87.46,0.89
1996-02-16,-7.78,-0.61,-14.13,0.11,65.77,1.26
1996-02-17,-3.66,4.21,-10.63,0.0,48.51,1.38
1996-02-18,1.96,9.42,-3.85,0.0,49.89,1.49
1996-02-19,4.71,13.0,-0.07,0.0,60.13,1.49
1996-02-20,6.82,13.9,1.06,0.0,58.75,1.56
1996-02-21,6.58,11.6,2.75,0.68,63.35,1.4
1996-02-22,3.79,8.55,-0.5,1.54,81.77,1.52
1996-02-23,2.41,8.68,-1.66,0.0,66.67,1.87
1996-02-24,-1.16,1.9,-3.47,0.31,67.7,2.06
1996-02-25,-3.74,-0.35,-6.82,0.6,67.54,2.31
1996-02-26,-4.44,-0.08,-6.88,5.16,63.79,1.54
1996-02-27,-7.72,-3.84,-10.68,3.09,68.14,1.63
1996-02-28,-4.53,2.04,-9.72,0.0,58.95,1.1
1996-02-29,0.17,6.76,-5.2,0.16,53.43,1.39
1996-03-01,-1.54,0.16,-4.77,4.65,89.16,1.08
1996-03-02,1.26,6.97,-5.12,0.19,66.34,1.72
1996-03-03,3.95,6.09,2.77,5.61,90.64,1.86
1996-03-04,5.44,9.14,2.48,3.24,84.93,1.14
1996-03-05,6.77,12.55,2.73,5.84,89.55,1.08
1996-03-06,2.98,4.59,1.04,7.55,93.51,2.33
1996-03-07,3.35,7.61,0.6,0.65,85.47,1.46
1996-03-08,3.82,9.92,-0.7,0.41,69.06,1.64
1996-03-09,5.32,12.6,-0.73,0.0,44.06,1.31
1996-03-10,8.8,14.52,5.14,0.32,53.17,1.43
1996-03-11,9.89,15.73,6.03,0.05,64.03,1.08
1996-03-12,6.36,8.96,3.15,0.2,77.36,1.66
1996-03-13,8.34,15.09,2.71,0.02,62.89,1.87
1996-03-14,5.41,9.9,0.63,0.17,66.38,1.27
1996-03-15,1.62,5.58,-1.09,0.34,73.96,1.78
1996-03-16,2.02,6.88,-1.21,0.1,62.58,1.37
1996-03-17,3.38,9.56,-0.86,0.11,62.18,1.46
1996-03-18,2.13,6.88,-1.67,1.2,69.91,1.48
1996-03-19,-4.34,-2.15,-8.26,1.73,66.62,1.88
1996-03-20,-2.87,2.89,-8.2,0.0,56.32,1.49
1996-03-21,-0.17,5.71,-5.71,0.0,54.6,1.61
1996-03-22,3.74,9.91,-0.98,0.0,51.02,1.23
1996-03-23,7.57,14.59,2.26,0.0,49.38,1.52
1996-03-24,7.42,10.13,2.36,2.56,54.85,1.04
1996-03-25,7.52,13.79,1.58,0.0,64.75,1.19
1996-03-26,10.7,17.39,3.83,0.0,60.32,1.5
1996-03-27,7.39,11.34,0.02,8.89,74.64,3.06
1996-03-28,2.21,7.36,-1.22,0.0,66.08,1.84
1996-03-29,3.12,9.73,-1.92,0.03,58.99,1.95
1996-03-30,2.71,7.28,-1.73,0.07,65.17,1.16
1996-03-31,5.15,11.03,-0.56,1.15,60.41,1.79
1996-04-01,4.06,9.98,-0.56,3.8,64.93,1.65
1996-04-02,5.52,13.11,-0.48,0.0,50.67,1.45
1996-04-03,7.28,12.65,3.53,0.03,48.34,1.19
1996-04-04,6.96,12.94,2.41,0.07,49.6,1.52
1996-04-05,3.55,9.66,-1.73,0.0,58.27,2.12
1996-04-06,4.64,11.73,-2.59,0.0,51.34,1.52
1996-04-07,6.88,13.18,1.16,0.0,46.04,1.65
1996-04-08,6.9,13.78,0.87,0.06,49.04,2.37
1996-04-09,2.3,8.33,-3.11,0.15,62.67,1.99
1996-04-10,6.94,16.41,-1.94,0.0,39.95,1.61
1996-04-11,8.58,15.39,2.12,2.46,52.77,1.75
1996-04-12,9.98,15.02,6.15,1.29,75.23,1.89
1996-04-13,13.96,20.63,6.25,0.65,57.67,3.14
1996-04-14,17.35,23.33,14.08,3.82,62.36,2.55
1996-04-15,17.69,24.81,13.91,1.82,74.68,1.32
1996-04-16,13.17,14.67,10.39,13.18,88.14,1.87
1996-04-17,13.05,18.29,9.08,6.79,78.77,1.48
1996-04-18,14.47,20.97,8.0,0.1,66.96,1.43
1996-04-19,19.74,28.2,10.55,0.0,53.93,1.63
1996-04-20,19.08,24.69,14.78,1.23,63.58,2.21
1996-04-21,16.24,22.64,8.68,0.15,61.35,2.63
1996-04-22,15.38,23.7,7.88,0.0,46.9,1.16
1996-04-23,17.75,23.19,11.47,0.72,50.37,1.84
1996-04-24,14.49,20.48,8.11,11.61,64.39,2.65
1996-04-25,16.31,24.42,5.56,0.16,44.54,1.31
1996-04-26,14.69,20.11,9.98,12.74,68.92,3.68
1996-04-27,10.3,16.19,4.38,1.12,61.33,1.78
1996-04-28,10.79,18.59,3.72,0.0,50.42,1.82
1996-04-29,14.69,22.06,8.05,0.0,45.99,1.63
1996-04-30,14.84,21.87,7.78,0.0,48.61,1.72
1996-05-01,12.35,18.61,5.71,1.19,54.85,2.7
1996-05-02,8.43,15.22,2.47,0.15,58.13,1.61
1996-05-03,9.92,16.62,4.12,0.0,53.52,1.98
1996-05-04,12.22,19.91,5.06,0.0,51.62,1.61
1996-05-05,14.68,22.06,7.29,0.06,48.16,1.92
1996-05-06,15.57,22.37,8.79,0.34,52.6,1.7
1996-05-07,16.96,23.41,9.68,0.0,49.31,1.52
1996-05-08,17.23,23.98,10.13,0.03,49.29,1.46
1996-05-09,16.99,23.53,9.54,0.18,49.95,1.36
1996-05-10,16.81,23.24,10.58,0.0,49.53,1.42
1996-05-11,17.46,24.65,10.38,0.0,50.38,1.34
1996-05-12,17.85,24.72,10.82,0.07,47.68,1.6
1996-05-13,19.05,26.66,11.84,0.0,46.59,2.11
1996-05-14,19.88,28.0,11.79,0.0,43.88,1.68
1996-05-15,21.22,28.17,13.6,0.0,40.91,1.55
1996-05-16,22.26,29.51,13.18,0.0,37.4,1.33
1996-05-17,22.39,29.97,14.4,0.0,40.12,1.38
1996-05-18,23.1,30.23,15.3,0.0,37.13,1.6
1996-05-19,19.96,27.06,14.25,0.32,44.8,1.84
1996-05-20,21.52,28.54,13.71,2.24,51.05,1.95
1996-05-21,20.54,25.73,15.6,1.52,53.9,2.5
1996-05-22,20.65,26.65,15.19,5.53,51.63,2.11
1996-05-23,21.51,29.2,13.78,0.0,49.72,2.0
1996-05-24,23.55,30.52,16.71,0.0,42.92,1.92
1996-05-25,25.28,33.07,17.45,0.0,41.03,1.54
1996-05-26,25.35,32.43,18.16,0.0,41.08,2.37
1996-05-27,20.26,26.19,13.53,1.89,54.37,2.36
1996-05-28,15.95,21.75,9.87,0.02,40.51,3.15
1996-05-29,17.51,26.23,7.76,0.0,33.39,2.57
1996-05-30,20.48,28.39,11.83,0.0,33.59,1.67
1996-05-31,21.83,30.03,13.3,0.0,31.54,2.23
1996-06-01,22.49,29.98,15.69,0.0,26.47,2.04
1996-06-02,22.17,30.3,15.03,0.0,26.06,1.57
1996-06-03,22.98,31.19,14.75,0.1,25.46,2.41
1996-06-04,24.16,32.21,15.1,0.0,24.99,1.57
1996-06-05,25.9,34.75,15.36,0.0,23.04,1.71
1996-06-06,27.31,35.63,18.18,0.0,22.33,1.89
1996-06-07,29.85,39.38,19.92,0.0,23.2,1.86
1996-06-08,29.07,35.38,23.3,0.85,28.49,2.85
1996-06-09,28.15,34.61,21.85,0.44,33.13,1.74
1996-06-10,28.03,35.74,19.78,0.42,33.45,2.39
1996-06-11,25.25,28.78,19.77,0.81,40.58,2.62
1996-06-12,23.45,29.75,17.41,0.06,31.84,2.35
1996-06-13,23.8,30.73,15.97,0.0,30.7,2.36
1996-06-14,22.01,28.56,15.54,0.37,28.56,2.99
1996-06-15,20.38,27.06,12.83,0.0,26.75,3.09
1996-06-16,21.86,29.67,12.46,0.05,29.68,2.09
1996-06-17,23.63,31.46,13.91,0.02,28.45,1.9
1996-06-18,24.39,31.36,16.09,0.23,26.75,2.1
1996-06-19,25.36,32.82,16.91,0.03,25.86,2.01
1996-06-20,25.24,31.73,17.86,0.15,33.18,2.23
1996-06-21,27.75,35.67,18.48,0.0,25.95,2.38
1996-06-22,29.25,37.02,20.24,0.0,22.68,2.7
1996-06-23,30.08,38.23,21.44,0.0,21.01,2.1
1996-06-24,29.7,37.96,21.54,0.0,19.87,2.43
1996-06-25,29.0,36.58,21.43,0.0,23.62,2.51
1996-06-26,29.28,35.68,24.19,0.0,27.83,1.59
1996-06-27,27.76,32.71,22.26,0.44,33.28,1.54
1996-06-28,27.87,33.2,20.43,0.32,33.88,1.99
1996-06-29,27.79,33.39,22.23,0.36,32.84,2.3
1996-06-30,29.82,38.16,20.67,0.0,26.55,2.56
1996-07-01,29.63,37.52,21.15,0.0,20.29,2.32
1996-07-02,27.99,35.69,21.44,0.0,19.21,2.31
1996-07-03,26.69,33.87,19.18,0.0,19.07,2.95
1996-07-04,26.58,34.13,18.49,0.04,19.67,2.26
1996-07-05,26.98,34.1,19.39,0.27,24.85,2.16
1996-07-06,27.78,35.44,19.31,0.0,22.03,1.81
1996-07-07,30.41,38.35,22.72,0.0,17.68,1.75
1996-07-08,32.28,39.72,25.2,0.0,17.0,2.3
1996-07-09,30.06,36.48,24.09,0.0,20.11,3.04
1996-07-10,25.99,32.17,19.7,0.0,22.18,3.39
1996-07-11,25.9,33.49,18.03,0.0,22.81,2.44
1996-07-12,25.79,32.9,19.17,0.04,25.54,2.85
1996-07-13,22.76,29.05,17.03,1.32,26.45,2.51
1996-07-14,22.14,28.89,15.34,0.0,31.49,1.68
1996-07-15,24.93,31.64,17.82,0.19,26.14,1.85
1996-07-16,25.19,32.63,17.78,5.33,34.0,2.71
1996-07-17,25.63,32.61,17.61,0.75,36.77,2.53
1996-07-18,26.03,32.55,20.24,0.58,36.67,1.96
1996-07-19,26.76,33.95,19.25,0.0,32.68,1.95
1996-07-20,28.42,36.23,19.99,0.14,29.25,1.55
1996-07-21,29.38,36.88,21.4,0.0,27.06,2.57
1996-07-22,29.09,36.46,21.54,0.0,27.16,2.65
1996-07-23,29.42,37.52,21.17,0.0,23.51,2.34
1996-07-24,30.92,38.32,23.51,0.01,22.21,3.03
1996-07-25,30.42,38.05,22.85,0.0,24.01,2.12
1996-07-26,31.19,39.54,23.03,0.0,20.78,2.53
1996-07-27,31.66,40.86,22.31,0.0,18.54,2.56
1996-07-28,32.17,40.94,23.06,0.0,17.75,2.06
1996-07-29,33.41,41.75,24.7,0.0,17.0,2.16
1996-07-30,33.91,41.95,26.33,0.0,16.37,2.45
1996-07-31,32.82,41.0,25.14,0.0,14.65,2.69
1996-08-01,30.93,38.67,23.28,0.0,16.88,4.23
1996-08-02,29.25,37.42,21.32,0.0,22.59,2.12
1996-08-03,30.19,37.98,22.39,0.0,17.91,2.05
1996-08-04,30.06,37.81,23.17,0.0,14.62,2.27
1996-08-05,29.04,36.74,22.6,0.0,13.62,2.47
1996-08-06,29.02,37.72,20.98,0.0,12.87,1.69
1996-08-07,29.31,37.64,20.02,0.0,12.72,2.11
1996-08-08,30.14,38.81,20.75,0.0,14.38,2.02
1996-08-09,31.57,39.65,23.39,0.0,14.81,2.22
1996-08-10,31.9,39.57,23.44,0.0,14.48,2.15
1996-08-11,30.62,39.13,22.58,0.0,17.53,3.46
1996-08-12,29.21,38.2,21.32,0.0,20.57,2.99
1996-08-13,27.57,35.56,19.34,0.0,21.39,2.69
1996-08-14,26.24,32.45,20.51,0.0,22.44,3.34
1996-08-15,20.96,26.63,14.28,0.0,23.49,3.59
1996-08-16,19.31,27.51,11.96,0.0,17.11,2.06
1996-08-17,20.53,28.85,13.33,0.0,14.53,1.96
1996-08-18,21.77,29.64,13.98,0.0,13.64,1.62
1996-08-19,22.5,30.03,14.24,0.0,12.95,2.02
1996-08-20,23.31,31.39,16.27,0.0,13.62,1.76
1996-08-21,23.76,32.03,14.91,0.0,15.1,1.79
1996-08-22,24.96,32.76,18.04,0.0,14.75,2.23
1996-08-23,24.93,33.11,17.44,0.0,16.83,1.83
1996-08-24,25.91,34.22,17.27,0.0,15.57,2.07
1996-08-25,26.73,34.81,19.16,0.0,14.08,1.9
1996-08-26,26.42,34.44,19.23,0.0,12.17,1.92
1996-08-27,27.06,35.89,19.74,0.0,10.88,1.94
1996-08-28,28.07,36.85,19.65,0.0,10.41,2.17
1996-08-29,18.44,23.39,11.34,0.05,29.14,4.42
1996-08-30,15.06,23.16,6.79,0.0,19.67,2.6
1996-08-31,17.88,26.98,10.07,0.0,12.23,1.9
1996-09-01,19.6,28.03,12.6,0.0,9.56,1.86
1996-09-02,20.28,28.61,13.27,0.0,12.28,2.08
1996-09-03,20.72,27.78,14.72,0.0,17.43,1.92
1996-09-04,21.65,29.19,15.96,0.0,17.39,1.57
1996-09-05,22.35,30.39,14.19,0.0,16.81,1.77
1996-09-06,22.62,31.37,14.44,0.0,15.02,1.69
1996-09-07,23.44,31.79,15.95,0.0,13.43,1.88
1996-09-08,24.16,32.4,17.74,0.0,12.61,1.84
1996-09-09,26.42,36.36,17.77,0.0,8.01,1.7
1996-09-10,28.59,38.73,20.24,0.0,9.63,2.15
1996-09-11,25.56,33.74,18.5,0.0,23.36,2.66
1996-09-12,24.67,32.01,17.83,0.0,24.86,3.25
1996-09-13,23.74,31.66,17.29,0.0,21.14,2.62
1996-09-14,22.67,30.24,17.45,0.0,21.84,2.32
1996-09-15,22.51,30.68,16.27,0.0,23.74,1.59
1996-09-16,22.68,30.16,16.11,0.0,19.75,1.92
1996-09-17,22.48,29.86,16.19,0.0,19.4,2.13
1996-09-18,21.98,29.57,15.43,0.0,19.37,1.85
1996-09-19,23.48,31.68,17.04,0.0,15.8,1.71
1996-09-20,19.95,25.47,15.5,0.0,37.91,2.57
1996-09-21,18.17,25.59,14.37,0.0,49.95,2.82
1996-09-22,22.26,30.96,13.91,0.0,34.65,1.63
1996-09-23,23.83,31.32,18.76,0.46,30.99,1.44
1996-09-24,16.67,20.18,12.43,13.72,64.67,2.19
1996-09-25,13.15,18.85,8.48,1.31,60.84,1.97
1996-09-26,14.19,21.59,8.63,0.0,39.28,1.48
1996-09-27,16.57,22.43,12.24,0.72,39.74,1.5
1996-09-28,15.6,22.03,11.14,0.26,41.56,1.3
1996-09-29,18.31,26.51,12.73,0.0,34.48,1.38
1996-09-30,20.52,30.01,13.34,0.0,33.14,2.71
1996-10-01,8.5,12.81,1.65,1.24,48.53,2.84
1996-10-02,6.02,14.57,-0.44,0.0,41.3,2.23
1996-10-03,9.26,17.47,2.7,0.0,34.83,1.85
1996-10-04,13.5,21.74,7.62,0.0,31.54,1.65
1996-10-05,13.01,20.57,6.59,0.0,32.77,1.87
1996-10-06,14.76,22.24,8.85,0.0,30.06,1.54
1996-10-07,16.08,23.21,10.83,0.01,30.14,1.54
1996-10-08,13.75,19.04,8.72,1.09,44.67,1.27
1996-10-09,12.12,18.37,7.35,0.49,57.1,1.35
1996-10-10,14.0,20.84,8.7,0.06,45.51,2.51
1996-10-11,11.18,17.3,6.13,0.22,44.03,1.75
1996-10-12,12.06,18.9,7.9,0.04,37.09,1.26
1996-10-13,14.18,21.26,9.39,0.0,33.06,1.42
1996-10-14,16.84,24.3,11.89,0.01,34.29,1.71
1996-10-15,17.75,24.67,12.91,4.46,48.22,1.78
1996-10-16,11.1,13.13,8.19,2.46,77.95,1.13
1996-10-17,10.33,15.66,6.29,1.22,67.97,1.32
1996-10-18,9.17,15.32,3.23,0.0,58.37,1.87
1996-10-19,6.73,12.89,2.76,0.01,45.81,1.46
1996-10-20,5.99,11.91,1.26,0.16,52.26,1.82
1996-10-21,7.14,15.11,1.21,0.0,39.09,1.39
1996-10-22,10.84,19.23,6.26,0.0,29.18,1.6
1996-10-23,12.36,20.27,9.08,0.0,27.85,1.24
1996-10-24,15.68,25.13,9.89,0.0,22.16,1.43
1996-10-25,16.88,24.59,11.4,0.0,20.25,1.52
1996-10-26,16.85,26.04,10.55,0.0,23.4,1.67
1996-10-27,18.16,27.8,12.35,0.0,26.64,1.84
1996-10-28,14.93,21.07,8.01,0.28,35.95,2.56
1996-10-29,8.35,12.91,5.88,0.0,57.79,1.22
1996-10-30,10.19,17.06,5.81,0.0,42.21,1.29
1996-10-31,14.95,24.37,8.52,0.49,40.97,1.65
1996-11-01,4.02,10.25,1.72,2.13,76.43,2.18
1996-11-02,8.71,16.42,1.89,0.0,48.9,1.23
1996-11-03,10.47,16.53,6.77,0.11,45.21,1.19
1996-11-04,8.46,13.47,5.35,0.24,58.49,1.28
1996-11-05,8.12,11.78,5.94,0.19,62.28,0.99
1996-11-06,8.58,15.2,3.61,0.08,59.0,1.36
1996-11-07,9.38,14.38,6.06,0.15,50.49,1.81
1996-11-08,9.01,15.92,4.94,0.04,65.74,1.75
1996-11-09,7.61,14.26,3.51,0.0,51.46,1.81
1996-11-10,6.67,13.78,2.16,0.0,37.97,1.11
1996-11-11,6.4,13.17,2.11,0.0,39.38,1.33
1996-11-12,5.29,11.99,0.44,0.02,47.14,1.58
1996-11-13,-0.13,2.63,-1.78,5.03,64.12,1.33
1996-11-14,0.49,4.64,-2.16,0.66,78.79,1.39
1996-11-15,2.01,8.29,-2.19,0.0,65.17,1.34
1996-11-16,3.96,10.38,1.01,0.0,51.1,1.24
1996-11-17,3.26,9.16,-0.5,0.0,54.1,1.22
1996-11-18,1.82,7.89,-1.78,0.0,64.41,1.29
1996-11-19,-0.11,4.96,-3.64,0.0,68.31,1.68
1996-11-20,0.75,6.66,-2.32,0.0,62.37,1.34
1996-11-21,2.01,8.42,-1.07,0.0,54.78,1.03
1996-11-22,2.91,8.46,-0.07,0.0,53.01,1.14
1996-11-23,4.62,10.96,1.08,0.0,44.42,1.35
1996-11-24,4.59,10.47,1.33,0.0,40.7,1.29
1996-11-25,5.18,11.53,2.18,0.0,37.38,1.35
1996-11-26,4.41,9.96,1.1,0.0,37.74,1.1
1996-11-27,3.83,9.82,0.54,0.0,41.54,1.07
1996-11-28,5.37,12.1,1.55,0.0,31.91,1.17
1996-11-29,6.33,12.28,3.53,0.0,29.31,1.28
1996-11-30,5.53,11.49,2.92,0.0,32.57,1.06
1996-12-01,2.7,8.94,-1.13,0.0,44.33,1.4
1996-12-02,0.34,6.02,-3.08,0.0,49.42,1.2
1996-12-03,-1.06,3.41,-3.77,0.0,56.94,1.01
1996-12-04,-0.67,3.24,-2.69,0.0,62.54,0.91
1996-12-05,-0.71,4.69,-3.46,0.0,61.54,0.99
1996-12-06,-0.1,5.34,-3.31,0.0,52.81,1.06
1996-12-07,-0.52,4.04,-3.51,0.0,52.15,1.09
1996-12-08,-0.04,5.13,-2.27,0.0,46.58,1.19
1996-12-09,0.87,7.16,-2.2,0.0,37.82,1.22
1996-12-10,3.11,9.96,0.18,0.0,27.89,1.21
1996-12-11,5.03,10.49,2.56,0.0,20.63,1.12
1996-12-12,4.65,8.32,-0.18,0.56,31.71,1.23
1996-12-13,2.62,7.25,-0.42,0.4,41.87,1.33
1996-12-14,5.44,11.52,2.62,0.0,55.66,0.91
1996-12-15,7.02,15.58,2.12,0.0,46.37,1.51
1996-12-16,7.81,14.53,3.02,0.1,41.48,1.55
1996-12-17,7.09,14.23,1.24,0.34,59.94,1.66
1996-12-18,2.87,6.64,-0.77,2.61,77.12,1.32
1996-12-19,5.16,13.83,-1.07,0.0,55.37,1.29
1996-12-20,8.06,15.77,3.77,0.0,35.29,1.37
1996-12-21,6.79,12.4,3.35,0.0,44.07,2.16
1996-12-22,7.77,15.47,3.54,0.0,45.0,1.83
1996-12-23,10.15,17.83,5.71,0.7,45.92,2.67
1996-12-24,5.7,7.92,2.63,4.58,91.55,1.36
1996-12-25,7.28,15.07,1.77,0.0,57.37,1.85
1996-12-26,9.31,14.41,5.55,0.01,52.93,2.1
1996-12-27,10.51,17.05,6.07,1.21,61.3,2.16
1996-12-28,7.97,10.91,4.55,0.97,70.61,1.49
1996-12-29,9.77,16.8,4.83,0.64,65.74,1.52
1996-12-30,11.16,15.04,7.0,0.08,51.65,1.71
1996-12-31,4.85,6.96,2.64,1.35,70.04,0.88
1997-01-01,5.37,10.85,2.27,0.54,59.74,1.2
1997-01-02,8.01,14.94,3.69,0.0,42.89,1.4
1997-01-03,6.92,9.51,2.23,0.18,54.67,0.92
1997-01-04,3.33,6.17,1.61,2.88,83.96,2.59
1997-01-05,3.06,4.23,2.53,6.84,92.33,1.71
1997-01-06,4.33,9.23,1.35,3.28,77.73,1.66
1997-01-07,7.58,14.59,3.91,0.0,48.43,3.23
1997-01-08,2.34,4.92,-0.28,1.6,78.77,1.52
1997-01-09,4.6,10.54,0.96,0.82,76.14,1.35
1997-01-10,7.0,10.95,2.66,0.37,70.48,1.15
1997-01-11,6.33,8.49,3.31,0.83,79.23,0.86
1997-01-12,3.37,6.53,1.57,1.53,91.14,2.26
1997-01-13,0.05,1.38,-1.38,5.35,91.82,2.28
1997-01-14,-4.37,-0.77,-9.1,5.69,81.72,1.93
1997-01-15,-1.62,4.07,-6.98,0.17,67.34,1.13
1997-01-16,4.93,10.67,-0.48,0.06,51.65,3.16
1997-01-17,4.62,6.3,1.65,2.65,86.62,1.79
1997-01-18,-1.57,0.79,-5.17,21.78,95.26,2.15
1997-01-19,-11.86,-7.49,-16.18,3.02,88.95,2.4
1997-01-20,-8.61,-1.74,-16.05,0.0,63.26,1.76
1997-01-21,-5.22,1.11,-9.68,0.0,54.04,1.37
1997-01-22,-0.98,5.52,-6.19,0.0,41.28,1.31
1997-01-23,-0.88,1.53,-4.13,2.35,76.77,2.34
1997-01-24,-3.59,-0.58,-6.72,1.91,84.56,1.95
1997-01-25,-2.08,4.41,-6.99,0.0,55.02,1.28
1997-01-26,1.83,7.54,-4.49,0.0,46.69,1.47
1997-01-27,3.31,7.25,1.41,0.07,65.98,1.56
1997-01-28,3.04,6.53,-1.79,2.2,83.39,1.34
1997-01-29,-4.44,-2.15,-8.59,5.81,91.44,1.61
1997-01-30,-1.42,6.39,-8.05,0.16,59.36,1.26
1997-01-31,-0.26,5.29,-5.2,0.01,61.47,1.95
1997-02-01,2.3,9.03,-4.0,2.21,56.51,1.7
1997-02-02,-5.98,-1.45,-8.69,4.67,78.76,1.94
1997-02-03,-3.47,2.47,-7.78,0.0,54.54,1.53
1997-02-04,0.11,6.46,-4.74,0.0,46.16,1.43
1997-02-05,1.98,9.01,-2.04,0.0,42.51,1.48
1997-02-06,2.84,9.65,-1.19,0.0,41.46,1.49
1997-02-07,0.73,5.18,-3.38,2.32,65.23,2.41
1997-02-08,-4.03,-1.9,-6.42,5.05,81.5,1.56
1997-02-09,-4.41,-2.62,-6.22,0.26,77.33,1.71
1997-02-10,-2.44,3.3,-5.99,0.06,70.5,1.66
1997-02-11,-0.96,3.29,-4.39,0.15,60.05,2.05
1997-02-12,-1.79,2.19,-4.52,0.02,67.62,1.32
1997-02-13,0.68,7.02,-3.07,0.0,50.99,1.22
1997-02-14,2.06,7.67,-1.2,0.0,50.33,1.17
1997-02-15,3.28,9.62,-0.61,0.0,47.14,1.52
1997-02-16,4.0,10.2,0.11,0.0,44.79,1.36
1997-02-17,4.61,11.47,-0.61,0.0,47.91,1.52
1997-02-18,5.13,12.24,-0.12,0.0,45.97,1.6
1997-02-19,6.49,14.07,0.55,0.0,42.95,1.72
1997-02-20,3.01,5.86,0.02,3.42,67.05,1.52
1997-02-21,-3.28,1.24,-10.27,10.55,85.68,2.13
1997-02-22,-2.56,6.11,-11.97,0.0,51.03,1.49
1997-02-23,4.99,12.48,0.51,5.27,62.49,2.12
1997-02-24,0.6,2.04,-1.64,5.02,92.29,2.06
1997-02-25,-0.42,2.68,-3.08,0.17,80.47,1.15
1997-02-26,2.48,8.96,-2.72,0.0,56.09,1.09
1997-02-27,5.97,13.52,0.19,0.0,46.45,1.51
1997-02-28,8.38,15.82,4.11,0.04,51.94,1.29
1997-03-01,2.19,7.43,-0.59,4.5,87.14,1.83
1997-03-02,2.06,6.56,-1.11,1.69,74.86,1.39
1997-03-03,3.33,6.86,-0.01,2.18,75.3,1.81
1997-03-04,5.27,11.16,-0.71,0.09,59.25,1.23
1997-03-05,7.19,10.27,3.05,4.01,68.42,1.11
1997-03-06,7.37,13.81,2.15,1.63,71.92,1.53
1997-03-07,8.04,13.05,4.96,1.25,77.68,1.43
1997-03-08,11.52,19.42,5.36,0.14,62.9,1.39
1997-03-09,3.1,9.53,0.08,0.98,62.62,2.99
1997-03-10,1.58,5.91,-1.77,0.48,55.73,1.62
1997-03-11,0.36,4.95,-2.85,0.01,61.53,1.86
1997-03-12,0.48,5.2,-2.86,0.09,62.54,2.21
1997-03-13,4.06,10.95,-2.94,0.0,52.18,1.35
1997-03-14,2.08,5.51,-1.86,0.0,62.3,2.57
1997-03-15,3.3,10.12,-2.1,0.0,61.79,1.29
1997-03-16,5.71,12.55,0.92,0.0,57.84,1.41
1997-03-17,7.72,14.36,2.28,0.0,56.47,1.49
1997-03-18,9.76,15.39,5.08,0.02,63.72,1.24
1997-03-19,8.28,12.77,4.32,0.26,79.75,1.43
1997-03-20,8.66,14.42,3.62,0.01,66.71,1.96
1997-03-21,9.21,17.54,1.69,0.99,57.56,2.39
1997-03-22,4.67,10.17,-0.48,2.55,68.1,2.72
1997-03-23,3.61,8.9,0.23,2.74,75.21,1.68
1997-03-24,8.5,16.12,2.2,0.0,41.79,1.47
1997-03-25,12.66,22.11,4.27,0.0,44.62,1.7
1997-03-26,16.28,26.16,8.26,0.0,46.65,2.1
1997-03-27,11.67,16.75,5.77,3.64,76.06,2.32
1997-03-28,7.43,13.58,4.13,2.84,76.73,1.77
1997-03-29,11.32,18.67,4.15,0.04,60.99,1.54
1997-03-30,14.01,21.01,8.06,0.0,50.76,1.74
1997-03-31,15.62,22.15,10.61,0.0,55.01,1.36
1997-04-01,12.09,17.18,6.93,1.42,76.58,2.15
1997-04-02,9.41,12.2,6.78,6.48,87.59,1.74
1997-04-03,10.44,16.12,5.96,0.02,76.86,1.56
1997-04-04,10.96,16.28,7.63,0.19,77.08,1.35
1997-04-05,13.1,20.75,6.04,0.06,63.34,1.57
1997-04-06,15.17,20.89,9.42,0.89,55.74,1.34
1997-04-07,13.62,19.84,9.07,3.37,73.82,1.3
1997-04-08,15.14,20.89,9.35,1.41,56.83,1.52
1997-04-09,13.94,18.77,8.89,2.48,57.8,2.29
1997-04-10,16.29,26.21,7.67,0.06,52.17,3.34
1997-04-11,11.28,15.28,6.66,12.04,73.41,2.98
1997-04-12,7.49,11.5,3.57,10.11,82.37,2.77
1997-04-13,7.91,13.55,2.73,2.44,74.57,1.27
1997-04-14,7.94,11.43,5.17,2.99,79.19,1.27
1997-04-15,8.91,14.46,3.91,0.41,74.33,1.39
1997-04-16,11.5,19.32,4.14,0.0,66.7,1.53
1997-04-17,14.67,21.54,9.41,0.0,58.8,1.46
1997-04-18,16.03,23.4,8.41,0.0,55.92,1.27
1997-04-19,18.81,25.72,11.94,0.0,50.06,1.46
1997-04-20,17.92,26.22,13.59,4.75,63.77,2.03
1997-04-21,13.42,17.76,8.25,2.64,74.98,2.34
1997-04-22,14.96,22.3,7.71,0.0,64.69,1.26
1997-04-23,17.77,24.63,11.29,0.0,58.23,1.53
1997-04-24,19.35,25.74,14.3,0.05,59.14,1.33
1997-04-25,19.67,27.0,12.83,0.0,57.19,1.6
1997-04-26,21.83,30.07,14.4,0.0,49.51,1.76
1997-04-27,22.3,29.98,15.12,0.0,46.26,1.68
1997-04-28,23.1,30.83,16.53,0.15,49.89,1.7
1997-04-29,21.99,27.63,17.64,0.98,63.84,1.36
1997-04-30,20.53,25.05,16.38,1.26,73.48,1.57
1997-05-01,17.75,22.02,14.58,0.7,82.65,1.16
1997-05-02,16.14,19.96,13.33,4.94,83.45,2.19
1997-05-03,15.27,19.36,11.89,12.6,78.52,1.77
1997-05-04,17.1,24.3,9.98,0.15,57.98,1.08
1997-05-05,22.89,31.92,12.74,0.0,36.99,2.0
1997-05-06,12.58,16.65,8.85,9.68,83.13,2.81
1997-05-07,11.01,15.83,6.88,3.79,69.78,1.82
1997-05-08,11.9,17.24,6.09,0.0,56.04,1.76
1997-05-09,14.18,20.44,7.57,0.0,53.83,1.45
1997-05-10,14.77,20.85,9.61,0.4,61.13,1.61
1997-05-11,12.84,17.83,9.4,8.01,77.5,2.12
1997-05-12,12.59,19.18,7.67,2.61,66.46,2.35
1997-05-13,14.78,22.16,6.29,0.0,50.11,1.64
1997-05-14,15.66,22.09,9.2,0.07,49.8,1.73
1997-05-15,16.96,23.91,10.02,1.43,53.0,1.75
1997-05-16,12.72,16.54,10.15,17.41,76.86,1.83
1997-05-17,13.99,18.43,9.16,2.05,65.34,1.78
1997-05-18,16.09,23.6,8.13,0.0,53.78,1.64
1997-05-19,18.17,25.56,10.51,0.0,48.93,1.54
1997-05-20,19.15,26.49,11.15,0.0,48.8,1.56
1997-05-21,19.91,26.15,13.98,0.0,49.28,2.19
1997-05-22,21.69,28.53,14.65,0.0,50.07,1.62
1997-05-23,23.07,29.91,14.98,0.0,48.43,1.54
1997-05-24,24.56,31.14,16.78,0.0,47.6,1.53
1997-05-25,24.97,31.7,17.16,0.0,47.24,1.34
1997-05-26,24.98,32.47,16.9,0.72,46.35,1.6
1997-05-27,23.76,30.11,17.64,0.38,53.08,1.45
1997-05-28,24.88,31.48,17.39,0.21,49.51,1.51
1997-05-29,25.5,32.16,18.87,0.0,45.3,1.54
1997-05-30,25.07,32.05,18.41,0.04,45.14,1.6
1997-05-31,25.36,32.51,17.91,0.01,47.9,1.51
1997-06-01,26.43,33.22,18.48,0.01,45.99,1.62
1997-06-02,25.2,32.28,19.57,0.94,50.94,1.4
1997-06-03,26.98,33.44,20.03,2.71,47.77,2.33
1997-06-04,23.1,28.8,19.44,4.47,58.99,2.8
1997-06-05,23.51,29.61,17.06,0.33,54.86,2.17
1997-06-06,25.59,33.13,18.05,0.0,43.94,1.68
1997-06-07,26.71,34.7,18.24,0.0,39.1,1.76
1997-06-08,27.56,34.74,20.37,0.0,36.25,1.71
1997-06-09,23.87,28.88,18.64,1.26,43.86,1.68
1997-06-10,25.72,33.11,18.52,3.63,41.22,2.62
1997-06-11,23.52,29.34,18.58,1.95,48.19,2.52
1997-06-12,20.83,24.63,16.86,2.25,56.23,1.49
1997-06-13,23.4,31.34,15.34,0.0,43.64,1.51
1997-06-14,25.19,32.63,17.89,0.0,33.28,1.57
1997-06-15,26.77,34.64,16.6,0.0,28.55,1.5
1997-06-16,28.94,36.18,20.13,0.03,26.65,1.67
1997-06-17,28.98,36.02,22.01,0.26,28.42,2.9
1997-06-18,27.12,32.5,20.85,6.84,37.8,1.55
1997-06-19,26.66,33.13,19.58,0.56,42.13,1.45
1997-06-20,26.39,33.24,18.92,0.0,41.18,1.95
1997-06-21,27.51,34.61,20.42,0.0,36.47,1.72
1997-06-22,28.31,35.81,21.12,0.06,30.9,2.11
1997-06-23,29.24,37.07,20.98,0.0,30.8,1.94
1997-06-24,30.71,38.51,22.0,0.0,26.81,1.89
1997-06-25,31.61,39.14,23.14,0.0,24.33,1.79
1997-06-26,31.62,39.46,23.47,0.11,25.06,2.23
1997-06-27,29.87,37.78,21.18,0.19,26.26,2.56
1997-06-28,26.73,34.94,19.79,0.0,23.35,2.82
1997-06-29,24.79,32.05,16.33,0.0,29.33,2.63
1997-06-30,26.88,34.77,18.27,0.0,28.92,1.89
1997-07-01,28.79,36.63,20.58,0.04,23.06,2.34
1997-07-02,29.47,37.49,20.55,0.0,20.39,1.94
1997-07-03,30.6,38.56,21.84,0.0,16.48,1.97
1997-07-04,31.43,39.02,22.93,0.0,15.73,2.24
1997-07-05,28.38,34.02,22.43,0.0,27.43,2.4
1997-07-06,28.26,36.0,20.25,0.0,23.69,1.85
1997-07-07,30.75,38.71,23.33,0.0,17.44,2.05
1997-07-08,30.48,37.75,23.12,0.0,22.5,2.51
1997-07-09,27.28,33.03,21.13,0.14,33.52,3.21
1997-07-10,27.52,35.54,19.78,0.0,23.45,1.99
1997-07-11,28.87,36.68,20.39,0.0,16.56,2.23
1997-07-12,29.24,36.88,21.85,0.0,12.55,1.95
1997-07-13,29.33,36.43,21.93,0.0,17.08,2.45
1997-07-14,29.52,37.11,21.29,0.0,24.91,2.4
1997-07-15,31.54,39.33,23.77,0.0,18.74,2.01
1997-07-16,32.99,41.63,23.96,0.0,16.06,2.19
1997-07-17,33.98,42.75,24.68,0.0,12.56,2.02
1997-07-18,36.21,45.51,25.79,0.0,10.53,2.89
1997-07-19,35.2,42.6,27.56,0.0,12.32,4.18
1997-07-20,32.37,39.34,24.59,0.0,18.61,3.62
1997-07-21,27.36,33.09,21.03,0.0,20.95,2.95
1997-07-22,26.25,33.75,18.29,0.0,18.06,2.46
1997-07-23,26.87,34.85,19.98,0.0,13.32,2.5
1997-07-24,27.85,36.88,17.85,0.0,11.55,2.09
1997-07-25,29.07,37.48,20.48,0.0,12.79,2.51
1997-07-26,29.91,38.46,20.78,0.0,12.84,2.2
1997-07-27,30.02,38.39,22.11,0.0,12.06,2.3
1997-07-28,29.52,38.75,19.89,0.0,11.12,2.45
1997-07-29,28.57,37.66,19.66,0.0,11.02,2.12
1997-07-30,27.84,36.46,19.56,0.0,13.45,2.74
1997-07-31,28.23,35.23,19.35,0.11,16.22,1.64
1997-08-01,25.91,32.47,19.56,0.13,26.72,3.55
1997-08-02,23.52,28.94,18.59,0.17,32.01,1.92
1997-08-03,23.63,28.88,18.33,1.28,34.94,1.15
1997-08-04,25.12,32.77,17.02,0.0,29.01,1.87
1997-08-05,27.44,35.18,19.49,0.0,23.93,1.74
1997-08-06,28.38,36.33,20.45,0.0,18.83,2.05
1997-08-07,30.86,39.91,21.27,0.0,16.16,2.26
1997-08-08,31.77,39.89,23.82,0.0,18.69,2.88
1997-08-09,28.32,35.36,20.23,0.0,17.96,2.93
1997-08-10,26.15,34.79,17.92,0.0,14.53,2.81
1997-08-11,25.38,34.09,16.99,0.0,18.55,2.56
1997-08-12,24.7,33.04,17.38,0.0,22.18,2.63
1997-08-13,26.16,35.6,17.07,0.0,17.65,2.13
1997-08-14,27.77,36.22,19.17,0.0,12.41,1.93
1997-08-15,30.42,40.39,20.53,0.0,9.06,1.84
1997-08-16,31.31,40.51,22.03,0.0,9.05,2.65
1997-08-17,28.74,35.79,22.2,0.0,18.25,2.82
1997-08-18,28.68,37.12,20.74,0.0,17.61,1.76
1997-08-19,30.18,39.76,21.67,0.0,13.84,2.16
1997-08-20,31.77,41.97,23.13,0.0,11.09,2.14
1997-08-21,32.06,40.47,24.28,0.0,12.6,2.92
1997-08-22,30.21,38.47,22.87,0.0,17.13,3.78
1997-08-23,27.0,33.84,18.9,0.0,18.12,2.58
1997-08-24,21.97,28.56,15.48,0.0,19.72,2.94
1997-08-25,22.84,30.92,15.12,0.0,20.1,1.86
1997-08-26,23.59,31.83,15.88,0.0,17.13,2.26
1997-08-27,24.27,32.89,16.18,0.0,17.27,2.41
1997-08-28,23.35,30.38,16.26,0.0,20.8,2.8
1997-08-29,21.78,31.24,13.66,0.0,17.69,2.01
1997-08-30,22.87,31.32,14.55,0.0,13.05,2.08
1997-08-31,24.15,30.64,16.77,0.0,11.89,1.88
1997-09-01,25.44,33.56,18.42,0.0,17.14,1.93
1997-09-02,26.3,35.77,17.75,0.0,11.71,1.73
1997-09-03,28.92,37.82,20.44,0.0,10.49,2.79
1997-09-04,26.96,34.42,20.77,0.0,18.55,2.6
1997-09-05,22.85,29.98,16.21,0.0,31.79,3.07
1997-09-06,18.68,25.19,12.58,0.0,32.75,3.34
1997-09-07,16.58,24.45,10.34,0.05,22.59,2.52
1997-09-08,15.38,22.2,9.72,0.0,24.36,2.32
1997-09-09,16.04,24.13,9.52,0.0,21.05,1.75
1997-09-10,19.11,27.7,11.99,0.0,12.58,1.64
1997-09-11,22.03,30.9,15.36,0.0,10.94,1.76
1997-09-12,23.79,31.96,17.86,0.0,12.24,1.74
1997-09-13,23.53,31.73,17.28,0.0,13.39,1.92
1997-09-14,23.88,32.23,17.86,0.0,10.74,1.81
1997-09-15,21.71,29.48,14.68,0.0,13.85,2.64
1997-09-16,19.5,26.38,13.94,0.0,25.49,2.22
1997-09-17,18.91,26.72,12.9,0.0,26.11,2.04
1997-09-18,19.22,26.79,13.21,0.0,21.94,1.66
1997-09-19,19.85,27.64,13.18,0.0,18.95,1.71
1997-09-20,20.08,27.27,14.81,0.0,20.99,1.91
1997-09-21,19.29,26.41,14.15,0.0,25.09,1.77
1997-09-22,19.39,27.14,12.18,0.0,23.11,1.8
1997-09-23,20.16,27.87,12.97,0.0,19.99,1.86
1997-09-24,21.67,30.12,14.57,0.0,18.58,1.72
1997-09-25,22.49,30.26,15.57,0.0,19.11,1.97
1997-09-26,22.05,29.93,15.51,0.0,23.11,1.87
1997-09-27,23.05,31.2,17.02,0.0,23.59,1.89
1997-09-28,22.67,30.76,16.49,0.0,19.73,1.72
1997-09-29,22.07,29.94,15.47,0.0,16.95,1.66
1997-09-30,21.64,29.82,15.15,0.0,15.37,1.64
1997-10-01,22.05,30.43,15.35,0.0,15.1,1.75
1997-10-02,22.47,30.91,15.69,0.0,17.88,1.91
1997-10-03,22.69,30.65,16.62,0.0,19.45,2.04
1997-10-04,23.91,32.41,17.34,0.0,18.45,2.13
1997-10-05,22.22,29.4,16.78,0.0,28.68,1.69
1997-10-06,20.52,27.24,15.93,0.0,33.15,1.77
1997-10-07,21.5,28.57,16.12,0.0,27.32,1.74
1997-10-08,16.21,18.56,11.17,8.75,57.1,2.68
1997-10-09,13.44,19.73,8.93,0.0,49.19,1.69
1997-10-10,13.84,21.11,8.56,0.0,41.52,1.61
1997-10-11,15.29,22.24,10.25,0.0,38.22,1.46
1997-10-12,15.56,23.01,11.22,0.0,37.44,1.65
1997-10-13,16.79,24.24,12.07,0.0,30.87,1.47
1997-10-14,17.01,25.15,11.64,0.0,28.4,1.58
1997-10-15,16.6,25.09,10.89,0.0,26.0,1.75
1997-10-16,16.8,25.22,11.02,0.0,24.94,1.87
1997-10-17,17.17,25.09,11.99,0.0,26.27,1.62
1997-10-18,17.33,25.95,11.86,0.0,21.34,1.75
1997-10-19,17.25,23.86,12.04,0.0,22.3,1.51
1997-10-20,17.62,22.81,13.92,0.0,22.92,1.25
1997-10-21,16.43,24.0,11.19,0.0,24.27,1.58
1997-10-22,14.8,22.31,9.54,0.0,27.33,1.91
1997-10-23,15.49,23.85,10.59,0.0,24.98,1.54
1997-10-24,16.08,24.01,11.27,0.0,22.84,1.59
1997-10-25,17.3,25.55,11.15,0.0,22.79,1.83
1997-10-26,15.14,19.06,10.28,0.0,26.9,1.28
1997-10-27,14.33,21.25,9.72,0.0,33.98,1.63
1997-10-28,14.62,21.6,9.69,0.13,34.93,1.41
1997-10-29,13.95,21.41,8.99,0.0,37.74,1.74
1997-10-30,14.53,21.39,9.98,0.0,33.58,1.48
1997-10-31,15.35,21.16,11.16,0.0,29.96,1.42
1997-11-01,12.52,21.17,1.94,1.2,42.36,2.77
1997-11-02,2.14,7.01,-0.73,4.75,65.19,2.32
1997-11-03,6.85,14.15,0.56,0.0,45.55,1.2
1997-11-04,12.3,18.22,6.57,0.42,43.36,1.85
1997-11-05,16.33,23.09,9.98,0.1,60.76,2.76
1997-11-06,11.03,17.29,1.77,19.03,75.14,2.79
1997-11-07,1.4,5.82,-4.11,2.25,68.62,1.68
1997-11-08,-1.44,4.67,-5.19,0.0,60.65,1.23
1997-11-09,-0.09,5.43,-2.92,0.0,48.99,1.09
1997-11-10,2.9,8.5,-0.08,0.0,39.54,0.99
1997-11-11,5.85,13.5,0.92,0.0,44.63,1.37
1997-11-12,8.34,15.16,5.06,0.0,47.11,1.28
1997-11-13,8.25,14.79,5.09,0.0,56.78,1.27
1997-11-14,6.93,14.7,1.34,0.0,63.59,1.21
1997-11-15,6.05,7.65,4.45,0.15,68.86,0.88
1997-11-16,6.6,11.75,3.48,0.18,76.61,1.06
1997-11-17,7.55,14.71,3.5,0.01,58.85,1.92
1997-11-18,5.0,9.38,0.78,1.27,71.55,1.42
1997-11-19,4.87,9.82,0.85,0.59,55.1,1.16
1997-11-20,5.38,11.88,1.99,0.0,62.64,1.12
1997-11-21,6.6,12.39,2.86,0.0,53.32,1.05
1997-11-22,7.22,13.5,3.38,0.0,49.5,1.5
1997-11-23,-1.75,3.91,-8.07,1.82,72.09,2.03
1997-11-24,-3.71,3.05,-7.72,0.0,56.3,0.97
1997-11-25,-2.04,2.97,-4.54,0.0,59.01,1.02
1997-11-26,-2.36,2.71,-5.28,0.0,60.63,1.28
1997-11-27,0.14,5.31,-2.73,0.0,54.25,0.88
1997-11-28,1.79,7.49,-1.38,0.0,50.68,0.89
1997-11-29,2.21,6.64,0.12,0.01,52.97,1.06
1997-11-30,3.22,8.68,0.52,0.34,62.03,1.54
1997-12-01,5.72,10.54,1.9,0.0,50.61,0.91
1997-12-02,3.33,5.44,0.11,1.5,74.05,0.76
1997-12-03,1.1,5.71,-1.9,1.37,83.25,1.06
1997-12-04,-0.01,5.38,-3.37,1.99,63.4,1.18
1997-12-05,1.32,8.54,-2.75,0.0,43.12,1.32
1997-12-06,4.71,11.22,0.89,0.0,40.7,1.41
1997-12-07,5.94,13.02,0.55,0.0,52.17,1.26
1997-12-08,6.6,13.8,2.89,0.0,49.51,1.36
1997-12-09,7.68,13.95,3.89,0.0,44.05,1.45
1997-12-10,8.69,15.71,4.02,0.0,45.21,1.73
1997-12-11,9.58,15.47,6.87,0.14,68.12,1.73
1997-12-12,2.35,8.34,-0.77,3.31,86.65,1.27
1997-12-13,0.8,4.08,-0.94,2.15,86.35,1.31
1997-12-14,4.08,9.05,-0.11,0.19,68.91,1.84
1997-12-15,4.3,8.73,0.07,0.0,63.5,1.13
1997-12-16,4.32,10.23,-0.42,0.0,62.55,2.06
1997-12-17,2.21,7.21,-6.13,5.11,71.19,1.93
1997-12-18,-6.53,-3.64,-8.25,3.01,74.04,1.58
1997-12-19,-3.4,0.97,-7.76,1.19,76.86,1.73
1997-12-20,-0.78,0.92,-1.6,2.73,94.25,1.68
1997-12-21,-0.82,2.58,-3.29,4.05,86.28,1.06
1997-12-22,-1.11,0.84,-5.49,5.05,84.07,1.34
1997-12-23,-6.29,-2.36,-13.11,7.55,93.35,1.87
1997-12-24,-6.33,0.88,-12.4,0.02,66.34,1.35
1997-12-25,-1.57,1.11,-4.03,0.18,57.78,0.82
1997-12-26,2.24,4.58,-0.06,0.57,76.8,0.76
1997-12-27,-1.42,1.05,-4.14,1.58,90.08,0.82
1997-12-28,-3.07,0.09,-5.19,0.68,93.67,0.92
1997-12-29,-2.82,2.8,-5.4,0.0,78.23,1.12
1997-12-30,-0.1,6.19,-5.04,0.0,52.7,1.13
1997-12-31,1.88,7.4,-1.12,0.0,48.56,1.44
1998-01-01,3.08,8.7,0.2,0.0,66.69,1.36
1998-01-02,3.68,10.28,-0.35,0.0,56.47,1.51
1998-01-03,4.47,8.76,1.71,1.21,65.09,2.9
1998-01-04,-0.8,1.26,-3.25,2.38,83.06,1.84
1998-01-05,-0.49,4.68,-3.73,0.0,67.06,0.96
1998-01-06,2.99,8.12,-0.34,0.28,55.27,1.35
1998-01-07,0.93,3.16,-1.97,4.81,93.64,2.75
1998-01-08,-1.34,0.37,-2.34,1.04,87.76,1.8
1998-01-09,0.14,5.3,-2.87,0.61,76.26,1.76
1998-01-10,1.94,6.79,-0.83,0.06,51.5,1.31
1998-01-11,1.18,4.44,-1.25,0.4,73.45,1.14
1998-01-12,1.14,6.65,-1.34,0.0,65.49,1.29
1998-01-13,2.77,9.8,-0.61,0.0,50.57,1.46
1998-01-14,2.69,10.75,-0.44,0.08,55.89,3.06
1998-01-15,-1.48,0.23,-4.01,1.09,84.92,2.01
1998-01-16,-0.38,5.13,-4.02,0.1,64.78,1.59
1998-01-17,-1.02,0.84,-3.44,0.22,80.89,1.37
1998-01-18,-0.87,3.76,-4.12,1.41,71.06,1.39
1998-01-19,-3.43,-1.76,-5.52,9.62,91.76,1.27
1998-01-20,-7.04,-3.62,-11.0,2.36,73.73,1.21
1998-01-21,-4.59,2.1,-10.29,0.0,43.52,1.28
1998-01-22,-5.81,-3.57,-10.4,1.17,76.73,1.17
1998-01-23,-8.61,-2.69,-12.71,0.16,71.17,0.98
1998-01-24,-2.82,2.1,-8.19,0.36,64.24,0.95
1998-01-25,-0.56,2.04,-3.35,12.13,92.25,1.45
1998-01-26,-1.58,1.12,-5.63,4.41,93.87,1.49
1998-01-27,1.9,2.73,1.16,12.0,95.04,0.86
1998-01-28,0.29,1.59,-1.97,8.9,96.51,0.55
1998-01-29,0.04,3.68,-2.53,1.72,83.18,0.89
1998-01-30,2.66,7.69,-0.58,0.09,62.88,1.37
1998-01-31,5.0,9.2,2.35,3.38,77.02,1.34
1998-02-01,0.3,6.18,-3.25,6.82,89.11,1.25
1998-02-02,0.54,6.64,-3.31,0.0,73.37,1.16
1998-02-03,2.27,7.89,-1.54,0.0,62.71,1.87
1998-02-04,2.51,8.51,-1.72,0.0,59.25,1.64
1998-02-05,4.97,10.24,2.22,0.0,49.19,1.79
1998-02-06,4.86,9.35,2.16,0.16,70.9,1.93
1998-02-07,7.09,11.27,3.25,0.01,59.94,1.97
1998-02-08,9.22,15.32,5.73,3.2,66.43,3.37
1998-02-09,5.08,7.1,1.23,10.45,93.95,1.5
1998-02-10,-1.96,1.3,-7.34,15.71,91.55,2.52
1998-02-11,-6.16,-0.98,-9.54,1.38,74.15,1.25
1998-02-12,-1.12,4.52,-6.81,5.45,61.54,1.29
1998-02-13,-0.37,1.15,-2.04,13.95,95.19,0.41
1998-02-14,-0.77,0.54,-3.67,8.67,93.56,1.74
1998-02-15,-0.91,2.95,-8.05,3.05,90.14,1.98
1998-02-16,-7.67,-5.07,-9.82,10.82,97.95,1.46
1998-02-17,-9.56,-6.87,-12.37,3.25,97.34,1.18
1998-02-18,-7.85,-0.97,-14.33,0.14,76.49,1.63
1998-02-19,-1.83,4.12,-8.11,0.0,57.34,1.24
1998-02-20,-4.28,-0.87,-6.99,0.04,89.44,0.94
1998-02-21,-2.27,1.73,-5.42,0.12,87.68,1.48
1998-02-22,-3.6,-1.64,-9.61,3.05,90.04,2.42
1998-02-23,-7.9,-2.92,-10.75,0.84,80.62,1.53
1998-02-24,-5.11,0.93,-9.41,0.0,76.36,1.38
1998-02-25,-3.02,2.32,-8.21,0.0,73.82,1.27
1998-02-26,2.08,8.47,-3.5,0.0,53.05,1.19
1998-02-27,3.75,8.44,0.03,0.0,67.1,1.49
1998-02-28,3.7,11.55,-1.37,0.59,79.1,2.71
1998-03-01,-1.78,2.46,-4.72,3.87,78.17,2.89
1998-03-02,-0.74,3.02,-3.02,4.33,88.3,1.78
1998-03-03,-2.42,2.66,-5.91,3.56,83.02,1.48
1998-03-04,-1.92,2.89,-5.27,0.03,72.93,1.16
1998-03-05,0.14,5.38,-3.56,0.04,72.43,1.21
1998-03-06,0.58,9.04,-4.19,2.72,75.55,2.16
1998-03-07,-1.52,1.33,-4.54,1.64,77.66,1.47
1998-03-08,0.94,8.19,-4.81,0.02,64.35,1.88
1998-03-09,3.04,10.7,-3.01,0.0,57.92,1.63
1998-03-10,5.16,12.08,0.25,0.0,55.27,1.81
1998-03-11,5.93,12.49,1.81,0.0,56.17,1.42
1998-03-12,3.54,9.97,-1.4,0.0,64.4,1.67
1998-03-13,5.1,10.97,0.6,0.04,57.22,1.39
1998-03-14,7.3,12.23,3.59,7.84,71.41,1.52
1998-03-15,7.11,13.0,2.29,3.81,76.29,1.91
1998-03-16,9.85,14.62,5.06,0.45,67.05,1.15
1998-03-17,5.46,7.9,2.52,5.9,93.41,1.25
1998-03-18,9.12,16.08,3.08,0.17,70.38,1.39
1998-03-19,10.56,14.67,7.1,12.47,83.65,1.78
1998-03-20,9.81,14.97,5.02,12.24,77.55,1.63
1998-03-21,5.7,9.81,2.34,5.88,79.67,0.81
1998-03-22,4.78,8.6,1.49,1.31,76.82,1.5
1998-03-23,6.32,11.93,0.35,0.52,61.45,1.58
1998-03-24,9.14,14.72,5.0,0.28,59.79,2.78
1998-03-25,11.18,18.49,4.39,0.0,60.41,1.42
1998-03-26,9.76,16.45,1.7,11.51,73.88,2.89
1998-03-27,3.78,9.94,-1.52,0.63,70.79,1.42
1998-03-28,5.71,12.0,0.72,0.0,55.69,1.38
1998-03-29,9.56,16.44,3.61,0.0,51.59,1.07
1998-03-30,15.05,23.34,5.46,0.64,49.48,2.9
1998-03-31,12.32,15.64,9.3,3.31,68.95,3.01
1998-04-01,7.95,10.68,5.11,1.03,76.53,1.19
1998-04-02,6.9,12.44,3.72,3.83,77.81,1.01
1998-04-03,9.96,16.69,3.92,0.0,61.38,1.36
1998-04-04,12.06,17.77,6.66,0.02,61.8,1.41
1998-04-05,14.04,21.92,7.71,0.08,62.56,1.88
1998-04-06,12.26,17.08,8.44,4.65,81.33,1.23
1998-04-07,11.51,15.79,6.59,0.82,74.61,1.82
1998-04-08,11.15,18.3,5.36,0.0,63.44,2.06
1998-04-09,11.17,17.44,5.81,0.0,67.38,1.77
1998-04-10,12.63,18.96,6.66,0.0,69.43,1.53
1998-04-11,14.3,20.38,8.73,0.0,62.58,1.6
1998-04-12,13.43,18.88,8.89,0.0,69.12,1.93
1998-04-13,14.62,21.55,9.06,0.0,65.44,1.66
1998-04-14,17.51,25.58,9.57,0.0,56.33,1.85
1998-04-15,18.76,25.3,13.09,0.0,53.12,1.79
1998-04-16,19.11,26.12,12.78,0.0,51.54,2.14
1998-04-17,20.59,27.42,13.75,0.44,54.25,2.42
1998-04-18,16.51,22.01,11.43,0.06,59.3,1.39
1998-04-19,19.15,26.05,12.87,0.25,62.36,2.05
1998-04-20,15.83,21.29,11.31,0.24,77.68,1.8
1998-04-21,14.1,20.22,10.17,0.03,74.61,1.47
1998-04-22,15.9,21.21,11.41,0.07,65.98,1.38
1998-04-23,17.23,22.43,14.0,3.93,77.9,1.37
1998-04-24,16.18,19.11,11.47,16.31,82.36,2.2
1998-04-25,9.96,11.39,6.86,12.96,89.87,1.57
1998-04-26,9.97,13.54,5.82,5.19,81.55,1.53
1998-04-27,11.82,16.59,5.89,1.16,71.61,1.46
1998-04-28,13.78,18.78,9.37,0.0,58.62,1.6
1998-04-29,14.82,21.65,7.13,0.0,50.72,1.18
1998-04-30,16.81,22.42,11.88,2.12,61.81,1.55
1998-05-01,15.26,19.85,10.29,4.19,74.45,1.49
1998-05-02,9.72,12.62,2.47,16.19,79.22,2.74
1998-05-03,6.21,12.49,-0.02,0.0,56.59,2.63
1998-05-04,9.25,17.53,0.82,0.0,60.3,1.81
1998-05-05,13.01,19.58,5.98,0.0,58.25,1.54
1998-05-06,11.55,14.87,8.4,0.4,71.66,1.45
1998-05-07,14.31,20.15,8.14,0.39,65.47,1.3
1998-05-08,15.98,22.1,9.69,0.0,62.15,1.72
1998-05-09,17.45,23.66,9.82,0.01,60.23,1.8
1998-05-10,17.41,22.91,11.8,0.44,62.64,1.69
1998-05-11,16.32,21.68,10.14,0.01,53.12,1.61
1998-05-12,14.6,19.32,11.21,3.91,61.22,1.69
1998-05-13,15.11,21.3,9.05,0.1,57.13,1.77
1998-05-14,20.29,28.3,9.63,0.13,44.67,1.38
1998-05-15,21.64,27.77,16.75,7.29,69.01,1.78
1998-05-16,20.2,24.83,15.98,1.79,74.67,1.69
1998-05-17,20.36,25.95,14.27,0.8,65.01,1.3
1998-05-18,15.53,20.66,7.43,13.86,71.72,2.47
1998-05-19,10.85,17.22,4.97,0.0,50.35,2.87
1998-05-20,15.26,22.96,6.43,0.0,47.27,2.05
1998-05-21,20.41,27.42,12.28,0.0,41.35,1.29
1998-05-22,23.29,30.91,15.3,0.0,46.2,1.72
1998-05-23,23.45,30.04,16.98,1.29,50.22,1.92
1998-05-24,21.67,26.58,16.02,2.76,56.62,1.5
1998-05-25,20.71,26.88,15.23,0.04,56.96,2.32
1998-05-26,20.81,26.56,15.72,0.86,59.53,1.48
1998-05-27,20.37,25.22,15.58,3.0,62.13,1.46
1998-05-28,17.9,21.14,14.97,12.99,74.54,1.45
1998-05-29,17.67,20.71,13.86,5.41,72.32,0.72
1998-05-30,19.79,25.87,13.5,0.4,61.26,1.25
1998-05-31,22.41,28.65,16.3,0.01,52.04,1.17
1998-06-01,18.07,20.88,14.17,1.35,79.31,1.41
1998-06-02,21.43,26.98,13.83,0.65,59.68,1.61
1998-06-03,22.01,27.6,15.23,0.77,57.5,1.57
1998-06-04,22.58,28.54,16.08,0.0,54.55,1.54
1998-06-05,22.88,29.08,16.1,0.43,56.64,1.6
1998-06-06,20.96,25.71,15.66,10.02,64.88,1.5
1998-06-07,20.92,27.16,15.05,0.37,59.14,1.59
1998-06-08,21.98,29.41,14.03,0.0,53.67,1.66
1998-06-09,24.06,30.21,17.84,0.0,42.77,1.52
1998-06-10,20.09,25.3,13.93,1.47,52.14,2.19
1998-06-11,20.31,27.83,13.14,0.0,49.24,2.03
1998-06-12,21.67,29.44,13.59,0.22,50.88,2.03
1998-06-13,19.9,24.49,13.94,1.24,58.86,2.93
1998-06-14,19.7,26.93,12.16,0.09,53.08,2.23
1998-06-15,21.28,28.08,14.55,0.04,51.93,1.73
1998-06-16,22.45,29.06,15.59,0.0,43.33,1.27
1998-06-17,22.79,29.86,14.83,0.3,43.82,1.75
1998-06-18,24.63,31.11,17.37,0.19,41.97,1.62
1998-06-19,26.32,33.06,17.63,0.86,38.99,1.5
1998-06-20,25.21,32.06,18.39,5.94,47.12,1.94
1998-06-21,25.02,31.52,18.29,0.2,46.88,2.06
1998-06-22,25.98,33.62,19.1,0.0,44.65,1.92
1998-06-23,26.91,34.25,18.95,0.0,41.45,1.92
1998-06-24,28.8,36.92,20.3,0.0,37.14,2.07
1998-06-25,30.0,37.3,21.73,0.0,35.15,1.87
1998-06-26,31.16,39.3,24.48,0.29,34.27,2.41
1998-06-27,30.34,37.89,23.34,0.0,32.41,2.27
1998-06-28,30.71,38.24,21.83,0.18,30.12,2.35
1998-06-29,30.69,38.97,21.41,0.71,25.7,2.82
1998-06-30,22.33,28.1,17.6,2.88,49.24,3.14
1998-07-01,22.76,29.55,16.28,0.0,31.73,2.27
1998-07-02,24.69,32.8,16.06,0.0,29.15,1.73
1998-07-03,26.34,34.61,17.27,0.0,26.61,2.06
1998-07-04,29.57,37.38,21.01,0.0,24.35,1.47
1998-07-05,30.96,38.79,22.23,0.0,23.53,1.97
1998-07-06,31.8,39.5,23.22,0.0,22.51,1.68
1998-07-07,33.03,41.36,23.61,0.0,20.84,1.78
1998-07-08,34.14,42.16,24.57,0.0,20.23,2.59
1998-07-09,33.42,41.51,25.06,0.0,21.49,2.78
1998-07-10,32.35,40.25,24.63,0.0,24.0,2.49
1998-07-11,31.35,38.25,24.56,0.03,27.05,3.01
1998-07-12,29.55,36.43,22.32,0.0,25.45,3.39
1998-07-13,29.29,37.08,21.79,0.0,22.43,2.58
1998-07-14,30.32,38.66,20.85,0.0,18.03,1.93
1998-07-15,31.01,39.05,22.22,0.04,16.63,2.67
1998-07-16,28.16,34.69,22.75,1.32,29.37,2.55
1998-07-17,27.45,34.7,19.86,0.01,30.56,1.85
1998-07-18,27.24,33.88,20.83,0.14,28.71,2.39
1998-07-19,26.74,34.05,20.25,0.0,26.77,1.95
1998-07-20,28.59,35.88,21.5,0.0,25.52,1.81
1998-07-21,29.43,36.98,21.09,0.0,24.53,1.84
1998-07-22,30.14,37.23,23.53,0.45,25.15,2.33
1998-07-23,29.41,36.15,21.63,0.17,28.7,2.52
1998-07-24,29.56,36.49,23.16,0.6,28.03,1.89
1998-07-25,27.88,32.93,23.4,2.44,33.83,1.68
1998-07-26,23.22,26.94,19.01,6.92,54.62,1.75
1998-07-27,26.33,33.01,18.5,0.28,44.93,1.96
1998-07-28,28.61,35.42,21.03,0.18,36.53,1.68
1998-07-29,28.92,35.56,22.09,0.21,36.1,1.72
1998-07-30,29.23,35.77,22.3,0.01,34.35,2.28
1998-07-31,29.39,36.15,23.45,0.24,33.15,2.32
1998-08-01,28.86,35.81,22.67,0.13,31.75,2.08
1998-08-02,29.49,36.56,22.8,0.0,29.11,1.86
1998-08-03,29.89,37.07,22.54,0.03,28.31,1.86
1998-08-04,29.65,36.93,22.87,1.19,26.97,2.3
1998-08-05,28.03,33.78,21.55,1.57,30.1,2.0
1998-08-06,27.36,34.04,20.81,0.55,36.96,1.83
1998-08-07,28.59,35.26,22.08,0.21,37.31,1.87
1998-08-08,29.43,35.68,23.26,0.44,37.94,2.31
1998-08-09,28.66,35.43,22.77,0.57,41.28,1.99
1998-08-10,29.2,36.05,22.33,0.0,33.48,3.01
1998-08-11,30.35,38.39,22.68,0.0,26.61,2.11
1998-08-12,30.47,38.02,22.31,0.0,23.29,2.12
1998-08-13,31.29,38.76,24.59,0.0,21.85,1.84
1998-08-14,30.22,37.81,22.81,0.0,23.24,2.75
1998-08-15,24.58,28.96,18.91,0.0,33.0,2.84
1998-08-16,23.68,30.69,18.14,0.0,23.62,1.77
1998-08-17,24.81,32.31,17.65,0.0,18.57,2.05
1998-08-18,26.25,33.85,19.5,0.0,19.1,2.12
1998-08-19,25.61,31.08,20.16,0.08,26.73,2.44
1998-08-20,24.5,30.59,19.52,0.0,27.02,2.27
1998-08-21,24.85,33.01,17.13,0.0,21.69,1.39
1998-08-22,26.41,34.66,17.58,0.07,18.15,1.9
1998-08-23,27.68,35.0,21.33,0.3,19.06,1.93
1998-08-24,27.82,35.63,19.62,0.0,19.45,1.85
1998-08-25,27.81,35.44,19.91,0.0,20.27,1.97
1998-08-26,27.49,35.31,19.75,0.0,20.58,1.78
1998-08-27,28.06,36.47,20.1,0.0,19.65,1.97
1998-08-28,28.67,37.07,20.3,0.0,18.06,2.38
1998-08-29,29.19,37.94,21.27,0.0,17.56,3.7
1998-08-30,27.03,35.58,20.09,0.0,18.85,2.31
1998-08-31,27.13,35.27,20.0,0.0,17.66,2.37
1998-09-01,27.54,36.18,19.72,0.0,16.14,2.34
1998-09-02,29.07,38.11,20.5,0.0,13.55,1.99
1998-09-03,30.5,38.96,21.94,0.0,11.38,2.03
1998-09-04,29.78,38.26,22.39,0.0,14.58,2.87
1998-09-05,27.63,35.25,21.59,0.0,20.62,2.59
1998-09-06,28.03,36.05,21.6,0.0,19.44,1.78
1998-09-07,26.92,32.66,21.26,0.0,24.68,1.93
1998-09-08,22.15,28.21,16.43,0.0,28.67,2.83
1998-09-09,18.41,25.17,12.87,0.0,22.39,2.51
1998-09-10,18.86,25.98,12.7,0.0,16.59,2.23
1998-09-11,19.42,26.8,12.89,0.28,19.3,1.53
1998-09-12,16.1,20.83,11.78,8.03,44.39,1.33
1998-09-13,14.49,19.64,9.62,0.47,56.61,1.54
1998-09-14,13.96,20.01,9.0,0.35,48.76,1.78
1998-09-15,16.82,25.39,9.81,0.0,35.94,2.05
1998-09-16,19.24,27.14,13.02,0.0,29.72,1.76
1998-09-17,21.02,29.86,12.99,0.0,24.95,1.84
1998-09-18,21.99,29.83,15.03,0.0,22.91,1.74
1998-09-19,23.28,31.85,15.75,0.0,20.56,1.89
1998-09-20,23.7,30.83,17.74,0.0,19.99,1.8
1998-09-21,22.0,30.04,15.3,0.0,20.22,2.13
1998-09-22,21.7,29.39,14.06,0.0,17.59,2.02
1998-09-23,21.31,29.29,13.38,0.0,17.43,1.9
1998-09-24,22.31,31.12,14.9,0.0,15.63,1.78
1998-09-25,24.44,33.83,16.65,0.0,13.42,2.26
1998-09-26,24.57,33.34,17.81,0.01,16.42,2.39
1998-09-27,18.64,24.76,13.47,0.07,34.42,3.01
1998-09-28,15.82,23.26,10.56,0.0,25.89,2.05
1998-09-29,16.19,23.95,10.8,0.0,16.86,1.42
1998-09-30,17.99,26.24,11.46,0.0,14.71,1.59
1998-10-01,20.66,30.07,12.91,0.0,16.74,1.92
1998-10-02,22.74,31.13,14.96,0.0,14.13,2.0
1998-10-03,21.23,29.42,15.62,0.0,17.22,2.01
1998-10-04,19.61,26.53,14.5,0.0,31.42,2.05
1998-10-05,18.4,24.78,13.6,1.11,39.38,2.16
1998-10-06,15.81,22.13,11.94,0.87,58.45,1.32
1998-10-07,17.61,24.64,11.5,0.0,40.45,1.79
1998-10-08,17.19,24.83,10.11,1.16,34.98,2.85
1998-10-09,3.37,9.35,-2.12,14.93,70.19,2.59
1998-10-10,2.61,9.39,-3.13,0.0,48.45,1.54
1998-10-11,7.48,14.86,0.47,0.0,33.1,1.52
1998-10-12,13.07,21.08,7.33,0.0,33.07,1.61
1998-10-13,13.53,20.81,8.15,0.0,39.65,1.71
1998-10-14,12.67,19.72,7.5,0.0,42.67,1.66
1998-10-15,12.98,21.58,6.22,0.0,42.65,1.81
1998-10-16,14.73,22.34,9.96,0.0,35.39,1.54
1998-10-17,15.13,23.03,9.33,0.0,34.79,1.71
1998-10-18,15.66,23.2,10.09,0.0,31.33,1.97
1998-10-19,13.16,19.46,9.31,0.0,37.39,1.6
1998-10-20,14.47,22.38,9.42,0.0,38.11,1.58
1998-10-21,11.94,18.98,7.11,0.0,41.19,1.93
1998-10-22,13.62,21.35,7.16,0.0,33.83,1.54
1998-10-23,13.91,20.86,8.29,0.0,34.24,2.03
1998-10-24,12.57,18.9,7.67,0.0,41.33,2.08
1998-10-25,8.53,11.93,4.8,1.36,64.3,1.42
1998-10-26,8.12,13.97,4.89,0.0,54.52,1.46
1998-10-27,9.14,15.17,4.95,0.51,48.75,1.46
1998-10-28,7.46,13.09,3.17,2.36,62.17,1.26
1998-10-29,9.18,16.15,4.48,0.0,56.68,1.43
1998-10-30,11.96,20.71,5.3,0.0,40.55,1.89
1998-10-31,14.83,23.49,9.0,0.0,26.77,1.38
1998-11-01,15.25,23.82,11.29,0.0,22.31,1.55
1998-11-02,16.63,25.61,10.54,0.0,21.07,2.21
1998-11-03,14.02,20.74,9.81,0.0,30.06,1.81
1998-11-04,13.19,19.97,8.5,0.0,34.01,1.62
1998-11-05,11.81,18.36,8.2,0.0,36.01,1.22
1998-11-06,12.77,19.98,8.63,0.0,31.07,1.52
1998-11-07,13.2,20.37,8.6,0.0,30.52,1.53
1998-11-08,12.24,19.3,7.94,0.0,34.41,1.59
1998-11-09,14.29,22.94,7.83,0.0,26.01,2.42
1998-11-10,12.35,18.71,7.05,0.0,34.25,1.66
1998-11-11,15.58,23.92,9.43,0.0,24.43,2.14
1998-11-12,6.82,12.53,0.78,7.53,65.21,1.16
1998-11-13,2.03,7.22,-2.49,0.16,64.19,1.86
1998-11-14,1.78,8.07,-3.02,0.0,45.34,1.43
1998-11-15,8.14,14.74,1.72,0.0,30.92,1.15
1998-11-16,10.98,17.84,7.25,0.0,36.1,1.36
1998-11-17,11.59,16.6,7.7,0.01,53.19,1.8
1998-11-18,11.51,17.52,7.86,0.06,53.49,2.18
1998-11-19,11.88,20.2,6.91,0.0,46.33,1.88
1998-11-20,12.42,21.07,6.94,0.0,34.91,2.08
1998-11-21,5.54,10.39,1.76,0.0,62.79,1.67
1998-11-22,5.52,12.12,1.78,0.0,43.03,1.13
1998-11-23,3.27,8.84,-0.08,0.15,46.97,1.31
1998-11-24,2.92,8.21,-0.38,1.26,57.57,1.17
1998-11-25,3.91,9.39,0.01,0.0,45.96,0.86
1998-11-26,5.83,11.78,2.96,0.0,41.51,1.39
1998-11-27,7.25,13.48,3.44,0.14,48.35,1.99
1998-11-28,1.97,4.45,-1.54,0.54,78.9,1.74
1998-11-29,-1.22,1.9,-4.28,4.16,75.21,0.89
1998-11-30,-3.38,1.13,-5.96,0.2,68.68,1.13
1998-12-01,2.54,9.02,-3.18,0.07,38.9,1.17
1998-12-02,3.91,7.61,1.12,17.07,89.74,2.3
1998-12-03,0.69,3.64,-1.44,1.0,88.72,1.37
1998-12-04,0.93,5.75,-1.61,0.1,74.47,0.86
1998-12-05,5.47,11.94,1.45,0.01,52.83,1.12
1998-12-06,3.75,7.45,0.22,1.28,69.54,1.06
1998-12-07,3.73,10.11,0.13,0.41,78.05,1.06
1998-12-08,5.26,13.46,0.77,0.0,57.13,1.6
1998-12-09,7.76,14.83,2.43,0.0,41.75,1.44
1998-12-10,9.15,16.54,4.56,0.0,40.75,1.41
1998-12-11,9.58,17.82,5.57,0.0,44.07,1.49
1998-12-12,11.81,19.98,6.35,0.0,46.3,1.41
1998-12-13,13.16,19.38,8.83,0.0,43.92,1.11
1998-12-14,8.19,12.04,4.06,1.1,64.11,1.14
1998-12-15,3.33,7.71,0.0,0.21,69.69,1.35
1998-12-16,4.74,7.34,2.17,0.0,52.93,0.67
1998-12-17,6.62,11.59,3.35,0.04,51.68,1.47
1998-12-18,7.74,14.1,3.54,0.0,51.56,2.02
1998-12-19,3.76,6.5,-0.78,1.67,68.79,1.45
1998-12-20,-0.31,4.5,-3.82,0.43,69.71,1.28
1998-12-21,4.43,11.17,-0.08,0.0,35.63,1.02
1998-12-22,4.07,7.02,2.07,0.71,64.5,2.18
1998-12-23,3.46,9.23,0.32,0.0,77.48,1.48
1998-12-24,5.84,13.56,1.14,0.0,45.48,1.89
1998-12-25,0.73,4.43,-2.99,4.9,83.54,1.76
1998-12-26,-0.49,3.64,-3.03,0.26,76.88,0.74
1998-12-27,1.88,5.24,-1.77,0.82,70.12,0.79
1998-12-28,1.42,6.63,-1.69,0.46,80.2,1.11
1998-12-29,-0.42,2.09,-2.81,5.65,86.5,1.85
1998-12-30,-1.8,2.35,-3.95,4.19,77.3,1.85
1998-12-31,4.65,10.8,-0.25,0.05,48.79,3.48
1999-01-01,2.99,7.66,-1.67,18.31,91.21,1.93
1999-01-02,-6.99,-2.38,-10.64,6.0,87.32,2.75
1999-01-03,-9.65,-4.84,-12.37,0.38,77.69,1.87
1999-01-04,-9.94,-1.69,-14.73,0.0,59.62,1.35
1999-01-05,-7.18,-1.31,-10.58,0.0,44.29,0.82
1999-01-06,-5.41,0.49,-8.34,0.0,46.54,0.79
1999-01-07,-2.92,2.94,-7.52,0.0,47.35,0.95
1999-01-08,-1.06,4.78,-6.31,0.0,46.09,1.65
1999-01-09,1.25,7.99,-2.8,0.0,47.7,1.66
1999-01-10,6.26,10.32,2.35,0.0,36.3,1.32
1999-01-11,6.67,12.52,2.13,0.38,50.63,1.27
1999-01-12,1.49,2.4,1.01,8.81,96.87,2.3
1999-01-13,-0.45,3.17,-2.96,6.77,86.65,1.68
1999-01-14,-1.81,3.61,-4.83,0.0,62.86,1.13
1999-01-15,1.6,5.48,-1.75,0.0,39.01,1.09
1999-01-16,3.04,9.45,-0.21,0.0,42.91,1.43
1999-01-17,5.71,10.36,1.45,0.0,47.64,1.3
1999-01-18,5.26,6.81,3.65,0.76,67.77,1.31
1999-01-19,7.79,13.8,4.11,0.43,76.24,1.53
1999-01-20,4.13,6.62,2.07,1.15,88.63,1.28
1999-01-21,0.77,2.3,-0.75,7.6,91.59,1.45
1999-01-22,-0.57,2.15,-3.43,2.81,79.74,2.02
1999-01-23,-1.14,4.93,-4.82,0.0,64.84,1.62
1999-01-24,-0.08,5.95,-3.88,0.0,60.38,1.49
1999-01-25,0.9,4.89,-1.86,0.0,67.85,1.43
1999-01-26,0.33,3.57,-2.0,0.04,77.06,1.13
1999-01-27,-2.83,0.12,-5.23,1.14,82.85,1.8
1999-01-28,-0.25,6.05,-4.71,0.0,69.0,1.43
1999-01-29,1.63,6.22,-2.7,0.0,57.47,1.69
1999-01-30,2.57,7.68,0.03,0.0,70.0,1.59
1999-01-31,1.36,6.5,-2.48,0.0,75.14,1.67
1999-02-01,2.75,8.56,-0.95,0.0,63.71,1.5
1999-02-02,3.0,9.11,-1.47,0.0,59.44,1.69
1999-02-03,5.62,12.77,0.93,0.0,43.56,2.62
1999-02-04,7.2,14.41,2.65,2.66,46.13,3.94
1999-02-05,-0.46,4.49,-4.62,8.37,85.49,2.08
1999-02-06,2.67,7.52,-1.8,2.97,68.68,1.31
1999-02-07,1.23,5.5,-1.43,1.85,79.88,1.55
1999-02-08,5.74,13.19,-0.36,0.0,60.49,1.61
1999-02-09,8.15,13.97,5.12,9.37,73.22,3.09
1999-02-10,8.58,14.52,4.76,0.46,72.98,2.1
1999-02-11,9.32,16.9,4.63,0.0,61.03,1.88
1999-02-12,6.41,11.08,3.53,0.01,83.98,2.0
1999-02-13,7.77,14.21,3.46,4.15,70.08,1.5
1999-02-14,3.75,6.43,-1.18,8.51,77.2,1.3
1999-02-15,4.15,10.91,-0.62,0.0,49.83,1.22
1999-02-16,7.12,14.67,2.07,0.0,47.26,1.43
1999-02-17,9.32,15.2,5.19,0.0,50.63,1.44
1999-02-18,9.26,16.0,5.28,0.0,54.32,1.4
1999-02-19,9.73,16.63,4.8,0.0,52.19,1.62
1999-02-20,11.2,17.17,7.08,0.17,51.32,1.65
1999-02-21,10.83,13.89,6.49,11.06,62.86,4.05
1999-02-22,4.78,7.31,0.44,21.52,82.59,1.59
1999-02-23,4.24,10.91,-0.93,0.01,58.18,2.45
1999-02-24,4.7,8.97,0.94,0.28,55.87,1.57
1999-02-25,5.31,11.23,1.54,0.01,53.9,1.58
1999-02-26,6.15,15.12,-0.57,0.0,47.21,1.74
1999-02-27,8.34,15.26,3.67,0.0,40.26,1.41
1999-02-28,9.68,18.33,2.11,0.07,44.16,2.19
1999-03-01,6.39,9.3,1.15,13.15,76.59,2.74
1999-03-02,3.01,8.03,-1.4,0.02,60.6,1.58
1999-03-03,4.07,8.04,1.33,2.08,64.82,1.17
1999-03-04,5.49,7.87,3.38,7.79,91.33,1.21
1999-03-05,2.23,4.66,-0.76,5.09,87.88,1.96
1999-03-06,1.84,8.92,-3.08,0.0,67.85,1.73
1999-03-07,3.45,9.9,-1.5,0.0,58.2,1.54
1999-03-08,3.79,10.4,-2.11,0.0,64.77,1.55
1999-03-09,6.09,13.25,0.75,0.0,59.82,1.91
1999-03-10,5.47,12.31,0.49,0.0,61.38,2.28
1999-03-11,3.53,9.35,-1.0,0.0,61.99,1.53
1999-03-12,4.84,10.86,0.8,0.0,45.29,1.18
1999-03-13,8.38,14.61,3.06,0.65,63.86,1.99
1999-03-14,1.43,4.62,-2.15,3.7,80.54,2.01
1999-03-15,0.7,6.9,-3.14,0.03,67.79,2.09
1999-03-16,-1.42,4.1,-5.59,0.01,73.1,1.82
1999-03-17,-1.46,4.57,-5.31,0.0,56.47,1.54
1999-03-18,-0.52,3.87,-3.04,0.0,57.03,1.3
1999-03-19,0.9,6.02,-2.83,0.01,65.17,1.47
1999-03-20,3.27,8.91,-2.39,0.02,61.35,1.34
1999-03-21,8.34,14.56,2.18,0.99,58.36,3.12
1999-03-22,6.87,8.9,3.16,7.75,84.52,1.46
1999-03-23,6.83,11.54,2.83,3.74,79.62,1.37
1999-03-24,6.14,11.77,2.53,1.7,81.26,1.52
1999-03-25,7.85,13.88,2.94,0.09,66.75,1.45
1999-03-26,9.66,16.24,3.54,0.46,58.33,2.01
1999-03-27,10.93,18.99,4.04,0.08,62.25,1.41
1999-03-28,10.02,14.78,5.9,0.4,78.19,1.63
1999-03-29,7.54,11.23,2.33,1.72,67.3,1.86
1999-03-30,6.65,13.1,2.21,0.26,56.57,1.31
1999-03-31,7.12,12.76,1.64,4.86,54.6,1.91
1999-04-01,6.46,12.99,1.49,0.0,53.28,1.38
1999-04-02,9.44,18.85,1.06,0.0,51.91,1.87
1999-04-03,14.08,23.39,4.92,0.0,40.94,1.65
1999-04-04,14.73,20.7,10.66,1.81,56.61,2.09
1999-04-05,12.67,16.94,8.74,6.58,70.03,1.92
1999-04-06,13.58,20.87,6.57,2.44,62.38,2.57
1999-04-07,5.3,10.78,1.07,3.88,65.86,2.69
1999-04-08,6.23,13.6,0.28,0.38,59.38,1.58
1999-04-09,11.32,18.65,5.67,0.03,54.57,1.31
1999-04-10,8.8,11.92,5.12,3.88,76.49,2.09
1999-04-11,8.87,14.84,3.34,1.47,51.44,1.54
1999-04-12,9.46,16.64,2.7,0.01,54.35,1.58
1999-04-13,12.79,19.63,6.12,0.0,55.94,1.49
1999-04-14,13.75,19.75,8.72,0.36,59.24,1.25
1999-04-15,15.42,23.18,8.46,0.29,51.08,1.39
1999-04-16,18.26,24.39,11.53,0.0,40.67,1.15
1999-04-17,17.41,23.62,12.12,0.0,50.09,1.48
1999-04-18,15.52,21.46,10.26,0.6,59.02,1.66
1999-04-19,11.22,12.76,8.92,14.21,80.85,2.3
1999-04-20,13.22,19.68,7.17,1.02,63.21,2.08
1999-04-21,9.61,15.19,2.76,2.41,66.5,4.12
1999-04-22,2.38,6.77,-3.61,0.18,58.72,2.73
1999-04-23,0.94,7.89,-5.57,0.0,57.44,2.96
1999-04-24,7.6,16.63,-2.04,0.0,45.76,1.95
1999-04-25,11.26,19.96,2.79,0.0,43.39,1.96
1999-04-26,14.74,21.81,8.16,0.0,39.45,1.44
1999-04-27,16.62,23.42,10.38,0.0,41.34,1.69
1999-04-28,16.03,22.85,9.26,0.73,44.79,2.02
1999-04-29,15.14,22.27,7.76,0.0,44.36,1.92
1999-04-30,15.69,23.52,8.85,0.0,47.64,2.28
1999-05-01,17.47,25.95,8.74,0.0,43.71,1.63
1999-05-02,18.45,26.18,10.94,0.0,42.0,2.21
1999-05-03,18.64,26.14,11.41,0.0,47.61,1.82
1999-05-04,20.84,28.85,11.36,0.0,42.39,1.59
1999-05-05,20.66,27.77,14.8,3.9,45.97,2.23
1999-05-06,17.85,23.99,12.66,4.58,60.63,1.85
1999-05-07,20.02,27.6,12.06,0.0,47.76,1.78
1999-05-08,22.87,30.35,15.83,0.0,47.4,1.82
1999-05-09,22.01,27.61,15.5,0.21,52.77,1.93
1999-05-10,19.79,26.05,14.01,0.43,57.04,1.87
1999-05-11,20.3,26.82,15.37,0.16,57.68,1.95
1999-05-12,14.03,17.73,9.61,17.21,76.7,1.78
1999-05-13,15.91,23.52,7.9,0.0,51.6,1.78
1999-05-14,18.58,26.19,11.61,0.0,46.2,1.59
1999-05-15,20.28,27.97,11.4,0.0,39.57,1.41
1999-05-16,16.99,23.17,12.07,5.71,58.47,1.61
1999-05-17,19.91,28.35,11.47,0.0,42.06,1.98
1999-05-18,23.54,32.05,15.58,0.0,38.91,1.49
1999-05-19,25.16,33.23,17.52,0.0,37.3,1.81
1999-05-20,25.37,33.57,18.68,0.0,39.8,1.77
1999-05-21,27.79,36.85,18.09,0.0,32.24,1.65
1999-05-22,17.3,23.57,10.4,2.88,58.62,3.73
1999-05-23,14.3,20.3,9.54,0.83,63.39,2.71
1999-05-24,16.13,22.76,9.78,0.19,48.6,1.95
1999-05-25,16.62,24.14,8.91,0.04,44.21,2.0
1999-05-26,17.35,24.4,9.79,0.06,44.12,2.05
1999-05-27,18.49,26.56,10.17,0.0,44.35,1.97
1999-05-28,20.7,29.17,11.83,0.0,37.33,1.83
1999-05-29,22.26,30.22,12.94,0.0,34.83,1.66
1999-05-30,23.09,30.62,14.41,0.0,30.66,2.03
1999-05-31,21.2,27.77,15.62,0.98,36.8,2.29
1999-06-01,19.56,27.15,11.91,0.28,40.96,2.27
1999-06-02,20.25,28.14,11.64,0.0,35.73,2.12
1999-06-03,22.59,30.05,14.36,0.0,36.31,1.35
1999-06-04,23.93,31.14,16.72,0.0,33.8,1.78
1999-06-05,25.14,33.33,16.07,0.0,32.75,1.62
1999-06-06,26.61,35.13,17.32,0.0,28.87,1.68
1999-06-07,27.79,36.18,18.78,0.28,29.93,1.9
1999-06-08,25.04,31.47,19.57,0.02,35.93,2.41
1999-06-09,23.9,30.37,16.76,0.0,35.79,1.94
1999-06-10,23.7,30.98,15.4,0.66,34.78,1.94
1999-06-11,23.97,31.46,16.88,1.69,34.13,2.36
1999-06-12,21.93,28.27,14.57,1.17,30.76,2.99
1999-06-13,21.45,30.11,12.62,0.0,25.11,1.54
1999-06-14,25.0,33.0,15.24,0.0,18.53,2.32
1999-06-15,27.16,35.01,18.29,0.0,22.96,2.88
1999-06-16,20.49,26.34,15.68,0.0,27.18,2.46
1999-06-17,19.45,27.31,12.25,0.08,27.25,2.39
1999-06-18,22.94,32.05,13.28,0.0,20.23,2.22
1999-06-19,25.12,33.62,16.42,0.0,21.36,1.75
1999-06-20,26.37,33.94,18.9,0.0,20.41,2.44
1999-06-21,26.75,34.59,17.57,0.24,23.11,2.61
1999-06-22,25.77,31.86,19.56,3.73,29.91,2.57
1999-06-23,23.89,29.62,18.23,2.56,43.91,2.11
1999-06-24,19.95,25.23,15.27,16.07,55.18,1.42
1999-06-25,22.81,30.88,13.94,0.02,43.29,1.69
1999-06-26,26.58,33.3,18.25,0.0,36.58,1.56
1999-06-27,29.67,38.67,20.03,0.24,32.88,2.13
1999-06-28,28.31,35.26,22.17,0.03,32.21,2.12
1999-06-29,28.01,35.31,21.0,0.0,32.49,2.24
1999-06-30,28.09,35.69,20.42,0.0,29.96,1.88
1999-07-01,28.53,35.62,20.96,0.0,30.26,2.87
1999-07-02,28.42,35.63,21.2,0.0,28.41,2.19
1999-07-03,28.14,35.46,19.07,0.1,28.74,2.01
1999-07-04,27.98,34.86,21.27,4.29,34.02,1.82
1999-07-05,28.85,36.36,21.07,0.03,32.46,2.26
1999-07-06,27.48,33.74,22.67,1.12,34.28,2.02
1999-07-07,27.98,34.48,20.42,1.06,31.13,2.01
1999-07-08,27.84,34.03,21.65,2.95,35.23,1.76
1999-07-09,26.71,33.1,21.66,2.98,42.39,2.16
1999-07-10,26.79,33.66,19.92,0.09,35.58,1.9
1999-07-11,25.61,30.65,19.95,1.35,34.66,1.97
1999-07-12,25.8,31.73,19.06,2.51,42.62,1.66
1999-07-13,23.11,32.2,14.4,5.08,49.75,3.33
1999-07-14,21.75,30.38,12.63,0.12,49.19,2.08
1999-07-15,25.98,33.28,19.25,0.0,36.21,2.3
1999-07-16,26.61,34.49,18.71,0.0,33.14,1.94
1999-07-17,28.36,35.45,21.71,0.0,29.79,2.38
1999-07-18,27.01,34.0,20.15,0.0,29.53,3.08
1999-07-19,25.42,32.89,17.82,0.0,27.86,2.6
1999-07-20,26.35,33.99,18.81,0.04,28.94,2.41
1999-07-21,24.27,30.77,18.1,0.3,35.45,2.4
1999-07-22,23.73,30.73,17.06,0.0,33.55,1.82
1999-07-23,24.99,32.5,18.02,0.0,27.53,1.71
1999-07-24,27.6,35.35,20.25,0.0,25.69,1.94
1999-07-25,28.19,35.28,20.63,0.0,27.98,1.88
1999-07-26,28.04,34.89,20.33,0.0,26.9,1.5
1999-07-27,28.82,35.92,21.41,0.0,23.68,1.95
1999-07-28,29.03,36.08,21.66,0.07,27.46,2.02
1999-07-29,30.13,37.69,21.77,0.0,24.2,2.03
1999-07-30,29.99,36.69,23.57,0.01,24.18,1.88
1999-07-31,30.57,37.88,22.88,0.0,27.47,2.1
1999-08-01,30.59,38.19,23.01,0.0,25.63,1.86
1999-08-02,30.93,38.6,22.85,0.0,21.45,1.65
1999-08-03,30.61,38.12,22.84,0.0,21.59,1.88
1999-08-04,31.53,39.46,24.25,0.0,18.78,2.28
1999-08-05,31.86,40.21,23.93,0.0,17.9,3.26
1999-08-06,30.95,39.5,22.44,0.0,20.19,2.57
1999-08-07,30.47,38.99,22.54,0.0,20.31,2.03
1999-08-08,30.09,38.84,22.08,0.0,18.44,2.46
1999-08-09,29.82,37.84,22.11,0.0,19.17,3.28
1999-08-10,27.89,35.41,21.11,0.0,19.01,2.99
1999-08-11,27.13,34.58,20.34,0.0,16.03,2.75
1999-08-12,24.18,31.23,17.44,0.68,25.49,3.25
1999-08-13,22.15,29.43,15.47,2.12,39.3,2.76
1999-08-14,23.06,31.59,15.38,0.01,27.69,1.96
1999-08-15,25.11,34.55,15.68,0.0,15.76,2.14
1999-08-16,28.09,36.92,19.66,0.0,12.58,2.06
1999-08-17,29.76,38.2,23.55,0.0,12.39,1.9
1999-08-18,30.06,38.76,21.44,0.0,12.88,1.93
1999-08-19,29.6,37.28,20.44,0.0,14.35,1.89
1999-08-20,30.57,39.32,21.24,0.0,14.21,2.05
1999-08-21,30.46,39.93,22.59,0.0,14.48,2.26
1999-08-22,30.72,39.48,21.76,0.0,15.26,2.16
1999-08-23,31.14,39.78,22.66,0.31,17.2,2.04
1999-08-24,30.89,38.31,24.32,0.0,17.83,1.9
1999-08-25,30.41,36.7,23.15,0.0,21.68,1.79
1999-08-26,30.88,38.19,23.63,0.0,20.34,2.11
1999-08-27,30.29,38.34,23.02,0.0,17.59,2.37
1999-08-28,30.75,38.82,23.69,0.0,16.8,2.54
1999-08-29,31.12,39.47,23.09,0.25,19.9,2.59
1999-08-30,28.49,35.21,22.62,0.0,23.01,2.15
1999-08-31,26.4,32.1,21.37,0.31,25.99,1.44
1999-09-01,24.05,29.91,18.52,0.0,32.84,1.93
1999-09-02,23.99,30.85,17.79,0.0,26.96,1.99
1999-09-03,24.21,31.08,18.79,0.0,23.42,2.07
1999-09-04,24.35,31.68,17.68,0.05,25.78,2.43
1999-09-05,16.94,21.79,9.48,2.67,40.33,2.95
1999-09-06,16.95,26.67,7.79,0.0,24.2,1.64
1999-09-07,20.62,29.45,14.47,0.0,20.53,1.91
1999-09-08,21.6,30.12,14.83,0.0,25.27,2.34
1999-09-09,22.26,31.05,15.44,0.0,24.91,1.88
1999-09-10,23.8,32.32,15.35,0.0,19.01,2.06
1999-09-11,24.68,32.99,16.93,0.0,18.06,1.97
1999-09-12,24.44,31.93,17.68,0.0,16.25,2.57
1999-09-13,26.13,34.5,18.65,0.0,18.42,1.71
1999-09-14,26.52,34.77,20.25,0.0,20.94,2.02
1999-09-15,26.8,35.63,19.41,0.0,19.44,1.64
1999-09-16,26.56,35.49,19.3,0.0,18.27,1.99
1999-09-17,26.82,36.14,19.45,0.0,16.4,1.85
1999-09-18,25.65,33.89,19.56,0.0,14.54,2.18
1999-09-19,22.53,30.75,16.12,0.0,19.15,1.98
1999-09-20,20.55,28.59,15.17,0.0,22.49,1.89
1999-09-21,21.54,29.61,15.49,0.0,20.15,2.07
1999-09-22,22.57,30.26,16.44,0.0,24.69,2.5
1999-09-23,23.86,32.3,15.53,0.34,26.42,2.23
1999-09-24,14.21,18.82,11.57,7.05,63.93,1.8
1999-09-25,13.11,17.29,8.9,0.01,55.86,1.69
1999-09-26,15.06,23.71,7.91,0.0,41.59,1.37
1999-09-27,17.86,24.9,11.7,0.0,30.14,1.59
1999-09-28,18.86,25.6,14.79,0.0,32.03,1.67
1999-09-29,12.54,16.4,8.09,1.85,54.36,1.94
1999-09-30,12.96,19.81,7.35,0.01,62.46,1.57
1999-10-01,15.57,22.36,11.49,0.0,51.04,1.51
1999-10-02,16.15,23.62,10.09,0.0,45.25,1.63
1999-10-03,17.38,24.81,11.87,0.0,35.54,1.55
1999-10-04,17.87,26.6,11.6,0.0,32.03,1.9
1999-10-05,18.65,26.33,13.38,0.0,28.61,1.55
1999-10-06,17.63,25.06,11.85,0.0,31.87,1.92
1999-10-07,16.66,23.85,11.16,0.0,36.85,1.72
1999-10-08,15.37,23.68,8.7,0.0,34.1,1.85
1999-10-09,15.68,23.63,8.76,0.0,28.48,1.85
1999-10-10,16.98,24.85,11.73,0.0,25.39,1.9
1999-10-11,17.74,25.63,12.62,0.0,24.79,1.74
1999-10-12,16.91,25.27,10.66,0.0,26.85,2.11
1999-10-13,18.11,27.39,12.02,0.0,21.66,1.61
1999-10-14,15.28,19.74,12.29,0.0,36.67,2.1
1999-10-15,15.61,23.64,9.44,0.0,48.95,1.49
1999-10-16,17.94,26.07,12.53,0.0,34.11,1.86
1999-10-17,18.75,26.93,14.25,0.0,25.73,1.8
1999-10-18,18.02,26.81,11.84,0.0,23.75,1.7
1999-10-19,18.97,27.45,12.78,0.0,19.28,1.81
1999-10-20,15.48,21.79,10.61,0.17,32.53,2.49
1999-10-21,11.74,16.03,9.21,0.45,57.5,1.75
1999-10-22,12.8,19.4,7.75,0.03,45.71,1.81
1999-10-23,14.58,22.0,9.56,0.0,50.66,1.48
1999-10-24,17.42,25.25,11.94,0.0,33.57,1.63
1999-10-25,18.87,26.49,14.17,0.04,33.83,2.01
1999-10-26,7.84,13.46,3.76,8.17,73.67,1.89
1999-10-27,6.28,11.35,2.5,0.2,70.9,1.55
1999-10-28,7.85,14.42,3.98,0.27,56.01,1.22
1999-10-29,11.58,20.66,4.83,0.0,41.9,1.48
1999-10-30,13.75,21.1,9.51,0.03,42.47,1.94
1999-10-31,12.77,18.82,8.41,0.13,60.9,1.3
1999-11-01,14.27,19.85,10.21,0.0,52.12,1.54
1999-11-02,9.72,13.45,4.07,15.19,77.52,2.66
1999-11-03,4.83,9.92,1.45,0.98,73.85,1.34
1999-11-04,5.53,12.17,1.78,0.0,55.08,1.48
1999-11-05,4.63,10.6,-0.5,0.0,69.44,1.52
1999-11-06,6.1,12.29,1.72,0.0,65.69,1.35
1999-11-07,7.73,13.24,3.56,0.0,58.13,1.44
1999-11-08,8.69,15.46,3.72,0.0,48.07,1.43
1999-11-09,9.44,16.42,5.09,3.19,64.04,1.66
1999-11-10,5.66,9.55,-0.23,11.87,83.73,2.74
1999-11-11,-3.98,-1.06,-7.06,7.79,78.76,1.67
1999-11-12,-1.35,4.38,-7.4,0.38,63.66,0.85
1999-11-13,1.12,4.86,-0.73,4.98,82.63,2.3
1999-11-14,1.56,4.09,-0.43,3.83,73.97,1.61
1999-11-15,4.93,12.87,-0.04,0.0,63.2,1.48
1999-11-16,8.66,16.34,2.87,0.0,46.96,1.67
1999-11-17,9.14,16.31,4.93,0.31,54.71,2.22
1999-11-18,5.08,9.4,0.89,2.2,70.2,1.25
1999-11-19,6.47,8.73,4.92,0.84,78.41,1.84
1999-11-20,7.92,10.44,5.22,6.18,83.14,3.48
1999-11-21,0.16,4.88,-5.28,3.81,76.3,2.05
1999-11-22,-1.78,2.7,-4.31,0.0,53.0,0.98
1999-11-23,2.55,6.47,-1.21,0.0,43.17,0.93
1999-11-24,6.34,12.29,2.52,0.0,60.91,1.09
1999-11-25,6.38,13.92,1.66,0.0,62.8,1.43
1999-11-26,7.87,15.25,3.41,0.0,52.59,1.95
1999-11-27,10.16,15.33,7.19,2.77,71.65,1.56
1999-11-28,8.36,12.74,5.83,8.14,87.47,0.83
1999-11-29,3.49,7.01,-0.88,11.88,91.53,2.09
1999-11-30,-1.58,1.0,-4.49,2.96,85.42,1.19
1999-12-01,-3.17,0.82,-5.5,0.27,72.65,1.13
1999-12-02,-0.46,5.91,-4.58,0.0,48.04,1.17
1999-12-03,2.22,9.74,-1.2,0.0,43.8,1.55
1999-12-04,4.09,9.3,1.26,0.0,40.23,0.83
1999-12-05,3.78,7.88,0.94,0.0,59.59,1.13
1999-12-06,4.0,9.6,1.03,0.0,71.93,1.04
1999-12-07,4.88,10.38,0.81,0.0,63.14,1.33
1999-12-08,6.07,11.39,2.21,0.0,52.46,1.57
1999-12-09,2.26,5.12,0.07,0.0,75.23,1.16
1999-12-10,5.46,10.68,1.33,1.57,64.72,1.18
1999-12-11,0.04,2.71,-2.87,5.05,90.66,1.12
1999-12-12,2.92,9.67,-1.43,0.0,55.38,1.45
1999-12-13,3.59,9.41,-0.86,0.0,47.63,0.88
1999-12-14,6.39,13.25,3.36,0.0,39.8,1.3
1999-12-15,7.75,15.44,2.08,0.0,45.38,1.58
1999-12-16,9.47,16.23,5.58,0.0,58.21,1.43
1999-12-17,9.87,14.85,4.92,0.0,58.76,0.96
1999-12-18,3.66,5.75,1.25,0.89,85.94,0.85
1999-12-19,1.78,5.49,0.23,1.69,91.11,1.54
1999-12-20,3.95,8.7,0.74,0.0,69.77,1.18
1999-12-21,4.94,12.05,1.37,0.0,57.9,1.44
1999-12-22,5.84,13.69,2.29,0.0,52.12,1.49
1999-12-23,7.22,15.0,2.77,0.0,44.62,1.48
1999-12-24,3.47,6.01,-0.81,0.18,67.74,1.34
1999-12-25,-1.95,1.74,-5.17,3.73,85.6,1.2
1999-12-26,-0.58,6.37,-5.08,0.03,63.4,1.38
1999-12-27,3.78,7.31,0.66,0.0,42.04,1.11
1999-12-28,6.37,8.12,4.39,0.0,43.41,0.78
1999-12-29,5.63,10.22,3.21,0.31,54.98,1.51
1999-12-30,7.0,10.91,4.54,0.65,62.88,1.65
1999-12-31,6.38,12.73,2.27,0.0,60.84,1.7
2000-01-01,7.13,12.91,3.29,0.0,58.22,1.47
2000-01-02,7.47,13.39,4.4,0.0,60.96,1.18
2000-01-03,6.49,11.68,1.74,0.0,60.58,1.21
2000-01-04,8.0,14.76,4.14,0.0,47.86,1.4
2000-01-05,7.36,12.97,4.5,0.0,50.02,2.11
2000-01-06,6.39,10.12,4.29,0.65,69.89,1.88
2000-01-07,6.54,10.31,2.97,2.27,86.13,2.37
2000-01-08,0.04,6.86,-4.52,11.69,89.06,3.34
2000-01-09,-5.29,-2.07,-8.47,1.21,81.03,1.3
2000-01-10,-3.48,2.53,-6.22,0.0,62.87,1.2
2000-01-11,-4.07,0.81,-6.95,0.0,69.85,1.23
2000-01-12,-5.27,-1.19,-7.37,0.01,76.16,1.47
2000-01-13,-6.55,-3.03,-9.16,0.07,80.26,1.14
2000-01-14,-5.55,-1.36,-8.76,0.16,72.12,1.1
2000-01-15,-4.94,0.2,-8.39,0.0,70.11,1.54
2000-01-16,-3.06,2.46,-7.49,0.0,62.94,1.41
2000-01-17,1.51,7.21,-2.23,0.07,48.9,1.49
2000-01-18,0.24,2.01,-1.52,2.47,84.35,1.41
2000-01-19,1.5,7.58,-1.67,0.28,73.98,1.73
2000-01-20,2.77,9.35,-0.67,1.61,65.77,2.69
2000-01-21,3.58,11.52,-0.17,0.0,64.21,1.98
2000-01-22,5.73,13.2,1.68,1.4,54.08,2.36
2000-01-23,3.64,8.71,-0.17,4.21,77.01,1.67
2000-01-24,2.88,8.77,-1.27,3.42,68.3,1.27
2000-01-25,-0.14,5.19,-3.32,0.28,74.75,1.37
2000-01-26,0.93,7.96,-3.28,0.0,58.08,1.49
2000-01-27,2.94,11.64,-2.18,0.0,45.97,2.1
2000-01-28,6.23,15.16,0.79,0.0,45.12,2.01
2000-01-29,6.99,12.44,3.9,0.41,69.08,1.99
2000-01-30,4.03,6.36,0.1,12.79,94.2,1.18
2000-01-31,-2.46,-0.08,-4.29,12.27,93.18,1.91
2000-02-01,-1.65,3.87,-4.76,0.38,77.98,1.18
2000-02-02,1.07,7.37,-4.79,0.0,59.09,1.7
2000-02-03,-0.68,1.12,-3.8,0.19,80.08,1.63
2000-02-04,-0.61,5.79,-4.49,0.01,68.67,1.39
2000-02-05,2.58,9.85,-1.06,0.0,51.95,1.49
2000-02-06,4.72,10.53,1.03,0.0,53.23,1.71
2000-02-07,5.62,11.79,0.63,0.0,53.77,1.51
2000-02-08,5.68,12.51,1.55,0.05,56.59,2.12
2000-02-09,-2.11,2.6,-5.2,5.58,87.6,1.68
2000-02-10,-3.31,1.37,-6.11,0.27,75.54,1.16
2000-02-11,-2.05,3.44,-4.99,0.03,61.05,1.31
2000-02-12,-0.96,5.04,-4.8,0.0,58.37,1.39
2000-02-13,2.56,8.17,-1.25,0.0,45.63,1.2
2000-02-14,6.48,12.99,-0.84,0.14,40.58,1.2
2000-02-15,0.21,3.89,-4.07,10.86,85.97,2.26
2000-02-16,-2.44,2.89,-5.57,0.53,67.92,1.19
2000-02-17,-0.16,6.12,-3.74,0.0,56.61,1.26
2000-02-18,1.64,7.4,-2.01,0.0,54.87,1.35
2000-02-19,1.37,6.43,-3.26,0.0,57.35,1.39
2000-02-20,-0.95,4.57,-4.7,0.0,62.18,1.69
2000-02-21,0.85,8.03,-3.69,0.0,44.77,1.2
2000-02-22,3.33,11.18,-1.94,0.0,41.28,1.69
2000-02-23,4.83,12.75,0.19,0.0,41.58,1.73
2000-02-24,5.73,13.94,-0.03,0.0,42.95,1.58
2000-02-25,7.39,14.62,1.98,0.0,40.24,1.69
2000-02-26,7.94,15.56,1.17,0.01,43.14,1.81
2000-02-27,0.85,5.14,-2.48,2.67,81.54,2.66
2000-02-28,4.46,11.01,-1.52,0.01,55.74,1.35
2000-02-29,1.68,6.11,-3.85,0.15,65.44,1.84
2000-03-01,0.33,6.42,-3.66,0.0,56.47,1.56
2000-03-02,2.65,8.99,-1.76,0.0,52.68,1.35
2000-03-03,5.13,12.37,-0.61,0.0,49.81,1.67
2000-03-04,1.4,3.9,-0.46,0.04,76.1,1.97
2000-03-05,2.42,7.23,-0.69,0.23,62.99,1.08
2000-03-06,3.66,9.39,-0.5,0.0,47.05,1.42
2000-03-07,5.37,11.98,-0.08,0.0,44.94,1.33
2000-03-08,7.37,14.25,1.64,0.0,47.11,1.81
2000-03-09,9.82,18.42,3.65,0.0,45.33,2.2
2000-03-10,8.93,18.35,2.92,0.07,58.46,2.44
2000-03-11,4.48,7.9,1.68,1.2,77.69,1.33
2000-03-12,8.51,16.14,1.55,0.0,50.02,2.09
2000-03-13,6.61,11.11,3.7,0.06,62.6,1.74
2000-03-14,9.82,16.42,5.12,0.01,52.95,1.86
2000-03-15,7.93,13.45,4.02,1.72,66.97,1.33
2000-03-16,-0.81,4.02,-3.02,17.25,83.76,2.41
2000-03-17,-1.73,4.88,-7.74,0.33,69.46,1.72
2000-03-18,1.23,7.27,-3.01,0.0,54.62,1.26
2000-03-19,3.18,9.73,-1.4,0.0,48.35,1.6
2000-03-20,5.11,13.38,-0.46,0.0,38.77,2.12
2000-03-21,7.02,16.06,-0.93,0.0,45.29,2.1
2000-03-22,10.08,19.8,2.48,0.0,38.0,1.64
2000-03-23,12.25,21.19,4.28,0.0,38.62,1.4
2000-03-24,15.79,24.93,7.11,0.0,36.1,2.57
2000-03-25,19.41,28.54,11.64,0.0,41.2,2.54
2000-03-26,12.02,17.32,6.37,4.61,70.99,2.11
2000-03-27,6.28,10.06,2.79,1.72,75.85,2.35
2000-03-28,6.81,13.06,1.91,0.03,70.16,1.52
2000-03-29,9.98,16.81,3.37,0.0,61.87,1.47
2000-03-30,9.79,15.5,5.56,0.32,71.12,1.78
2000-03-31,12.08,19.46,4.88,0.0,51.1,2.25
2000-04-01,12.02,17.89,8.2,0.46,51.84,1.3
2000-04-02,11.28,15.38,8.01,1.95,62.34,1.52
2000-04-03,9.13,13.59,4.89,10.99,76.5,1.57
2000-04-04,8.85,14.49,3.58,2.03,67.21,1.54
2000-04-05,10.14,17.14,4.24,0.02,54.53,1.63
2000-04-06,11.53,17.37,5.75,0.0,49.52,1.4
2000-04-07,15.13,22.84,7.65,0.0,38.56,1.75
2000-04-08,17.38,26.12,9.24,0.0,40.92,1.93
2000-04-09,20.28,28.45,12.73,0.0,35.33,2.4
2000-04-10,20.9,28.47,13.47,0.0,43.19,1.76
2000-04-11,22.93,32.6,14.99,0.0,39.01,1.85
2000-04-12,18.05,25.42,12.35,0.0,61.57,2.15
2000-04-13,15.92,18.71,11.76,8.5,71.24,1.69
2000-04-14,16.14,22.86,9.05,1.52,52.94,1.77
2000-04-15,15.8,22.29,10.52,0.32,50.04,1.9
2000-04-16,16.16,23.54,8.79,0.04,46.68,1.47
2000-04-17,17.56,24.52,10.66,1.87,59.38,1.26
2000-04-18,18.4,25.52,12.04,0.08,52.54,1.9
2000-04-19,18.49,25.66,12.92,0.0,47.1,1.96
2000-04-20,18.97,26.63,12.64,0.0,44.69,1.79
2000-04-21,18.59,25.94,12.57,0.0,43.07,1.6
2000-04-22,19.72,27.91,12.15,0.0,38.23,1.42
2000-04-23,18.57,24.7,12.75,0.0,43.28,1.85
2000-04-24,18.52,25.8,11.68,0.0,39.08,2.2
2000-04-25,18.69,27.22,11.42,0.0,41.45,2.23
2000-04-26,18.01,25.37,12.0,0.04,50.14,1.46
2000-04-27,17.6,23.33,10.93,0.09,54.53,1.35
2000-04-28,16.77,21.55,12.58,1.8,61.04,2.1
2000-04-29,17.7,24.04,11.83,1.65,55.86,2.23
2000-04-30,19.78,27.0,13.28,0.77,44.11,2.32
2000-05-01,21.5,29.83,15.39,0.46,39.0,2.42
2000-05-02,18.5,25.39,13.55,0.53,53.58,1.87
2000-05-03,20.92,28.18,13.27,0.0,48.73,1.35
2000-05-04,23.48,30.99,14.57,1.05,40.23,2.46
2000-05-05,15.2,20.08,9.67,1.59,56.94,2.9
2000-05-06,16.3,24.46,8.73,0.0,50.95,1.35
2000-05-07,23.22,32.99,12.72,0.0,33.98,1.64
2000-05-08,24.85,32.78,19.76,0.0,38.12,1.77
2000-05-09,24.73,33.14,17.71,0.26,40.07,1.33
2000-05-10,23.17,31.13,15.51,0.28,47.38,3.49
2000-05-11,18.85,24.92,13.33,0.05,43.28,1.78
2000-05-12,17.87,24.68,11.89,0.0,36.55,1.82
2000-05-13,18.41,26.19,11.42,0.0,32.15,2.02
2000-05-14,20.0,29.56,10.88,0.0,27.23,1.8
2000-05-15,23.25,32.12,14.32,0.0,23.32,1.41
2000-05-16,24.71,33.7,15.56,0.0,23.07,2.07
2000-05-17,25.58,34.66,16.66,0.0,23.93,2.36
2000-05-18,23.29,30.8,16.98,0.01,31.05,2.68
2000-05-19,24.7,33.5,16.33,0.0,28.38,2.09
2000-05-20,25.1,33.31,18.7,0.03,27.83,2.77
2000-05-21,20.8,26.58,13.43,2.12,41.54,3.52
2000-05-22,19.33,27.32,11.86,0.01,30.66,2.39
2000-05-23,20.18,28.93,12.11,0.0,24.52,1.91
2000-05-24,22.38,30.75,13.7,0.0,22.01,2.11
2000-05-25,22.46,29.74,15.31,0.0,24.4,3.3
2000-05-26,21.94,30.62,13.88,0.0,22.83,2.67
2000-05-27,23.35,32.82,13.36,0.0,19.59,1.56
2000-05-28,24.99,33.5,16.09,0.0,16.9,2.32
2000-05-29,23.98,31.19,17.61,0.01,23.29,2.03
2000-05-30,24.78,32.14,16.52,0.32,27.08,1.77
2000-05-31,24.45,30.74,18.43,0.05,26.19,2.64
2000-06-01,21.85,27.94,15.52,0.28,26.33,2.57
2000-06-02,19.49,26.41,13.57,0.0,27.25,2.6
2000-06-03,18.9,25.99,11.52,0.0,23.17,2.82
2000-06-04,21.43,31.26,11.31,0.0,18.74,1.76
2000-06-05,24.71,34.24,14.12,0.0,14.87,2.41
2000-06-06,26.76,35.48,16.48,0.0,16.31,1.93
2000-06-07,28.18,37.05,18.61,0.0,14.25,1.92
2000-06-08,28.42,36.86,19.98,0.0,17.56,2.68
2000-06-09,25.75,33.21,17.14,0.0,17.96,3.32
2000-06-10,23.74,32.88,14.61,0.0,16.63,2.69
2000-06-11,25.69,35.28,15.83,0.0,12.4,1.64
2000-06-12,27.29,35.92,18.07,0.0,11.06,2.41
2000-06-13,26.68,35.86,18.43,0.0,20.67,3.42
2000-06-14,17.4,22.4,14.46,8.74,54.35,2.12
2000-06-15,21.51,29.15,13.1,0.0,30.78,1.99
2000-06-16,22.71,29.37,16.7,0.0,32.63,2.22
2000-06-17,24.84,33.43,15.47,0.0,34.06,2.93
2000-06-18,28.0,36.91,18.62,0.0,26.13,2.13
2000-06-19,28.96,36.59,20.74,0.0,24.07,1.75
2000-06-20,26.86,32.7,21.97,2.37,33.19,1.86
2000-06-21,28.08,35.33,21.0,0.0,32.97,2.08
2000-06-22,28.6,35.9,20.9,0.01,30.42,1.97
2000-06-23,29.97,37.81,21.89,0.0,25.98,1.99
2000-06-24,31.9,40.11,22.18,0.0,21.23,1.86
2000-06-25,33.54,42.52,23.86,0.48,18.97,2.31
2000-06-26,31.69,39.02,24.61,0.0,20.76,2.64
2000-06-27,29.27,36.16,23.82,0.0,24.31,2.26
2000-06-28,29.11,36.8,21.53,0.01,22.2,2.27
2000-06-29,29.21,36.19,21.68,0.0,22.96,2.59
2000-06-30,29.18,36.08,21.43,0.0,25.9,3.33
2000-07-01,29.08,36.71,20.85,0.0,24.38,2.89
2000-07-02,28.56,35.9,21.7,0.0,22.58,2.56
2000-07-03,28.2,35.92,20.88,0.0,20.23,2.09
2000-07-04,28.84,36.87,20.59,0.0,15.21,2.02
2000-07-05,29.58,37.38,20.88,0.0,13.36,2.34
2000-07-06,30.66,38.39,23.5,0.0,13.77,2.25
2000-07-07,30.25,38.29,21.76,0.0,16.51,3.04
2000-07-08,30.53,38.89,21.96,0.0,18.46,2.5
2000-07-09,31.7,39.91,22.3,0.0,15.11,2.5
2000-07-10,31.36,38.64,24.26,0.0,17.49,2.82
2000-07-11,29.16,36.16,22.1,0.0,23.74,2.97
2000-07-12,28.99,36.76,21.1,0.03,21.91,2.59
2000-07-13,27.85,34.87,20.21,0.0,23.4,3.0
2000-07-14,29.62,36.99,21.39,1.19,24.73,2.12
2000-07-15,27.64,33.43,22.46,0.0,30.94,2.14
2000-07-16,27.23,33.81,21.25,0.25,29.55,2.43
2000-07-17,25.39,31.47,20.55,0.83,39.47,2.23
2000-07-18,25.1,32.31,17.6,0.0,37.46,1.76
2000-07-19,26.32,33.74,18.54,0.0,26.65,1.74
2000-07-20,28.31,36.06,20.57,0.0,20.18,1.77
2000-07-21,29.57,37.43,21.06,0.0,18.82,2.26
2000-07-22,30.42,37.97,23.01,0.0,18.27,2.29
2000-07-23,29.75,36.93,23.08,0.18,19.88,2.21
2000-07-24,27.16,34.29,19.41,0.01,21.91,2.35
2000-07-25,27.24,35.33,19.2,0.03,22.0,2.4
2000-07-26,27.95,35.98,20.74,0.0,17.52,2.03
2000-07-27,29.05,37.54,19.51,0.0,15.33,1.96
2000-07-28,31.28,39.47,22.32,0.0,14.59,2.04
2000-07-29,32.12,40.55,24.03,0.0,15.02,2.63
2000-07-30,32.3,41.09,24.21,0.0,14.41,2.82
2000-07-31,31.9,41.08,23.13,0.0,14.48,2.75
2000-08-01,31.08,38.91,23.31,0.0,18.74,2.53
2000-08-02,30.18,37.46,22.83,0.0,22.15,2.66
2000-08-03,29.25,36.91,22.15,0.0,21.78,3.22
2000-08-04,29.89,38.72,20.57,0.0,18.06,1.87
2000-08-05,31.24,39.71,22.89,0.0,13.8,2.37
2000-08-06,32.16,39.97,24.31,0.0,14.64,1.99
2000-08-07,31.46,39.06,23.04,0.0,13.98,2.02
2000-08-08,30.66,38.19,24.06,0.04,18.78,2.7
2000-08-09,27.38,34.58,20.93,0.01,22.81,3.2
2000-08-10,27.04,35.14,19.97,0.0,19.87,2.55
2000-08-11,27.29,35.89,19.57,0.0,16.51,1.87
2000-08-12,28.21,36.57,19.11,0.0,12.99,2.03
2000-08-13,28.21,36.91,19.76,0.0,12.33,2.14
2000-08-14,28.47,37.49,19.53,0.0,13.74,2.31
2000-08-15,28.57,36.34,22.37,0.0,15.59,2.18
2000-08-16,27.06,34.11,21.56,0.0,19.78,2.43
2000-08-17,25.36,31.52,20.4,0.19,29.54,3.03
2000-08-18,24.62,30.98,19.25,0.0,30.11,2.05
2000-08-19,25.54,33.73,18.13,0.0,21.41,1.71
2000-08-20,25.86,33.43,18.16,0.0,21.19,2.16
2000-08-21,26.25,33.93,20.03,0.0,23.16,1.99
2000-08-22,26.31,32.8,20.12,0.0,21.23,1.95
2000-08-23,26.84,34.42,20.55,0.0,21.57,2.6
2000-08-24,26.1,35.19,18.68,0.0,21.79,2.36
2000-08-25,28.55,38.09,18.8,0.0,15.05,1.97
2000-08-26,29.62,38.67,22.25,0.0,11.96,2.09
2000-08-27,29.58,38.1,23.15,0.0,10.76,2.14
2000-08-28,29.71,39.02,21.59,0.0,12.79,2.29
2000-08-29,29.43,38.07,20.83,0.0,17.38,2.23
2000-08-30,29.31,36.48,22.29,0.0,19.78,2.32
2000-08-31,26.31,34.49,19.87,0.0,22.84,2.33
2000-09-01,24.64,33.54,16.42,0.0,16.99,2.11
2000-09-02,25.23,33.97,17.07,0.0,12.98,1.85
2000-09-03,25.12,33.26,18.06,0.0,9.22,2.24
2000-09-04,26.05,33.84,20.18,0.0,11.51,2.35
2000-09-05,24.4,31.61,18.83,0.0,16.68,1.81
2000-09-06,23.98,31.7,18.0,0.0,16.33,2.22
2000-09-07,24.15,31.65,18.12,0.0,21.41,2.2
2000-09-08,24.56,32.95,17.32,0.0,20.73,2.88
2000-09-09,24.15,32.02,16.97,0.0,18.91,2.11
2000-09-10,24.48,32.56,17.01,0.0,16.45,1.86
2000-09-11,24.06,31.55,16.79,0.0,15.13,1.98
2000-09-12,25.15,32.81,19.0,0.0,18.83,2.1
2000-09-13,25.46,34.08,18.48,0.0,20.27,1.72
2000-09-14,26.41,34.41,20.78,0.0,18.36,2.11
2000-09-15,25.51,33.53,18.95,0.0,22.35,2.39
2000-09-16,25.63,33.9,19.37,0.0,22.35,2.0
2000-09-17,25.09,33.18,18.27,0.0,20.2,1.93
2000-09-18,25.56,34.29,19.55,0.0,15.49,2.07
2000-09-19,21.95,27.87,15.62,0.0,24.41,3.0
2000-09-20,17.66,24.3,12.05,0.0,26.16,2.08
2000-09-21,17.3,24.82,11.95,0.0,20.43,1.96
2000-09-22,17.93,25.07,13.03,0.0,17.88,1.68
2000-09-23,19.62,27.25,13.97,0.0,13.25,1.59
2000-09-24,19.24,26.5,13.26,0.48,25.53,3.05
2000-09-25,13.27,18.59,8.07,3.78,60.34,2.89
2000-09-26,10.92,18.5,5.32,0.09,40.83,1.55
2000-09-27,16.08,24.5,9.14,0.0,20.96,1.47
2000-09-28,19.25,27.5,11.9,0.08,18.29,2.38
2000-09-29,13.8,17.03,8.83,8.25,55.36,2.04
2000-09-30,11.07,18.3,6.24,0.35,47.23,1.73
2000-10-01,12.21,18.25,7.58,0.66,35.49,1.1
2000-10-02,12.71,18.12,9.84,5.59,56.57,1.06
2000-10-03,13.43,17.52,9.65,2.69,66.88,1.37
2000-10-04,11.11,14.97,8.37,2.45,59.06,1.52
2000-10-05,10.22,15.29,6.14,0.36,57.53,1.18
2000-10-06,9.97,15.91,5.49,0.0,50.69,2.11
2000-10-07,8.51,14.2,3.56,0.15,55.93,1.99
2000-10-08,7.79,15.05,2.59,0.0,51.52,1.69
2000-10-09,8.79,15.93,3.02,0.0,43.44,1.66
2000-10-10,11.6,19.13,6.87,0.0,36.9,1.31
2000-10-11,14.14,21.48,9.48,0.0,32.55,1.28
2000-10-12,15.79,24.09,9.78,0.03,32.09,1.83
2000-10-13,15.81,23.97,11.19,0.43,43.7,2.13
2000-10-14,11.15,14.4,7.54,3.88,64.12,1.1
2000-10-15,4.49,6.51,1.59,17.37,86.73,1.16
2000-10-16,3.45,9.1,-1.18,0.73,64.18,1.25
2000-10-17,6.89,14.94,1.1,0.0,40.11,1.41
2000-10-18,11.42,19.55,6.42,4.17,42.55,1.57
2000-10-19,10.52,16.08,6.43,3.19,67.63,1.78
2000-10-20,11.15,16.66,7.72,0.08,60.69,1.17
2000-10-21,6.77,11.23,2.51,2.27,70.34,1.24
2000-10-22,6.43,12.74,2.27,0.88,53.61,1.52
2000-10-23,8.96,16.05,4.34,0.02,49.15,1.61
2000-10-24,4.69,8.51,0.34,4.56,75.32,1.43
2000-10-25,6.81,14.01,1.8,0.03,48.26,1.14
2000-10-26,9.4,17.19,5.2,0.0,35.24,1.1
2000-10-27,15.4,25.55,7.46,0.0,33.55,1.46
2000-10-28,16.22,23.06,11.68,0.0,36.18,1.19
2000-10-29,15.14,23.51,9.65,0.0,42.52,1.39
2000-10-30,10.07,15.52,5.7,0.0,61.21,2.33
2000-10-31,10.03,17.18,4.98,0.0,53.96,1.33
2000-11-01,9.3,15.01,5.07,0.0,55.29,1.29
2000-11-02,9.72,16.94,5.55,0.0,45.15,1.12
2000-11-03,12.22,19.57,7.81,0.0,39.35,1.27
2000-11-04,12.56,17.41,9.79,0.24,49.83,1.24
2000-11-05,11.37,15.96,7.52,2.78,73.57,1.2
2000-11-06,8.93,15.18,5.31,0.0,62.54,1.37
2000-11-07,6.3,9.8,1.94,6.3,68.88,1.37
2000-11-08,1.6,3.45,0.52,4.54,86.62,2.11
2000-11-09,5.29,12.86,0.02,0.25,63.66,1.52
2000-11-10,8.35,15.19,4.51,0.0,41.31,1.04
2000-11-11,5.48,8.21,2.78,1.54,68.9,1.39
2000-11-12,0.72,2.96,-2.79,9.22,86.6,1.25
2000-11-13,1.62,6.41,-1.35,0.45,62.77,1.12
2000-11-14,5.49,11.78,0.12,0.09,50.34,1.57
2000-11-15,4.18,6.57,0.5,1.5,84.68,1.01
2000-11-16,1.12,5.88,-1.47,2.17,73.77,1.17
2000-11-17,-0.55,3.06,-3.84,1.12,72.9,1.04
2000-11-18,2.47,9.23,-2.05,0.0,50.89,1.4
2000-11-19,4.6,8.87,2.39,0.0,45.75,0.92
2000-11-20,4.35,9.94,1.19,0.0,47.41,1.07
2000-11-21,4.87,10.73,1.28,0.0,49.85,1.08
2000-11-22,5.06,11.05,2.2,0.0,50.17,1.12
2000-11-23,4.97,10.78,2.11,0.0,65.44,1.2
2000-11-24,5.03,11.22,1.83,0.0,61.7,1.17
2000-11-25,5.76,12.53,2.23,0.0,59.36,1.34
2000-11-26,5.84,12.79,2.56,0.0,58.45,1.4
2000-11-27,6.37,12.53,2.82,0.15,52.06,1.55
2000-11-28,6.86,12.25,3.11,0.59,54.85,1.96
2000-11-29,-0.85,3.99,-4.3,1.55,71.47,2.21
2000-11-30,-1.79,3.45,-5.17,0.02,62.3,0.98
2000-12-01,4.49,12.95,-1.36,0.16,34.64,1.73
2000-12-02,2.77,5.63,0.6,12.51,81.08,2.47
2000-12-03,2.62,5.7,0.24,2.87,93.25,2.55
2000-12-04,1.3,3.33,-1.42,8.54,89.59,1.95
2000-12-05,0.53,4.52,-1.69,0.06,76.65,1.39
2000-12-06,1.59,6.93,-2.02,0.0,62.44,1.23
2000-12-07,1.47,5.0,-0.4,0.02,60.8,1.05
2000-12-08,3.58,8.09,0.93,0.0,59.2,0.92
2000-12-09,2.55,4.52,-0.2,2.81,71.95,0.45
2000-12-10,-1.48,2.85,-4.76,3.63,90.04,0.83
2000-12-11,0.14,7.09,-4.34,0.0,51.95,1.57
2000-12-12,3.49,8.51,0.12,0.01,45.46,1.03
2000-12-13,4.98,9.86,1.65,6.67,78.76,1.48
2000-12-14,2.88,5.17,0.42,3.82,91.28,1.7
2000-12-15,5.48,9.63,0.85,0.0,68.02,0.92
2000-12-16,6.35,9.53,2.47,0.62,67.19,0.96
2000-12-17,-0.36,2.9,-4.14,7.79,91.84,2.55
2000-12-18,1.27,8.7,-4.35,0.07,63.58,1.56
2000-12-19,4.95,10.6,1.06,0.0,42.14,1.5
2000-12-20,5.96,12.72,0.9,0.0,47.48,1.88
2000-12-21,9.39,15.35,5.72,0.0,43.66,1.83
2000-12-22,9.12,15.62,5.23,0.0,40.93,1.58
2000-12-23,4.88,8.4,1.5,0.15,61.13,1.28
2000-12-24,4.28,9.76,1.1,0.03,64.37,0.81
2000-12-25,6.26,9.15,4.61,0.7,62.59,1.2
2000-12-26,7.94,12.38,4.44,1.59,66.0,0.94
2000-12-27,5.05,10.22,2.63,0.11,77.37,1.06
2000-12-28,2.26,5.48,0.64,0.38,89.24,1.14
2000-12-29,1.79,5.26,0.19,0.0,88.64,0.81
2000-12-30,2.9,8.55,-0.14,0.07,75.16,1.0
2000-12-31,3.44,8.91,1.09,0.0,54.1,1.32
2001-01-01,5.06,11.52,2.5,0.0,44.75,1.13
2001-01-02,4.4,9.56,1.44,0.0,49.37,1.72
2001-01-03,2.81,6.98,0.84,0.02,80.53,1.66
2001-01-04,3.95,10.0,0.62,0.15,73.76,1.76
2001-01-05,2.89,8.95,-0.51,0.0,56.95,1.08
2001-01-06,0.56,5.25,-2.14,0.01,66.43,0.95
2001-01-07,0.66,6.26,-1.79,0.0,57.63,1.17
2001-01-08,1.11,6.56,-1.31,0.0,54.74,1.25
2001-01-09,1.36,5.5,-1.07,0.23,60.85,1.96
2001-01-10,-1.06,1.19,-2.4,1.89,88.56,1.76
2001-01-11,2.53,9.33,-3.18,0.0,42.56,1.26
2001-01-12,5.22,11.01,1.81,0.0,36.3,1.12
2001-01-13,4.47,9.58,1.88,0.0,49.24,1.54
2001-01-14,3.94,10.39,0.64,0.0,59.17,1.66
2001-01-15,4.84,11.52,-0.74,2.78,60.14,2.81
2001-01-16,-5.4,-1.51,-10.74,8.42,82.06,2.54
2001-01-17,-6.08,-0.8,-10.7,0.04,63.06,1.82
2001-01-18,-2.38,3.86,-7.84,0.0,44.52,1.63
2001-01-19,-0.47,3.3,-3.03,0.17,48.8,0.88
2001-01-20,-1.13,1.58,-3.22,3.97,87.69,0.83
2001-01-21,-3.87,-1.98,-5.16,1.59,87.5,1.29
2001-01-22,-5.02,-2.36,-7.34,0.62,82.72,1.18
2001-01-23,-4.94,-0.83,-7.56,0.44,75.11,1.4
2001-01-24,-6.91,-0.48,-15.48,3.35,72.36,2.89
2001-01-25,-11.01,-5.34,-15.37,0.05,56.45,1.01
2001-01-26,-9.21,-5.5,-12.08,0.09,67.42,0.96
2001-01-27,-7.18,-0.99,-12.01,0.0,66.81,1.07
2001-01-28,-3.43,2.54,-7.71,0.05,66.1,1.32
2001-01-29,-7.11,-4.82,-9.54,0.27,83.15,1.76
2001-01-30,-7.78,-4.02,-10.45,0.05,78.51,1.41
2001-01-31,-5.82,-0.98,-9.27,0.0,77.71,0.91
2001-02-01,-2.56,3.21,-6.39,0.0,69.61,1.3
2001-02-02,0.96,8.95,-4.44,0.0,56.07,1.62
2001-02-03,5.0,10.81,1.22,0.0,45.9,1.16
2001-02-04,4.67,10.84,1.62,0.0,59.87,1.83
2001-02-05,4.06,8.92,1.42,2.31,75.16,1.85
2001-02-06,0.4,4.41,-2.84,3.78,81.27,1.85
2001-02-07,-0.25,4.21,-2.57,0.01,69.68,1.19
2001-02-08,0.44,6.03,-2.6,0.01,65.01,1.28
2001-02-09,-0.93,0.88,-3.18,3.04,81.98,1.25
2001-02-10,-4.76,-1.5,-7.51,3.62,83.39,1.99
2001-02-11,-3.65,2.23,-7.66,0.0,72.18,1.04
2001-02-12,-0.34,6.07,-4.56,0.0,52.11,1.69
2001-02-13,2.05,8.7,-2.0,0.0,49.63,1.34
2001-02-14,3.94,9.68,0.46,0.0,45.31,1.23
2001-02-15,6.42,13.26,1.69,0.18,49.02,1.91
2001-02-16,3.41,7.27,-1.57,5.21,76.27,2.65
2001-02-17,2.06,7.47,-1.88,0.36,67.79,2.07
2001-02-18,3.62,9.2,-0.24,0.54,72.11,2.23
2001-02-19,5.78,13.01,2.0,3.43,73.47,1.62
2001-02-20,3.23,7.98,-0.69,4.79,83.14,1.43
2001-02-21,6.83,14.36,0.39,0.83,58.76,2.74
2001-02-22,7.26,13.57,1.43,4.72,71.53,3.14
2001-02-23,4.31,9.57,0.74,4.68,70.83,1.31
2001-02-24,6.34,13.84,1.76,0.03,57.46,1.56
2001-02-25,5.87,11.62,1.74,0.36,52.19,2.74
2001-02-26,7.2,15.62,0.64,0.0,47.1,2.27
2001-02-27,9.57,16.84,2.5,0.0,36.97,1.48
2001-02-28,8.01,16.05,2.08,0.0,46.02,1.55
2001-03-01,9.91,17.66,3.97,0.0,45.14,1.51
2001-03-02,7.74,12.38,2.07,0.01,56.4,1.65
2001-03-03,7.78,18.07,0.51,0.0,50.54,1.96
2001-03-04,11.26,20.42,3.38,0.0,35.22,1.45
2001-03-05,8.14,12.94,4.16,0.0,70.99,1.33
2001-03-06,7.0,12.42,2.99,0.0,68.77,1.66
2001-03-07,9.14,15.46,3.53,0.0,51.86,1.4
2001-03-08,11.92,20.3,4.31,0.0,46.67,2.03
2001-03-09,13.58,21.96,6.99,0.0,45.35,2.48
2001-03-10,8.67,12.49,4.8,0.98,72.8,1.49
2001-03-11,2.2,4.02,-0.58,7.32,90.25,1.98
2001-03-12,-0.82,1.09,-2.43,11.38,88.4,1.81
2001-03-13,-1.44,2.81,-4.08,3.66,86.15,1.62
2001-03-14,2.02,8.98,-3.34,0.0,69.33,1.17
2001-03-15,7.02,14.58,1.19,0.0,53.26,1.43
2001-03-16,9.81,19.79,1.36,0.0,45.64,1.53
2001-03-17,12.86,22.61,4.09,0.0,40.12,2.06
2001-03-18,13.32,22.56,7.36,3.18,52.26,2.56
2001-03-19,5.89,8.59,4.1,19.28,82.69,1.76
2001-03-20,7.63,15.11,1.14,0.29,67.99,1.31
2001-03-21,9.74,17.9,2.74,0.0,54.43,1.63
2001-03-22,12.87,20.83,5.03,0.0,45.99,1.52
2001-03-23,14.9,22.38,8.98,0.0,44.97,2.25
2001-03-24,16.5,25.47,9.03,0.0,45.47,1.8
2001-03-25,17.38,24.95,10.85,0.0,42.62,2.03
2001-03-26,18.37,26.25,12.78,0.0,48.21,1.55
2001-03-27,13.9,19.76,9.94,0.0,65.01,2.25
2001-03-28,8.76,10.68,6.61,0.79,85.07,1.54
2001-03-29,9.63,15.81,4.7,0.56,73.65,1.24
2001-03-30,12.15,18.91,5.66,0.0,62.29,1.61
2001-03-31,11.96,19.73,6.51,0.69,61.05,1.96
2001-04-01,8.23,12.09,4.14,15.3,81.6,1.75
2001-04-02,6.0,12.79,0.0,0.05,61.25,2.26
2001-04-03,10.44,17.87,2.47,0.0,46.31,1.49
2001-04-04,15.46,24.25,7.27,0.01,41.4,2.58
2001-04-05,10.86,17.16,6.19,4.67,62.74,2.36
2001-04-06,14.33,21.86,6.96,0.0,45.32,1.58
2001-04-07,14.74,22.07,6.27,0.0,46.29,2.02
2001-04-08,15.15,25.17,6.0,0.0,42.9,1.49
2001-04-09,17.35,27.13,8.97,0.0,36.18,1.84
2001-04-10,19.18,28.2,12.05,0.0,38.99,1.61
2001-04-11,20.96,28.57,14.51,0.32,46.36,2.01
2001-04-12,19.14,25.91,13.76,0.39,48.81,2.52
2001-04-13,20.74,28.89,12.73,0.0,44.43,1.68
2001-04-14,17.24,23.02,12.02,0.08,51.52,2.04
2001-04-15,16.19,22.22,11.16,1.35,52.04,1.41
2001-04-16,15.11,21.92,10.0,0.0,47.54,2.04
2001-04-17,14.03,20.77,8.68,0.58,54.44,1.92
2001-04-18,14.12,20.46,8.54,0.0,54.02,1.63
2001-04-19,15.22,21.0,10.0,1.67,50.78,1.57
2001-04-20,15.08,21.46,8.05,0.0,50.03,2.03
2001-04-21,17.25,24.56,10.45,0.0,44.92,1.68
2001-04-22,19.15,27.56,11.76,0.03,46.13,1.36
2001-04-23,16.13,20.68,12.71,9.59,66.23,2.3
2001-04-24,16.06,22.69,10.16,0.16,57.07,1.76
2001-04-25,16.36,24.09,9.36,0.0,47.9,2.13
2001-04-26,17.86,25.7,8.94,0.0,45.5,1.67
2001-04-27,18.02,26.09,11.2,0.0,43.58,2.38
2001-04-28,18.58,28.9,9.1,0.0,41.48,2.1
2001-04-29,21.57,30.07,12.24,0.0,28.84,1.48
2001-04-30,19.97,26.72,14.4,0.0,35.7,1.66
2001-05-01,20.0,27.48,13.32,0.06,38.77,1.95
2001-05-02,20.24,27.52,13.02,0.03,41.18,1.71
2001-05-03,21.28,28.47,15.36,0.0,39.78,1.72
2001-05-04,21.21,28.21,15.55,0.0,41.42,2.0
2001-05-05,24.06,32.27,15.88,0.0,34.04,1.47
2001-05-06,24.36,32.89,16.56,0.1,34.76,1.92
2001-05-07,25.3,34.21,17.47,0.01,36.49,1.86
2001-05-08,23.52,30.08,17.33,0.65,38.85,1.68
2001-05-09,24.97,32.43,16.87,0.03,32.43,2.21
2001-05-10,26.92,35.98,17.99,0.14,29.84,3.14
2001-05-11,23.3,29.97,17.41,0.2,37.37,2.11
2001-05-12,24.89,33.91,16.56,0.0,28.28,2.32
2001-05-13,24.47,31.79,18.01,0.0,33.09,2.21
2001-05-14,25.16,33.12,17.24,0.0,28.91,1.92
2001-05-15,25.81,34.14,16.76,0.0,27.58,1.7
2001-05-16,27.1,36.52,17.37,0.0,22.9,1.79
2001-05-17,29.4,38.1,20.01,0.0,18.86,1.91
2001-05-18,26.43,32.85,20.78,0.07,27.54,2.68
2001-05-19,22.13,28.28,15.21,0.38,37.99,2.27
2001-05-20,20.29,27.8,12.45,0.0,27.49,2.86
2001-05-21,23.12,32.29,13.83,0.0,23.17,1.78
2001-05-22,24.95,33.33,16.0,0.01,21.25,1.78
2001-05-23,25.2,32.71,17.92,0.0,21.34,2.18
2001-05-24,25.74,33.47,17.94,0.0,22.71,1.74
2001-05-25,26.11,33.95,18.19,0.0,25.22,1.79
2001-05-26,26.91,34.69,18.97,0.0,24.25,2.29
2001-05-27,27.08,35.36,18.3,0.0,27.01,2.47
2001-05-28,25.95,31.92,20.8,0.17,30.64,1.52
2001-05-29,26.34,33.76,18.91,0.03,28.73,1.69
2001-05-30,28.62,37.31,20.06,0.0,19.98,1.9
2001-05-31,29.45,37.26,21.16,0.17,17.67,2.31
2001-06-01,30.21,38.04,22.68,0.01,17.93,2.19
2001-06-02,21.73,27.59,15.33,1.17,35.6,3.01
2001-06-03,23.13,32.81,12.22,0.0,17.95,2.01
2001-06-04,25.97,34.54,16.77,0.0,13.5,2.44
2001-06-05,26.82,35.4,18.78,0.0,15.3,2.7
2001-06-06,25.13,32.77,17.99,0.0,15.79,2.46
2001-06-07,24.1,32.54,16.36,0.0,14.59,3.22
2001-06-08,25.6,36.1,13.67,0.0,12.88,2.0
2001-06-09,27.96,36.99,18.45,0.0,8.1,2.5
2001-06-10,28.28,35.94,20.72,0.0,12.37,2.32
2001-06-11,23.47,28.84,18.97,0.0,28.42,3.04
2001-06-12,25.71,34.08,17.3,0.0,23.34,1.99
2001-06-13,27.37,35.1,19.5,0.0,18.11,2.63
2001-06-14,27.7,35.01,20.9,0.0,20.32,2.94
2001-06-15,28.08,35.94,19.42,0.0,18.42,1.91
2001-06-16,28.99,36.98,20.64,0.0,20.67,2.79
2001-06-17,28.56,36.62,19.79,0.0,22.97,2.14
2001-06-18,30.54,38.67,21.7,0.0,20.35,2.07
2001-06-19,31.91,39.64,23.37,0.0,14.69,2.01
2001-06-20,32.66,40.82,23.03,0.0,13.9,3.02
2001-06-21,28.07,33.31,23.26,0.0,25.75,2.26
2001-06-22,28.05,35.43,19.98,0.41,23.39,3.32
2001-06-23,27.85,35.77,19.37,0.0,21.65,2.33
2001-06-24,30.06,37.89,20.88,0.0,17.23,2.28
2001-06-25,30.88,39.15,22.11,0.0,12.3,2.26
2001-06-26,31.56,40.15,21.73,0.0,9.95,2.0
2001-06-27,33.26,41.56,23.86,0.0,9.79,1.97
2001-06-28,31.4,38.84,24.3,0.0,15.51,3.15
2001-06-29,31.25,39.79,22.11,0.0,11.79,2.88
2001-06-30,33.73,43.02,23.67,0.0,10.92,2.41
2001-07-01,28.86,34.99,23.07,0.0,24.11,3.43
2001-07-02,25.82,32.37,19.79,0.0,26.17,2.68
2001-07-03,24.5,31.43,17.38,0.0,23.18,3.01
2001-07-04,23.43,30.64,15.68,0.0,19.79,2.67
2001-07-05,25.01,33.16,16.29,0.0,16.03,1.87
2001-07-06,26.78,34.36,20.3,0.0,11.87,1.97
2001-07-07,27.77,35.4,19.98,0.0,14.92,2.17
2001-07-08,27.94,35.59,20.27,0.0,18.07,2.92
2001-07-09,28.27,36.72,19.16,0.0,12.47,1.78
2001-07-10,29.92,39.09,19.87,0.0,9.9,2.04
2001-07-11,31.29,40.49,22.4,0.0,10.07,2.43
2001-07-12,28.44,35.67,21.57,0.0,14.13,3.1
2001-07-13,26.12,34.27,17.75,0.0,15.71,3.28
2001-07-14,26.13,34.59,17.78,0.0,14.49,2.42
2001-07-15,25.21,33.44,16.54,0.0,16.43,2.95
2001-07-16,26.22,33.87,17.94,0.0,16.3,2.27
2001-07-17,27.92,34.79,21.08,0.0,19.37,1.82
2001-07-18,28.6,35.16,21.82,0.45,24.03,2.5
2001-07-19,27.86,34.31,21.4,0.43,30.69,2.12
2001-07-20,27.69,34.44,21.25,0.46,36.51,2.39
2001-07-21,27.2,33.82,20.84,0.0,28.38,2.06
2001-07-22,28.55,35.91,20.42,0.0,24.2,2.27
2001-07-23,30.06,37.32,22.23,0.09,22.89,2.08
2001-07-24,28.92,36.43,20.86,0.36,26.93,2.3
2001-07-25,29.51,37.4,21.97,0.0,22.14,2.42
2001-07-26,29.99,37.35,22.77,0.0,20.64,2.11
2001-07-27,30.46,37.53,23.84,0.0,22.3,2.55
2001-07-28,26.77,32.78,20.65,1.1,27.33,3.23
2001-07-29,22.7,29.36,16.82,0.03,37.2,2.99
2001-07-30,22.1,30.59,13.99,0.0,35.07,2.37
2001-07-31,24.07,32.81,15.25,0.0,29.21,2.12
2001-08-01,27.08,35.53,18.36,0.0,20.86,2.19
2001-08-02,28.62,36.65,20.41,0.0,18.76,1.84
2001-08-03,28.84,36.34,20.72,0.0,18.08,2.34
2001-08-04,29.45,37.74,21.89,0.0,18.63,2.26
2001-08-05,30.75,38.42,22.5,0.0,18.63,2.4
2001-08-06,25.51,31.74,18.17,0.17,19.6,2.5
2001-08-07,25.26,34.21,16.59,0.0,12.14,2.36
2001-08-08,26.32,34.11,19.09,0.0,19.38,2.2
2001-08-09,26.71,34.73,20.04,0.0,20.9,2.18
2001-08-10,26.81,34.88,19.67,0.0,14.66,2.03
2001-08-11,26.64,33.73,20.29,0.0,16.82,2.45
2001-08-12,26.6,33.55,19.97,0.0,23.87,2.99
2001-08-13,26.17,32.42,20.58,0.98,26.01,2.79
2001-08-14,25.85,31.48,19.32,0.02,30.87,1.72
2001-08-15,25.31,31.9,18.75,2.51,35.61,1.88
2001-08-16,25.12,31.59,17.78,0.25,34.32,1.92
2001-08-17,26.7,34.08,18.89,0.0,25.9,1.93
2001-08-18,25.39,32.07,19.01,0.0,24.26,2.21
2001-08-19,23.26,30.06,17.09,0.0,22.76,2.38
2001-08-20,23.34,32.06,15.21,0.0,18.08,2.05
2001-08-21,26.07,34.63,16.44,0.0,13.88,1.93
2001-08-22,25.94,34.86,17.88,0.0,15.2,2.36
2001-08-23,27.74,36.18,19.47,0.0,19.28,2.28
2001-08-24,28.75,35.56,22.3,0.02,24.4,1.79
2001-08-25,27.0,33.3,21.55,0.28,26.8,2.78
2001-08-26,22.65,28.16,17.37,2.09,34.38,1.74
2001-08-27,23.93,31.52,15.84,0.0,28.57,1.7
2001-08-28,22.23,28.6,18.49,2.19,38.45,3.03
2001-08-29,21.84,28.49,16.34,0.0,33.07,1.76
2001-08-30,22.25,29.79,14.33,0.03,25.58,2.17
2001-08-31,24.95,33.19,16.97,0.0,24.28,1.64
2001-09-01,27.3,35.54,19.64,0.0,21.77,2.26
2001-09-02,26.74,35.15,20.36,0.0,21.0,2.6
2001-09-03,22.71,29.87,16.91,0.0,26.7,2.61
2001-09-04,21.8,29.57,16.03,0.0,21.33,1.67
2001-09-05,24.44,32.72,16.67,0.0,16.78,1.72
2001-09-06,25.24,32.87,17.6,0.0,15.0,2.01
2001-09-07,23.03,29.05,18.21,0.0,25.56,1.79
2001-09-08,24.42,32.3,18.13,0.0,24.58,1.93
2001-09-09,23.58,31.32,17.01,0.0,21.02,2.09
2001-09-10,22.54,30.53,16.12,0.0,16.09,1.93
2001-09-11,21.23,29.87,13.53,0.0,17.85,1.81
2001-09-12,19.53,26.17,13.86,0.0,25.72,2.73
2001-09-13,16.63,24.27,10.35,0.0,32.35,2.28
2001-09-14,15.85,23.47,9.8,0.0,24.85,1.51
2001-09-15,16.74,25.42,8.38,0.0,17.02,1.82
2001-09-16,17.98,26.21,11.66,0.0,14.82,1.83
2001-09-17,17.8,25.52,12.32,0.0,19.03,1.81
2001-09-18,16.19,22.42,10.88,0.14,25.11,1.79
2001-09-19,11.94,18.42,6.04,0.0,27.05,2.05
2001-09-20,11.17,18.62,5.04,0.0,26.55,2.08
2001-09-21,14.31,22.34,7.33,0.0,20.61,1.69
2001-09-22,15.17,22.67,8.54,0.0,20.06,1.93
2001-09-23,15.32,23.25,8.86,0.0,19.67,1.71
2001-09-24,16.51,23.89,9.79,0.0,15.53,1.72
2001-09-25,16.19,22.72,12.21,0.5,22.03,1.75
2001-09-26,16.9,24.94,9.86,0.01,23.02,1.51
2001-09-27,20.68,29.84,13.02,0.0,18.23,1.84
2001-09-28,20.71,29.36,14.12,0.0,21.61,2.87
2001-09-29,18.57,26.27,13.42,0.0,25.55,1.45
2001-09-30,20.58,29.84,13.05,0.0,18.37,1.9
2001-10-01,22.13,31.5,15.07,0.0,15.61,1.72
2001-10-02,17.62,24.32,11.67,0.05,28.57,3.3
2001-10-03,14.14,21.03,8.23,0.0,34.93,1.86
2001-10-04,13.03,18.65,9.69,0.23,32.09,1.63
2001-10-05,10.83,15.76,7.82,5.63,43.24,2.71
2001-10-06,15.22,22.66,9.46,0.0,56.92,1.47
2001-10-07,18.69,27.16,11.7,0.0,30.36,1.63
2001-10-08,18.84,25.24,14.03,0.26,33.21,2.3
2001-10-09,11.47,15.25,7.3,2.78,60.2,1.78
2001-10-10,5.25,9.37,-0.37,0.0,45.6,1.86
2001-10-11,5.78,14.66,-1.0,0.0,34.45,1.68
2001-10-12,11.01,20.65,4.3,0.0,23.8,1.72
2001-10-13,13.27,20.92,7.8,0.0,20.92,1.43
2001-10-14,14.33,23.8,7.18,0.08,19.85,2.21
2001-10-15,14.0,20.09,9.62,0.0,42.04,1.65
2001-10-16,15.6,21.54,10.57,0.24,42.15,1.82
2001-10-17,9.77,11.9,4.34,10.17,75.99,1.73
2001-10-18,8.19,15.08,2.22,0.09,55.02,1.59
2001-10-19,12.36,18.24,7.15,1.47,52.4,1.41
2001-10-20,11.85,14.62,9.8,8.34,77.44,2.38
2001-10-21,11.18,17.11,6.87,0.26,64.79,1.52
2001-10-22,13.59,20.98,8.05,0.7,50.64,1.86
2001-10-23,11.83,16.9,8.48,10.55,69.04,1.06
2001-10-24,10.91,17.49,6.78,0.58,63.24,0.9
2001-10-25,15.5,24.73,7.7,0.0,38.13,2.89
2001-10-26,16.19,26.48,7.93,0.16,47.64,3.02
2001-10-27,2.76,6.77,-0.08,16.05,84.41,1.57
2001-10-28,0.74,6.73,-3.19,0.08,62.36,1.56
2001-10-29,4.1,9.93,-1.07,0.0,52.46,1.18
2001-10-30,5.86,9.12,3.6,6.87,65.76,1.14
2001-10-31,7.52,13.09,4.35,0.69,78.31,1.24
2001-11-01,9.96,16.29,5.95,1.1,72.92,1.25
2001-11-02,7.65,10.48,5.2,14.49,89.71,1.49
2001-11-03,6.92,13.15,4.0,0.53,78.04,1.26
2001-11-04,7.43,11.48,4.18,0.0,65.11,1.02
2001-11-05,8.34,14.73,3.39,0.0,53.27,1.92
2001-11-06,8.52,14.96,4.84,0.0,54.48,1.41
2001-11-07,9.99,18.17,4.3,0.0,43.37,1.37
2001-11-08,12.49,21.31,6.16,0.09,43.52,2.03
2001-11-09,8.9,11.26,7.46,0.93,80.5,1.42
2001-11-10,8.84,12.53,6.32,0.05,84.52,1.05
2001-11-11,9.4,15.85,5.51,0.0,72.21,1.4
2001-11-12,11.48,19.54,5.95,0.0,50.05,1.41
2001-11-13,13.65,18.72,9.05,0.0,49.58,1.29
2001-11-14,13.63,18.63,8.51,0.0,50.7,1.25
2001-11-15,9.57,13.57,6.36,3.07,78.16,1.4
2001-11-16,11.34,19.63,5.73,0.0,58.22,1.53
2001-11-17,14.88,23.03,9.39,0.0,41.75,1.99
2001-11-18,16.19,24.46,11.53,0.0,37.68,2.68
2001-11-19,16.4,23.78,12.46,0.01,41.65,2.18
2001-11-20,2.68,11.72,-1.42,13.35,84.93,1.47
2001-11-21,3.7,9.8,-2.12,0.0,60.14,1.13
2001-11-22,8.78,14.12,5.45,0.02,49.9,1.46
2001-11-23,11.41,19.5,6.17,2.27,46.25,1.48
2001-11-24,7.75,10.46,5.62,0.0,63.55,0.72
2001-11-25,4.83,7.19,2.9,0.51,71.79,0.84
2001-11-26,4.79,9.33,2.13,0.83,74.53,1.32
2001-11-27,3.49,8.3,0.92,0.1,77.2,1.11
2001-11-28,3.58,8.5,0.86,0.01,61.14,0.85
2001-11-29,-0.88,3.37,-3.79,0.6,70.09,1.55
2001-11-30,0.76,4.59,-1.76,0.72,52.91,0.62
2001-12-01,-0.13,4.54,-2.53,2.75,81.09,1.72
2001-12-02,-2.28,2.04,-5.82,0.04,76.44,0.87
2001-12-03,-3.15,2.22,-6.06,0.01,58.41,0.84
2001-12-04,-1.44,3.6,-3.62,0.0,53.08,0.84
2001-12-05,1.51,7.33,-2.75,0.0,43.05,1.11
2001-12-06,3.14,5.77,0.28,8.16,73.79,1.43
2001-12-07,3.04,5.41,1.72,3.85,97.38,1.78
2001-12-08,-0.04,1.97,-1.66,5.85,92.36,0.75
2001-12-09,-2.56,2.93,-8.46,0.01,86.18,1.46
2001-12-10,-6.84,-1.27,-10.24,0.0,70.36,1.45
2001-12-11,-3.01,2.71,-6.74,0.0,43.97,1.3
2001-12-12,0.08,6.34,-4.94,0.0,41.93,1.4
2001-12-13,1.16,3.62,-0.5,1.0,71.9,0.79
2001-12-14,1.93,5.25,-0.21,1.21,94.01,1.09
2001-12-15,2.08,7.06,-0.17,0.0,70.29,1.14
2001-12-16,3.61,10.52,-0.21,0.0,53.55,1.53
2001-12-17,4.49,9.3,1.43,4.78,71.21,1.47
2001-12-18,0.29,4.93,-2.22,5.96,76.71,2.02
2001-12-19,4.44,10.26,-0.25,0.0,52.31,2.41
2001-12-20,7.28,11.27,2.13,0.01,48.08,2.7
2001-12-21,8.35,11.8,0.21,9.3,73.8,3.31
2001-12-22,-2.55,-0.48,-5.25,10.32,91.11,1.28
2001-12-23,-1.37,3.06,-5.36,0.42,75.93,0.91
2001-12-24,1.22,5.72,-1.3,0.0,57.62,1.14
2001-12-25,3.46,10.66,-1.71,0.0,50.16,1.53
2001-12-26,6.39,13.76,2.18,0.0,49.55,1.72
2001-12-27,7.13,15.09,2.76,0.0,54.93,2.37
2001-12-28,6.76,11.33,4.7,0.32,65.41,1.6
2001-12-29,7.67,13.76,3.92,0.37,76.71,1.84
2001-12-30,10.16,16.0,6.6,0.0,60.33,2.07
2001-12-31,7.61,9.83,5.33,12.17,80.57,2.53
2002-01-01,6.97,14.56,2.43,0.82,69.28,1.76
2002-01-02,8.9,17.5,3.33,0.0,50.85,2.2
2002-01-03,13.15,20.76,8.65,0.0,55.3,1.88
2002-01-04,12.42,16.85,9.77,0.0,54.36,1.29
2002-01-05,8.54,12.6,3.89,0.03,67.3,1.65
2002-01-06,8.11,13.49,5.19,0.0,69.0,1.35
2002-01-07,10.35,17.67,5.37,0.0,58.84,2.5
2002-01-08,11.62,18.28,7.6,0.15,50.11,2.43
2002-01-09,7.23,11.94,3.72,9.32,83.17,1.33
2002-01-10,1.99,3.55,0.12,5.4,89.65,1.08
2002-01-11,0.58,4.15,-1.78,1.04,85.35,1.08
2002-01-12,-1.12,3.29,-3.56,3.56,79.74,1.1
2002-01-13,-5.42,-3.52,-7.79,8.15,86.38,1.45
2002-01-14,-4.76,-0.06,-8.49,0.06,73.25,1.37
2002-01-15,-2.86,0.3,-4.99,0.27,72.06,1.01
2002-01-16,-3.64,-0.37,-5.54,0.21,78.37,0.92
2002-01-17,-4.28,-2.83,-6.09,2.5,85.29,1.57
2002-01-18,-5.05,0.92,-8.01,0.13,69.3,1.04
2002-01-19,-3.61,1.68,-6.34,0.0,52.82,1.22
2002-01-20,-1.83,2.72,-5.7,0.0,53.5,0.88
2002-01-21,0.02,4.03,-2.56,0.0,50.84,1.18
2002-01-22,1.33,6.56,-2.34,0.0,58.91,1.39
2002-01-23,2.14,5.11,-0.31,0.19,63.59,0.9
2002-01-24,2.16,5.95,0.03,3.81,76.05,1.41
2002-01-25,-1.1,1.46,-3.62,4.09,90.07,1.06
2002-01-26,-2.1,2.73,-5.42,0.0,72.45,1.24
2002-01-27,-0.25,4.45,-3.14,0.0,62.95,0.85
2002-01-28,0.86,6.6,-3.07,0.0,56.08,1.36
2002-01-29,4.22,11.65,-0.57,0.0,48.07,1.23
2002-01-30,5.72,11.61,1.56,0.0,51.89,1.71
2002-01-31,4.36,7.6,1.72,0.1,66.66,0.9
2002-02-01,2.25,4.27,0.99,7.05,92.02,1.88
2002-02-02,-0.42,1.25,-2.68,4.81,83.91,2.62
2002-02-03,1.37,4.53,-1.23,4.62,78.0,2.6
2002-02-04,-1.76,1.23,-4.66,7.81,92.08,1.07
2002-02-05,-3.18,-0.34,-5.31,1.41,79.32,1.61
2002-02-06,-1.88,1.57,-4.53,0.03,73.8,1.43
2002-02-07,-2.95,1.79,-6.19,0.08,75.81,1.39
2002-02-08,-0.74,4.79,-3.99,0.0,60.9,1.24
2002-02-09,0.98,5.85,-1.62,0.0,56.18,1.18
2002-02-10,3.32,10.8,-1.57,0.0,47.97,1.63
2002-02-11,4.45,9.41,0.7,1.16,65.04,2.36
2002-02-12,1.94,5.5,-0.61,2.22,81.52,1.75
2002-02-13,6.57,13.73,-0.26,0.38,56.45,3.0
2002-02-14,11.12,18.0,6.96,3.19,57.57,2.96
2002-02-15,8.5,13.15,4.38,5.77,89.5,2.17
2002-02-16,9.11,15.02,4.31,1.34,75.24,1.46
2002-02-17,-0.03,6.95,-3.8,12.04,87.28,2.56
2002-02-18,-0.05,4.36,-4.06,0.16,77.71,1.17
2002-02-19,-1.3,0.69,-5.59,15.06,89.31,1.53
2002-02-20,-1.4,5.34,-7.74,0.05,68.9,1.43
2002-02-21,6.06,12.42,0.38,0.0,44.23,1.62
2002-02-22,6.41,11.27,3.94,0.0,73.68,0.89
2002-02-23,5.81,10.68,3.1,0.0,79.54,0.88
2002-02-24,8.83,16.27,3.02,0.17,60.97,2.15
2002-02-25,9.01,15.32,4.77,0.12,63.22,1.5
2002-02-26,9.17,16.65,4.85,4.07,64.07,2.42
2002-02-27,10.08,16.29,5.26,2.29,71.5,2.79
2002-02-28,9.16,14.47,1.44,2.89,69.1,3.61
2002-03-01,3.61,8.08,0.21,3.51,83.65,2.32
2002-03-02,4.89,9.09,2.48,2.78,81.78,1.65
2002-03-03,7.44,12.96,3.24,0.31,66.07,2.17
2002-03-04,9.78,17.88,2.97,0.0,58.77,1.83
2002-03-05,12.47,20.06,6.93,0.0,51.51,2.42
2002-03-06,9.59,18.45,-0.14,1.69,62.92,3.39
2002-03-07,-1.12,0.48,-3.49,5.88,84.75,2.66
2002-03-08,1.35,8.43,-5.07,0.1,67.67,1.1
2002-03-09,7.14,15.56,-0.05,0.0,48.88,1.33
2002-03-10,8.42,17.87,1.28,0.93,57.94,3.15
2002-03-11,-1.43,0.59,-5.22,10.67,85.32,2.04
2002-03-12,0.21,6.25,-6.31,0.01,63.86,1.81
2002-03-13,5.78,13.17,0.3,0.0,46.09,1.3
2002-03-14,8.06,14.99,2.39,0.0,47.11,1.44
2002-03-15,11.77,20.7,3.53,0.0,48.89,1.38
2002-03-16,15.65,23.23,9.23,0.01,53.07,1.93
2002-03-17,13.79,19.72,8.36,2.76,67.98,1.58
2002-03-18,6.91,11.69,3.36,0.42,68.53,2.68
2002-03-19,12.62,18.97,6.65,0.0,48.68,1.35
2002-03-20,16.38,22.94,11.76,0.06,57.36,1.1
2002-03-21,14.97,20.67,10.07,0.41,66.35,1.71
2002-03-22,12.04,15.17,8.98,10.96,80.56,2.1
2002-03-23,12.66,18.9,7.46,0.45,71.59,1.68
2002-03-24,8.99,10.9,6.46,4.66,84.93,1.29
2002-03-25,8.97,12.87,5.62,7.49,79.68,1.81
2002-03-26,11.79,18.55,6.56,6.01,67.99,2.54
2002-03-27,14.34,22.08,7.53,0.0,57.46,1.68
2002-03-28,16.48,24.96,9.27,0.0,49.03,2.22
2002-03-29,18.03,27.11,12.8,0.06,52.88,3.3
2002-03-30,10.06,13.03,6.56,15.45,88.6,1.72
2002-03-31,8.67,12.23,5.97,2.45,80.8,1.75
2002-04-01,7.84,13.68,2.57,0.41,69.26,2.13
2002-04-02,9.48,16.04,3.4,0.24,61.36,1.91
2002-04-03,11.13,17.04,5.8,0.0,58.2,1.31
2002-04-04,13.42,18.72,8.27,2.38,66.73,1.22
2002-04-05,11.15,13.77,8.04,9.34,83.99,2.12
2002-04-06,10.86,15.56,7.86,1.72,78.34,1.45
2002-04-07,11.97,17.34,7.73,2.49,68.49,1.23
2002-04-08,15.68,22.91,9.24,0.0,51.32,1.39
2002-04-09,17.23,24.5,11.23,0.28,53.8,2.11
2002-04-10,19.1,26.19,11.55,0.0,49.89,1.54
2002-04-11,18.95,26.29,13.15,0.03,56.53,2.28
2002-04-12,10.98,14.51,8.86,8.1,85.31,1.78
2002-04-13,13.26,17.21,9.0,0.43,81.57,1.04
2002-04-14,15.81,20.78,11.72,2.22,79.0,1.66
2002-04-15,12.32,16.72,9.44,9.74,79.31,1.72
2002-04-16,14.84,20.66,9.22,0.04,61.0,1.35
2002-04-17,14.87,21.23,10.54,4.37,69.89,2.23
2002-04-18,16.91,22.91,11.55,1.18,72.62,1.49
2002-04-19,17.2,21.15,13.52,7.62,74.18,1.2
2002-04-20,19.24,24.82,13.67,0.82,69.45,1.06
2002-04-21,20.03,28.52,14.95,7.29,71.3,1.71
2002-04-22,15.19,18.35,12.14,18.25,84.48,1.35
2002-04-23,10.64,12.44,6.82,9.25,90.02,2.03
2002-04-24,9.65,15.52,5.39,2.19,73.53,1.36
2002-04-25,10.7,16.36,5.42,0.01,64.75,1.31
2002-04-26,12.18,16.3,8.25,11.05,75.73,2.66
2002-04-27,8.42,11.27,5.39,7.42,83.4,2.5
2002-04-28,9.33,15.07,3.49,0.32,71.4,1.54
2002-04-29,11.8,18.35,5.39,0.02,62.14,1.3
2002-04-30,12.15,16.47,7.72,4.36,68.81,2.08
2002-05-01,12.71,18.41,6.45,1.97,66.35,1.35
2002-05-02,13.77,18.88,8.87,1.44,64.66,1.21
2002-05-03,14.92,20.97,8.33,0.5,62.47,1.45
2002-05-04,15.36,22.1,8.67,0.0,58.05,1.9
2002-05-05,17.53,23.4,11.96,3.07,57.5,1.46
2002-05-06,16.26,20.46,12.0,2.01,72.04,1.96
2002-05-07,17.02,22.07,12.01,0.0,63.34,1.85
2002-05-08,18.21,24.89,11.31,0.0,62.09,1.78
2002-05-09,17.15,21.67,12.87,0.14,64.92,1.46
2002-05-10,16.65,22.53,11.25,0.08,58.24,1.34
2002-05-11,19.94,26.89,12.07,0.0,54.02,1.41
2002-05-12,20.84,29.16,16.33,0.0,60.94,2.28
2002-05-13,18.81,23.13,15.12,1.86,67.91,1.67
2002-05-14,13.5,18.16,8.17,6.64,71.76,2.3
2002-05-15,15.03,20.91,7.96,0.0,53.53,1.42
2002-05-16,15.98,21.72,10.98,1.71,53.28,1.95
2002-05-17,13.08,18.78,7.5,4.93,64.7,2.06
2002-05-18,13.61,20.34,6.75,0.0,61.11,1.61
2002-05-19,15.71,21.86,8.27,0.0,52.27,1.48
2002-05-20,16.11,22.32,8.46,0.01,47.79,1.62
2002-05-21,18.65,25.39,10.88,0.0,43.9,1.7
2002-05-22,19.65,26.3,13.37,0.0,49.3,1.55
2002-05-23,18.72,24.37,13.8,0.0,57.58,1.83
2002-05-24,19.35,25.91,13.39,0.0,55.75,2.19
2002-05-25,22.82,30.86,13.73,0.0,45.32,1.24
2002-05-26,23.1,30.27,17.13,0.01,43.65,2.24
2002-05-27,18.33,22.52,13.29,3.83,65.02,1.77
2002-05-28,19.74,26.6,11.74,0.0,48.38,1.54
2002-05-29,21.45,28.56,14.26,0.0,46.79,1.64
2002-05-30,24.07,31.59,15.45,0.0,41.07,1.6
2002-05-31,25.24,32.37,17.14,0.0,40.96,2.33
2002-06-01,25.29,31.81,19.31,0.0,43.98,1.69
2002-06-02,26.49,34.79,18.3,0.01,38.47,2.24
2002-06-03,25.18,31.06,18.74,0.0,39.09,2.06
2002-06-04,23.8,31.55,17.04,0.0,41.73,2.26
2002-06-05,23.3,29.78,17.18,0.19,38.68,1.82
2002-06-06,21.76,28.59,15.48,0.0,39.76,1.9
2002-06-07,22.77,31.16,13.64,0.01,35.3,1.32
2002-06-08,23.32,29.07,18.1,2.52,39.79,2.59
2002-06-09,21.29,28.2,15.24,0.61,48.17,2.6
2002-06-10,20.41,27.03,14.11,0.0,42.26,2.04
2002-06-11,22.27,29.43,14.39,0.0,35.36,2.11
2002-06-12,24.43,31.32,18.41,0.0,34.13,1.82
2002-06-13,25.04,32.2,18.25,0.0,33.09,1.94
2002-06-14,24.78,32.43,17.59,0.22,35.08,2.79
2002-06-15,23.25,30.36,17.17,0.69,41.54,2.32
2002-06-16,21.3,26.36,16.69,0.28,41.58,1.69
2002-06-17,22.32,29.49,16.03,0.05,34.63,1.51
2002-06-18,23.82,31.97,15.84,0.0,31.02,1.75
2002-06-19,25.84,34.12,16.07,0.0,27.79,1.78
2002-06-20,27.15,35.21,17.0,0.0,24.71,1.83
2002-06-21,29.23,37.45,20.12,0.0,22.8,1.8
2002-06-22,27.3,33.14,20.67,0.76,28.59,2.54
2002-06-23,23.01,28.77,18.25,3.67,42.48,2.94
2002-06-24,24.05,30.36,18.04,0.06,36.31,1.46
2002-06-25,25.52,32.16,18.34,0.01,35.01,1.88
2002-06-26,25.95,32.91,19.86,0.0,31.43,1.8
2002-06-27,27.27,36.25,17.76,0.0,27.76,2.56
2002-06-28,29.62,38.46,20.2,0.0,20.68,1.64
2002-06-29,29.98,37.03,21.46,0.0,21.31,2.53
2002-06-30,28.97,35.55,22.2,0.87,25.49,2.44
2002-07-01,25.36,30.62,19.11,1.36,34.12,1.97
2002-07-02,24.21,31.22,17.48,0.27,34.88,2.27
2002-07-03,24.09,31.04,16.76,0.0,32.23,2.72
2002-07-04,24.36,31.3,16.83,0.0,33.13,2.28
2002-07-05,25.56,32.66,18.13,0.0,30.65,1.6
2002-07-06,26.65,34.23,19.35,0.11,28.12,2.6
2002-07-07,25.61,32.81,17.87,0.0,30.09,1.94
2002-07-08,27.41,34.27,20.26,0.0,25.91,1.5
2002-07-09,27.84,35.42,19.83,0.09,24.19,2.0
2002-07-10,27.54,34.8,19.66,0.09,27.48,2.57
2002-07-11,28.28,35.45,21.39,0.08,20.98,1.71
2002-07-12,28.87,35.93,21.08,0.01,16.72,1.52
2002-07-13,29.71,37.95,20.59,0.0,15.08,1.91
2002-07-14,30.98,39.47,22.09,0.0,16.32,2.03
2002-07-15,31.23,38.9,23.85,0.0,17.96,2.07
2002-07-16,31.85,38.85,25.25,0.0,17.81,2.12
2002-07-17,31.85,39.68,23.61,0.0,19.34,2.27
2002-07-18,32.63,40.13,24.84,0.0,18.1,2.08
2002-07-19,32.99,40.78,25.3,0.0,16.57,2.01
2002-07-20,29.41,34.62,21.35,0.04,22.33,2.7
2002-07-21,25.82,32.52,18.32,0.0,21.33,2.99
2002-07-22,22.4,29.37,15.32,0.0,22.49,2.99
2002-07-23,24.41,33.09,15.52,0.0,18.22,1.89
2002-07-24,27.69,36.56,18.55,0.0,13.06,1.95
2002-07-25,29.68,38.28,21.01,0.0,11.55,2.01
2002-07-26,30.22,38.51,21.23,0.0,10.51,2.01
2002-07-27,30.88,39.34,21.96,0.0,11.24,2.33
2002-07-28,30.99,38.83,22.51,0.0,14.57,2.42
2002-07-29,29.68,36.48,23.22,0.0,16.45,2.27
2002-07-30,27.98,32.79,23.91,0.0,18.43,1.5
2002-07-31,29.04,36.5,20.43,0.0,19.32,1.8
2002-08-01,29.87,37.8,20.98,0.16,19.35,2.15
2002-08-02,30.65,37.9,22.6,0.0,18.02,2.08
2002-08-03,31.3,38.84,23.83,0.0,17.42,2.09
2002-08-04,31.13,38.64,22.39,0.0,18.32,2.18
2002-08-05,31.25,39.65,22.47,0.0,15.83,1.82
2002-08-06,31.92,40.21,23.25,0.0,14.39,1.85
2002-08-07,32.68,40.63,23.89,0.0,14.17,1.99
2002-08-08,33.85,42.41,25.49,0.0,12.46,2.04
2002-08-09,34.75,44.05,25.52,0.0,11.55,2.25
2002-08-10,34.14,43.23,26.01,0.0,10.7,2.44
2002-08-11,32.14,40.08,24.89,0.0,16.85,3.54
2002-08-12,28.39,35.48,22.1,0.0,25.28,3.67
2002-08-13,25.9,32.74,19.19,0.0,21.21,2.34
2002-08-14,23.0,27.89,18.53,0.46,28.31,1.72
2002-08-15,24.97,32.23,18.34,0.0,29.02,1.57
2002-08-16,26.56,34.57,18.83,0.0,19.5,1.89
2002-08-17,28.37,37.16,19.98,0.0,14.39,1.92
2002-08-18,29.79,38.64,21.51,0.0,12.23,2.1
2002-08-19,31.09,39.8,21.43,0.0,12.97,2.13
2002-08-20,28.79,35.33,22.91,0.0,20.53,2.24
2002-08-21,25.55,32.71,18.8,0.0,19.7,2.7
2002-08-22,26.36,34.54,18.4,0.0,14.2,1.68
2002-08-23,27.45,36.16,19.08,0.0,13.12,2.02
2002-08-24,28.93,37.65,20.75,0.0,11.25,1.99
2002-08-25,28.71,37.43,22.25,0.0,18.02,2.87
2002-08-26,25.11,32.52,18.84,0.0,19.94,3.0
2002-08-27,26.75,35.45,18.61,0.0,14.47,2.35
2002-08-28,27.69,35.7,21.52,0.0,21.82,2.76
2002-08-29,25.26,31.83,19.51,0.0,28.64,3.14
2002-08-30,23.82,30.8,18.47,0.0,25.54,2.66
2002-08-31,23.13,29.97,16.71,0.0,20.67,2.22
2002-09-01,23.25,30.35,17.8,0.0,16.39,1.92
2002-09-02,22.39,29.42,16.19,0.12,20.22,1.72
2002-09-03,21.56,28.69,14.58,0.0,21.01,1.82
2002-09-04,21.75,29.41,13.98,0.0,20.2,1.85
2002-09-05,22.2,29.73,14.89,0.0,19.57,2.01
2002-09-06,17.93,23.69,11.96,0.08,24.55,2.75
2002-09-07,18.16,27.28,10.47,0.0,14.51,1.72
2002-09-08,21.27,30.96,12.28,0.0,11.55,2.33
2002-09-09,22.39,31.55,14.89,0.0,11.75,2.18
2002-09-10,22.9,31.45,14.98,0.0,12.32,2.05
2002-09-11,23.59,32.49,15.5,0.0,12.06,2.0
2002-09-12,24.93,34.27,16.46,0.0,10.82,1.83
2002-09-13,26.54,35.89,18.22,0.0,9.43,2.32
2002-09-14,26.49,35.14,18.71,0.0,14.48,2.49
2002-09-15,24.13,31.01,18.75,0.0,27.6,2.71
2002-09-16,22.55,29.73,16.66,0.0,26.62,2.02
2002-09-17,20.67,29.23,12.93,0.0,20.81,1.79
2002-09-18,22.58,31.99,15.1,0.0,11.09,2.01
2002-09-19,23.56,33.39,15.22,0.0,11.11,2.05
2002-09-20,24.43,33.9,16.96,0.0,10.5,2.12
2002-09-21,23.57,32.66,16.67,0.0,10.93,2.19
2002-09-22,21.31,28.82,16.17,0.0,16.65,1.85
2002-09-23,20.47,28.6,13.4,0.0,19.58,1.81
2002-09-24,20.53,28.83,13.93,0.0,16.72,1.72
2002-09-25,20.95,29.51,13.72,0.0,17.78,2.09
2002-09-26,21.87,28.3,16.67,0.0,16.26,1.7
2002-09-27,21.78,30.19,15.05,0.0,18.81,1.9
2002-09-28,22.19,31.02,14.51,0.0,18.87,2.11
2002-09-29,22.81,31.27,16.22,0.0,17.73,2.22
2002-09-30,22.43,31.17,15.87,0.0,17.65,2.2
2002-10-01,22.61,30.1,17.09,0.0,19.72,1.96
2002-10-02,22.61,31.08,15.67,0.0,20.49,1.71
2002-10-03,24.12,31.97,17.72,0.0,17.25,1.87
2002-10-04,24.14,33.42,17.32,0.0,16.4,2.14
2002-10-05,24.25,32.69,17.9,0.0,18.68,2.2
2002-10-06,21.93,29.1,17.52,0.0,32.75,2.0
2002-10-07,19.52,25.75,14.08,0.0,33.59,1.83
2002-10-08,18.88,26.54,13.34,0.0,24.06,1.5
2002-10-09,20.97,28.53,14.87,0.0,17.93,1.79
2002-10-10,19.8,27.51,13.79,0.0,19.44,1.85
2002-10-11,20.03,27.81,13.16,0.03,15.16,1.8
2002-10-12,21.44,30.01,14.9,0.12,19.72,2.45
2002-10-13,18.61,25.37,14.2,1.86,36.08,3.36
2002-10-14,13.58,17.15,9.95,0.33,58.84,1.67
2002-10-15,8.39,11.45,4.93,0.89,65.09,2.2
2002-10-16,9.65,17.07,4.9,0.03,42.95,1.3
2002-10-17,14.73,21.7,9.06,0.74,24.55,1.31
2002-10-18,14.49,20.24,10.13,0.72,45.67,1.57
2002-10-19,12.93,20.0,9.05,0.02,40.17,1.66
2002-10-20,13.69,21.68,8.64,0.0,29.86,1.64
2002-10-21,16.64,25.66,11.22,0.0,22.97,1.82
2002-10-22,17.49,26.42,11.36,0.0,17.21,1.66
2002-10-23,13.91,20.35,8.35,0.0,31.69,2.3
2002-10-24,10.44,16.42,6.22,0.0,51.86,1.83
2002-10-25,12.35,17.65,8.08,0.0,45.91,1.14
2002-10-26,15.12,20.87,11.65,0.0,39.35,1.25
2002-10-27,15.44,21.67,11.54,0.0,53.4,1.47
2002-10-28,15.47,22.02,10.31,0.0,34.95,1.61
2002-10-29,16.6,23.53,12.11,0.0,30.43,2.16
2002-10-30,16.87,24.34,12.55,0.0,30.02,2.34
2002-10-31,17.14,25.8,11.51,0.0,26.4,1.69
2002-11-01,17.03,25.34,11.88,0.0,21.77,1.79
2002-11-02,17.73,26.54,11.77,0.0,15.56,1.51
2002-11-03,14.7,18.68,11.78,0.06,39.95,1.98
2002-11-04,14.11,18.75,10.54,0.28,64.33,0.81
2002-11-05,14.17,19.09,10.28,0.35,63.07,1.63
2002-11-06,13.35,19.78,9.81,0.0,56.29,1.47
2002-11-07,13.09,19.19,8.74,0.0,56.14,1.67
2002-11-08,10.04,14.73,6.81,0.0,59.43,1.75
2002-11-09,8.85,14.38,4.98,0.0,64.53,1.12
2002-11-10,10.77,15.54,7.88,0.0,48.36,1.07
2002-11-11,12.16,19.76,7.08,0.0,38.48,1.48
2002-11-12,13.92,20.95,8.83,0.0,31.62,2.62
2002-11-13,15.82,22.61,10.61,0.1,37.23,2.47
2002-11-14,10.93,12.03,8.2,4.97,80.17,2.47
2002-11-15,5.84,9.75,3.13,1.26,64.65,2.63
2002-11-16,4.17,8.54,1.27,0.39,62.96,1.22
2002-11-17,3.04,9.3,-0.51,0.19,66.0,1.33
2002-11-18,3.81,9.7,-0.2,0.0,47.34,1.36
2002-11-19,5.83,12.39,2.17,0.0,38.98,2.11
2002-11-20,5.83,11.03,2.46,0.02,46.67,2.02
2002-11-21,5.95,12.34,2.41,0.0,54.69,1.45
2002-11-22,6.41,13.0,2.1,0.0,31.99,1.25
2002-11-23,6.82,13.79,2.39,0.0,39.94,1.36
2002-11-24,9.23,16.05,6.12,0.0,34.83,1.19
2002-11-25,10.18,17.29,5.28,0.0,36.77,1.75
2002-11-26,7.95,11.87,5.28,0.0,46.31,1.05
2002-11-27,4.92,8.56,2.72,0.32,54.65,0.88
2002-11-28,5.07,10.31,2.38,0.59,57.57,0.98
2002-11-29,5.78,10.32,3.26,0.07,59.66,1.18
2002-11-30,2.74,7.6,-0.9,0.07,65.48,2.42
2002-12-01,4.8,10.06,0.9,0.49,56.82,1.79
2002-12-02,-4.85,1.6,-8.48,9.88,81.4,1.77
2002-12-03,-9.1,-5.29,-11.58,2.67,66.75,1.97
2002-12-04,-10.58,-8.82,-12.16,0.73,65.77,1.61
2002-12-05,-9.17,-3.39,-12.76,0.0,61.23,1.2
2002-12-06,-4.64,2.2,-9.39,0.0,46.1,1.09
2002-12-07,1.02,6.73,-3.11,0.0,34.94,1.23
2002-12-08,4.19,8.09,1.53,0.01,40.05,1.18
2002-12-09,4.72,9.49,2.36,0.46,67.68,2.22
2002-12-10,2.19,4.81,-0.63,6.93,96.02,1.97
2002-12-11,0.08,1.78,-2.36,11.86,94.04,0.72
2002-12-12,-2.31,0.02,-4.04,7.15,94.91,0.55
2002-12-13,-0.54,2.08,-3.89,4.38,90.72,0.78
2002-12-14,0.3,5.08,-7.12,15.16,88.9,1.09
2002-12-15,-6.33,-2.35,-8.85,16.67,92.1,0.75
2002-12-16,-3.6,0.05,-6.55,0.02,79.1,0.4
2002-12-17,-5.4,-2.07,-7.21,4.11,90.06,1.1
2002-12-18,-7.54,-4.17,-10.49,4.37,97.55,0.74
2002-12-19,-8.45,-2.76,-11.99,0.2,89.43,0.74
2002-12-20,-4.12,-1.06,-8.34,0.05,88.14,0.79
2002-12-21,0.7,3.44,-3.48,0.07,75.85,1.76
2002-12-22,4.38,7.92,2.88,0.08,77.0,2.41
2002-12-23,-0.27,6.52,-4.35,7.44,88.64,1.31
2002-12-24,-3.54,2.93,-8.13,0.59,72.55,1.48
2002-12-25,0.5,7.6,-5.19,0.0,47.85,1.76
2002-12-26,1.23,2.96,-0.79,0.11,71.38,1.24
2002-12-27,-3.28,-0.67,-5.37,7.3,89.66,1.04
2002-12-28,-5.16,-3.02,-7.62,0.84,87.16,1.59
2002-12-29,-3.69,2.21,-7.57,0.0,59.13,1.0
2002-12-30,-5.06,-1.62,-8.21,0.4,76.45,1.71
2002-12-31,-2.05,4.5,-8.49,0.0,56.1,1.57
2003-01-01,4.01,8.45,1.68,0.0,37.02,1.14
2003-01-02,3.74,6.33,2.21,0.0,42.64,0.83
2003-01-03,4.42,8.79,2.36,0.0,40.38,1.16
2003-01-04,5.38,11.1,2.22,0.0,45.59,1.66
2003-01-05,7.21,9.99,4.89,0.0,42.86,1.36
2003-01-06,6.28,11.4,3.37,0.41,77.93,2.05
2003-01-07,6.03,10.24,4.45,0.91,79.38,2.18
2003-01-08,5.37,11.55,2.1,0.04,68.81,1.62
2003-01-09,4.0,9.36,1.38,0.0,72.07,0.85
2003-01-10,6.21,13.07,2.15,0.04,56.41,2.4
2003-01-11,0.08,2.21,-3.14,2.18,86.43,1.06
2003-01-12,1.35,7.37,-3.55,0.0,65.51,2.0
2003-01-13,5.25,8.1,0.97,0.06,59.51,2.94
2003-01-14,6.54,6.93,5.8,2.14,73.44,2.51
2003-01-15,6.6,8.72,5.68,0.87,84.68,1.56
2003-01-16,7.89,12.49,4.82,0.74,77.83,1.4
2003-01-17,5.05,6.37,3.26,4.56,91.74,1.59
2003-01-18,6.36,12.27,3.29,0.59,80.72,1.16
2003-01-19,2.79,5.16,0.72,1.15,88.67,1.56
2003-01-20,4.42,9.98,0.55,0.0,70.21,1.2
2003-01-21,2.62,6.75,-1.01,0.12,81.0,1.67
2003-01-22,0.19,2.51,-1.67,3.51,86.58,0.88
2003-01-23,-0.1,3.35,-2.39,0.05,80.64,1.06
2003-01-24,-0.39,4.09,-3.05,0.0,77.68,1.13
2003-01-25,-0.04,5.27,-2.97,0.0,68.15,1.29
2003-01-26,0.94,6.64,-2.47,0.0,56.24,1.29
2003-01-27,0.85,4.32,-1.29,0.0,65.91,0.93
2003-01-28,2.05,7.05,-1.52,0.0,66.1,1.37
2003-01-29,5.23,13.5,0.52,2.69,62.01,3.21
2003-01-30,-0.44,2.37,-3.32,8.52,86.78,2.03
2003-01-31,0.53,5.77,-2.28,0.0,64.33,1.26
2003-02-01,1.95,8.74,-1.96,0.0,59.34,1.75
2003-02-02,3.55,11.54,-2.46,0.0,45.82,1.77
2003-02-03,6.7,15.74,0.86,0.0,41.23,2.39
2003-02-04,9.15,17.3,3.07,0.01,42.94,3.02
2003-02-05,9.32,14.95,6.61,0.05,60.7,1.95
2003-02-06,5.87,9.44,0.38,5.84,84.18,2.56
2003-02-07,1.98,4.99,-0.25,2.79,86.03,2.13
2003-02-08,4.08,8.77,0.99,1.69,73.12,1.51
2003-02-09,4.31,8.89,-0.17,0.26,64.36,1.75
2003-02-10,5.71,12.45,0.56,0.0,54.77,1.41
2003-02-11,8.88,16.25,3.87,0.0,48.74,1.8
2003-02-12,4.72,7.21,0.94,9.22,75.6,2.63
2003-02-13,-1.81,0.29,-3.75,6.02,88.41,3.03
2003-02-14,2.01,8.35,-4.94,0.9,58.78,1.52
2003-02-15,3.8,6.53,1.82,2.73,84.42,1.83
2003-02-16,3.84,9.15,1.03,2.29,79.55,1.42
2003-02-17,-2.1,0.85,-7.18,12.17,91.57,1.73
2003-02-18,-5.92,-1.53,-9.09,0.61,78.91,2.06
2003-02-19,-1.99,2.81,-6.83,0.0,70.36,1.36
2003-02-20,2.17,4.34,-0.2,1.04,83.41,2.12
2003-02-21,4.27,10.99,-0.79,6.29,74.42,4.61
2003-02-22,1.43,4.52,-0.84,0.34,86.12,1.59
2003-02-23,0.36,3.18,-1.98,0.07,81.26,1.26
2003-02-24,0.47,4.5,-3.59,4.45,77.92,1.48
2003-02-25,-1.05,4.25,-4.43,1.42,79.89,1.06
2003-02-26,4.22,10.94,-1.37,0.26,54.2,0.97
2003-02-27,3.82,6.95,0.46,9.68,91.13,1.92
2003-02-28,-0.45,1.94,-2.5,7.22,85.28,2.15
2003-03-01,-0.42,4.71,-4.19,0.0,74.39,1.73
2003-03-02,-2.83,0.13,-4.85,0.4,78.7,2.98
2003-03-03,-3.65,-0.24,-6.13,1.07,71.61,1.98
2003-03-04,-1.88,4.46,-6.75,0.0,58.49,1.24
2003-03-05,0.02,6.41,-5.1,0.0,55.86,1.52
2003-03-06,2.36,9.57,-2.82,0.0,53.03,1.52
2003-03-07,5.31,12.85,-0.99,0.0,52.86,1.65
2003-03-08,6.99,15.16,1.54,0.59,60.53,1.98
2003-03-09,2.51,3.81,0.29,7.41,92.85,2.27
2003-03-10,2.05,6.45,-0.49,2.85,82.78,1.47
2003-03-11,5.86,12.96,0.67,0.0,61.0,1.32
2003-03-12,7.93,14.7,1.6,0.0,55.41,1.44
2003-03-13,10.02,16.95,5.1,0.96,64.96,1.47
2003-03-14,10.04,16.26,6.85,13.75,82.77,2.03
2003-03-15,4.03,6.83,1.07,12.37,86.18,2.31
2003-03-16,5.3,9.09,2.97,4.29,85.82,2.44
2003-03-17,7.12,13.47,1.91,0.06,73.4,1.64
2003-03-18,7.72,14.15,3.37,4.02,66.18,1.36
2003-03-19,5.54,11.2,1.54,4.21,79.09,1.2
2003-03-20,11.24,18.03,4.35,0.62,63.21,3.06
2003-03-21,14.96,23.85,8.18,1.46,63.47,1.99
2003-03-22,11.72,14.58,8.35,7.23,83.66,1.78
2003-03-23,11.1,14.59,7.44,0.18,82.75,1.36
2003-03-24,10.82,15.11,8.11,6.57,89.59,1.68
2003-03-25,10.6,14.55,6.94,6.1,78.44,1.08
2003-03-26,14.75,20.94,8.19,0.0,65.33,1.6
2003-03-27,14.95,19.31,9.1,6.76,76.8,2.65
2003-03-28,6.22,9.74,1.77,2.94,73.3,1.91
2003-03-29,6.25,12.94,1.07,0.0,66.37,1.65
2003-03-30,6.7,13.04,0.39,9.89,71.45,2.15
2003-03-31,1.44,5.44,-1.11,9.03,76.36,1.54
2003-04-01,2.76,7.29,-1.83,0.06,59.22,1.28
2003-04-02,3.52,11.04,-2.99,0.0,56.4,1.99
2003-04-03,6.29,13.72,-1.51,0.0,57.26,1.56
2003-04-04,9.0,15.29,2.26,0.0,54.53,1.86
2003-04-05,10.26,15.87,5.94,0.22,66.42,2.14
2003-04-06,10.06,13.37,7.3,11.34,86.07,2.99
2003-04-07,15.66,20.4,8.99,0.65,74.21,1.69
2003-04-08,17.76,23.26,13.3,0.0,68.79,1.31
2003-04-09,19.89,27.02,12.6,0.0,63.08,1.29
2003-04-10,18.1,22.0,13.24,3.18,72.13,1.59
2003-04-11,16.6,22.67,10.82,0.01,68.66,1.48
2003-04-12,18.82,25.23,11.05,0.0,60.12,1.41
2003-04-13,15.83,19.51,11.48,3.62,72.02,1.49
2003-04-14,10.34,12.53,7.1,22.22,85.76,2.09
2003-04-15,8.34,14.05,2.67,4.22,77.95,2.11
2003-04-16,3.33,8.01,-0.04,3.49,72.08,2.05
2003-04-17,4.35,8.87,-0.21,0.22,65.11,1.21
2003-04-18,4.75,8.68,1.67,5.96,79.6,1.58
2003-04-19,1.94,5.19,0.08,5.83,84.87,2.48
2003-04-20,4.62,10.41,-0.91,0.72,71.21,1.33
2003-04-21,9.93,16.76,1.32,0.0,55.8,1.12
2003-04-22,16.32,22.31,8.3,0.01,66.82,0.9
2003-04-23,18.24,23.76,13.7,5.38,77.07,1.35
2003-04-24,13.62,16.15,11.65,1.92,86.37,2.21
2003-04-25,13.75,18.45,9.18,0.07,73.26,1.3
2003-04-26,16.07,23.02,8.2,0.0,55.14,1.3
2003-04-27,19.27,27.31,10.68,0.0,53.23,1.94
2003-04-28,21.42,28.21,12.73,0.0,46.13,1.69
2003-04-29,14.02,17.66,10.24,0.41,75.92,1.56
2003-04-30,9.64,12.61,6.38,0.48,80.81,2.03
2003-05-01,5.86,8.2,3.08,1.28,77.79,1.74
2003-05-02,6.21,11.05,1.26,0.49,71.32,1.42
2003-05-03,8.63,14.07,2.34,0.0,60.63,1.29
2003-05-04,11.71,17.69,4.39,0.0,58.55,1.43
2003-05-05,10.94,15.04,8.27,0.5,75.15,1.77
2003-05-06,14.42,21.53,7.09,0.0,61.06,1.92
2003-05-07,17.38,24.61,9.85,0.0,51.55,1.57
2003-05-08,19.96,26.16,13.99,0.0,47.46,1.48
2003-05-09,20.25,27.75,13.26,0.0,51.85,2.01
2003-05-10,12.5,16.24,9.21,17.8,78.05,1.87
2003-05-11,13.94,18.67,8.63,0.1,64.04,1.21
2003-05-12,15.65,20.51,10.27,0.42,58.48,1.33
2003-05-13,16.23,21.57,10.58,0.0,61.02,1.23
2003-05-14,16.36,21.71,11.53,4.27,69.34,1.66
2003-05-15,15.94,20.65,10.95,2.8,70.66,2.01
2003-05-16,17.75,23.75,11.33,2.02,59.83,1.93
2003-05-17,18.23,24.63,11.52,0.31,60.11,1.77
2003-05-18,17.93,24.04,11.45,0.0,63.79,2.0
2003-05-19,19.72,25.89,13.23,0.0,57.88,1.31
2003-05-20,21.43,27.48,14.76,0.0,57.33,1.43
2003-05-21,22.25,28.18,16.34,0.0,56.6,1.45
2003-05-22,21.55,27.68,15.02,0.0,57.61,1.47
2003-05-23,21.41,27.65,14.88,1.98,58.05,1.52
2003-05-24,20.49,25.73,15.56,1.87,64.47,1.6
2003-05-25,18.9,23.91,15.35,2.99,73.39,0.91
2003-05-26,16.86,20.77,13.93,18.89,85.72,2.26
2003-05-27,15.77,19.11,12.12,3.61,77.15,2.42
2003-05-28,17.3,22.56,10.83,0.96,67.6,1.86
2003-05-29,18.32,22.61,14.29,8.73,65.12,2.17
2003-05-30,19.88,26.99,12.12,0.0,60.3,1.77
2003-05-31,20.61,25.53,16.49,0.11,63.1,1.92
2003-06-01,22.76,28.34,16.51,0.31,60.92,1.53
2003-06-02,24.48,29.81,17.88,0.77,55.71,1.53
2003-06-03,21.98,26.12,17.48,1.59,68.02,1.33
2003-06-04,23.24,30.05,16.39,0.02,53.37,1.6
2003-06-05,24.79,31.38,17.79,0.26,48.47,1.46
2003-06-06,23.06,29.98,13.75,3.17,57.47,3.04
2003-06-07,14.11,19.37,9.72,13.28,64.94,2.59
2003-06-08,16.96,23.64,9.08,0.0,54.7,1.38
2003-06-09,19.9,26.28,13.24,0.0,50.33,1.66
2003-06-10,21.47,28.09,15.26,0.0,47.54,1.7
2003-06-11,18.39,23.23,13.86,2.65,61.94,1.94
2003-06-12,16.98,21.87,11.89,0.98,63.99,1.49
2003-06-13,20.38,27.09,12.52,0.0,49.45,1.29
2003-06-14,23.72,30.46,16.56,0.0,42.02,1.53
2003-06-15,22.0,28.54,15.11,0.0,49.95,1.91
2003-06-16,23.53,30.69,16.11,0.0,46.05,2.04
2003-06-17,25.25,32.16,18.23,0.0,47.59,1.71
2003-06-18,27.82,35.24,19.45,0.01,44.62,1.57
2003-06-19,28.21,34.67,20.66,0.07,44.39,1.98
2003-06-20,25.75,31.85,19.58,0.07,48.88,1.97
2003-06-21,23.18,26.36,19.04,0.08,55.94,1.57
2003-06-22,23.29,29.67,17.18,0.04,55.98,1.93
2003-06-23,25.79,34.14,17.37,0.0,44.3,2.13
2003-06-24,27.71,34.93,18.97,0.0,36.83,1.74
2003-06-25,29.05,36.09,21.16,0.06,33.82,1.95
2003-06-26,22.2,26.91,16.97,0.34,56.64,3.01
2003-06-27,22.89,30.51,14.84,0.0,37.9,2.02
2003-06-28,24.03,30.71,17.1,0.0,35.8,2.07
2003-06-29,24.34,30.28,18.67,0.0,40.13,2.04
2003-06-30,24.68,32.06,16.56,0.0,38.88,2.38
2003-07-01,26.65,34.57,18.13,0.0,35.81,2.3
2003-07-02,29.5,36.66,22.73,0.0,31.95,1.95
2003-07-03,30.88,39.1,23.07,0.0,31.06,2.32
2003-07-04,27.86,32.52,21.06,0.01,33.21,2.75
2003-07-05,25.44,31.59,19.88,0.0,36.47,2.04
2003-07-06,25.97,33.36,18.6,0.0,35.07,2.32
2003-07-07,27.25,34.76,20.13,0.0,32.68,2.12
2003-07-08,27.23,34.02,20.69,0.0,35.12,2.13
2003-07-09,28.1,35.29,20.74,0.0,33.43,2.39
2003-07-10,28.75,36.01,21.7,0.0,30.13,2.24
2003-07-11,30.56,37.7,22.93,0.23,31.04,2.03
2003-07-12,26.87,32.41,21.86,0.11,38.72,2.54
2003-07-13,27.09,32.57,22.38,1.64,38.36,2.14
2003-07-14,26.21,32.83,20.06,0.01,38.41,2.23
2003-07-15,27.04,34.7,19.44,0.04,32.26,2.47
2003-07-16,27.34,33.97,21.2,0.26,32.99,2.23
2003-07-17,28.47,36.58,20.47,0.0,27.88,1.88
2003-07-18,30.57,38.29,23.59,0.0,21.59,1.77
2003-07-19,32.01,40.63,23.81,0.0,20.93,2.43
2003-07-20,34.18,43.66,24.89,0.0,20.99,2.42
2003-07-21,33.52,42.39,26.04,0.0,22.67,2.98
2003-07-22,28.17,33.31,24.06,0.0,31.3,2.66
2003-07-23,26.37,32.49,18.52,0.0,29.51,2.99
2003-07-24,23.54,31.47,15.62,0.0,24.96,2.37
2003-07-25,26.86,34.92,18.16,0.0,19.8,2.06
2003-07-26,26.52,34.86,18.88,0.0,21.44,2.12
2003-07-27,26.61,35.21,18.68,0.0,19.4,2.74
2003-07-28,24.44,33.63,16.03,0.0,17.08,1.92
2003-07-29,25.34,34.44,16.93,0.0,15.04,2.05
2003-07-30,26.92,35.98,17.66,0.0,13.37,1.93
2003-07-31,28.45,36.74,19.78,0.0,11.7,1.89
2003-08-01,28.69,38.8,20.86,0.4,22.37,2.81
2003-08-02,29.09,37.07,21.91,0.01,31.89,2.35
2003-08-03,26.86,33.47,20.67,0.0,27.87,2.61
2003-08-04,23.03,29.05,17.75,0.02,30.9,2.27
2003-08-05,23.11,30.62,15.93,0.0,26.92,2.09
2003-08-06,24.11,31.61,17.32,0.0,23.5,1.83
2003-08-07,24.47,32.03,17.03,0.0,25.61,1.91
2003-08-08,27.04,36.0,18.17,0.0,18.96,2.18
2003-08-09,27.74,36.0,19.14,0.0,15.83,2.31
2003-08-10,29.06,36.68,21.12,0.0,14.66,1.92
2003-08-11,28.91,37.21,20.14,0.0,14.98,2.09
2003-08-12,29.81,37.64,20.43,0.0,16.18,2.43
2003-08-13,30.29,38.39,22.63,0.0,18.81,2.39
2003-08-14,31.04,39.82,22.72,0.0,15.77,2.65
2003-08-15,30.95,39.5,22.89,0.0,13.29,2.42
2003-08-16,30.65,38.94,23.31,0.0,10.98,2.21
2003-08-17,31.35,39.91,22.66,0.0,13.98,3.16
2003-08-18,28.95,36.46,22.18,0.0,22.98,2.71
2003-08-19,27.86,34.62,22.82,0.0,23.79,2.02
2003-08-20,26.9,33.06,20.2,0.01,27.83,2.14
2003-08-21,27.21,33.32,21.63,0.06,23.6,1.84
2003-08-22,24.44,30.29,19.44,0.0,26.2,2.0
2003-08-23,25.22,32.21,19.06,0.0,23.65,2.25
2003-08-24,25.46,32.92,18.83,0.0,21.4,2.46
2003-08-25,25.42,31.17,19.2,0.0,22.11,2.12
2003-08-26,26.52,33.06,20.57,0.0,23.77,1.41
2003-08-27,27.33,35.13,19.83,0.0,23.84,1.78
2003-08-28,28.02,35.9,19.72,0.0,21.33,1.92
2003-08-29,28.18,35.63,21.14,0.0,20.13,2.0
2003-08-30,28.33,35.58,21.83,0.07,23.18,1.91
2003-08-31,28.32,35.91,21.71,0.0,20.52,1.95
2003-09-01,28.22,36.34,20.56,0.0,20.92,2.22
2003-09-02,28.97,36.69,21.18,0.0,16.2,2.12
2003-09-03,29.08,36.86,21.68,0.02,16.78,2.09
2003-09-04,29.3,36.64,22.64,0.02,16.58,1.93
2003-09-05,28.52,35.7,21.64,0.0,21.38,2.17
2003-09-06,28.94,36.44,21.74,0.0,21.06,2.04
2003-09-07,29.09,36.02,22.76,0.0,20.87,1.96
2003-09-08,29.81,37.15,22.95,0.0,18.36,1.88
2003-09-09,29.25,36.5,23.15,0.0,18.39,2.65
2003-09-10,26.33,33.79,20.08,0.0,21.55,2.59
2003-09-11,26.59,34.3,19.26,0.0,21.16,2.32
2003-09-12,20.66,25.83,16.42,0.0,30.92,2.0
2003-09-13,19.14,25.17,14.21,0.0,28.0,1.99
2003-09-14,18.92,26.23,12.72,0.0,23.06,2.05
2003-09-15,19.31,26.0,14.56,0.04,21.04,1.63
2003-09-16,18.25,24.3,14.26,0.01,21.48,1.59
2003-09-17,18.61,26.62,12.07,0.0,17.6,1.35
2003-09-18,21.69,30.69,14.29,0.0,11.0,1.54
2003-09-19,24.93,33.79,18.92,0.0,10.67,1.6
2003-09-20,25.05,33.76,17.3,0.0,12.8,2.17
2003-09-21,21.34,26.79,16.53,0.0,26.72,2.06
2003-09-22,19.24,24.69,14.16,0.0,35.23,1.79
2003-09-23,15.1,21.25,8.66,0.0,38.74,2.39
2003-09-24,14.27,21.65,8.57,0.0,24.02,1.61
2003-09-25,13.99,21.68,7.33,0.0,18.61,2.07
2003-09-26,14.66,20.68,10.17,0.0,18.74,1.85
2003-09-27,14.56,21.13,10.31,0.01,25.01,1.49
2003-09-28,14.81,22.8,8.02,0.0,22.98,1.91
2003-09-29,15.23,22.56,9.63,0.0,19.42,1.76
2003-09-30,15.96,23.94,9.94,0.0,16.68,1.72
2003-10-01,16.72,24.82,11.45,0.0,13.4,1.85
2003-10-02,17.76,25.65,12.06,0.0,13.02,1.67
2003-10-03,17.79,23.46,14.92,0.03,25.45,1.78
2003-10-04,18.04,23.11,15.14,0.35,39.35,1.91
2003-10-05,18.51,24.53,13.1,2.94,50.25,1.53
2003-10-06,16.28,20.34,12.99,4.92,64.01,1.36
2003-10-07,12.9,16.9,9.11,5.44,66.73,1.71
2003-10-08,12.89,19.71,8.26,0.0,53.94,1.71
2003-10-09,12.83,19.55,6.62,0.0,47.1,1.76
2003-10-10,13.89,21.48,9.03,0.0,40.77,1.71
2003-10-11,13.06,20.35,7.36,0.0,41.06,1.78
2003-10-12,12.3,19.94,6.39,0.0,37.04,1.72
2003-10-13,13.78,21.38,8.45,0.0,36.65,1.62
2003-10-14,12.01,18.7,7.44,0.0,33.02,1.75
2003-10-15,10.37,17.51,5.12,0.0,27.36,1.59
2003-10-16,10.36,18.55,3.95,0.0,28.72,1.6
2003-10-17,12.45,21.97,6.19,0.0,22.87,1.7
2003-10-18,14.75,23.89,9.98,0.0,18.98,1.62
2003-10-19,16.62,26.09,8.75,0.0,16.25,1.64
2003-10-20,17.61,26.97,10.66,0.46,20.25,2.3
2003-10-21,10.68,14.0,7.52,0.77,70.92,1.19
2003-10-22,14.02,20.96,8.53,0.17,51.8,1.44
2003-10-23,15.61,20.93,12.73,1.85,46.95,1.72
2003-10-24,15.54,22.81,9.66,0.0,41.78,1.48
2003-10-25,17.65,26.53,11.69,0.0,35.08,1.47
2003-10-26,19.09,27.04,13.22,0.0,26.61,2.2
2003-10-27,19.37,23.79,15.51,0.0,35.39,2.06
2003-10-28,18.84,22.37,15.45,0.0,35.45,2.14
2003-10-29,20.96,29.45,14.74,0.0,28.95,1.89
2003-10-30,22.01,29.72,16.05,0.0,24.21,2.02
2003-10-31,21.74,28.02,17.95,0.0,27.89,1.65
2003-11-01,18.79,26.77,14.13,0.8,47.55,2.35
2003-11-02,16.42,22.64,13.16,1.03,66.64,1.41
2003-11-03,16.12,20.3,13.68,4.81,71.3,2.19
2003-11-04,11.94,15.68,6.46,28.64,78.72,1.81
2003-11-05,6.55,8.61,4.43,3.69,86.85,1.98
2003-11-06,5.52,6.9,4.13,9.68,88.17,1.34
2003-11-07,4.66,7.13,3.27,7.77,86.96,1.43
2003-11-08,3.29,5.68,1.72,4.84,83.19,1.21
2003-11-09,5.56,11.1,1.52,0.0,54.22,1.16
2003-11-10,8.87,15.03,3.19,0.0,49.96,2.18
2003-11-11,13.63,19.47,8.03,0.06,47.8,2.42
2003-11-12,10.81,15.15,6.83,6.18,73.55,1.19
2003-11-13,8.76,13.14,5.45,2.76,83.59,1.15
2003-11-14,10.5,16.5,6.2,0.37,77.4,1.49
2003-11-15,8.59,12.14,2.53,16.8,79.06,1.78
2003-11-16,-0.16,2.46,-2.3,2.53,88.38,2.27
2003-11-17,-1.51,1.87,-3.73,0.61,80.41,1.15
2003-11-18,-0.02,5.57,-3.71,0.0,67.9,1.16
2003-11-19,4.07,9.92,0.08,0.0,51.64,1.13
2003-11-20,7.85,14.16,4.26,0.0,45.05,2.3
2003-11-21,8.77,14.28,5.43,0.0,52.17,1.95
2003-11-22,7.41,11.61,4.0,4.28,68.01,1.44
2003-11-23,1.88,3.71,-0.36,13.37,88.71,2.61
2003-11-24,2.49,7.74,-1.79,0.03,66.49,1.87
2003-11-25,6.23,12.31,2.14,0.0,44.27,1.3
2003-11-26,5.72,10.43,1.88,0.0,48.85,1.17
2003-11-27,5.26,12.21,1.75,0.0,57.67,1.53
2003-11-28,5.71,11.31,2.98,0.0,55.42,1.31
2003-11-29,3.5,6.88,0.99,0.0,69.65,0.93
2003-11-30,2.15,7.72,-0.87,0.0,55.24,1.09
2003-12-01,2.62,8.47,-0.16,0.0,53.14,0.82
2003-12-02,1.82,6.35,-2.11,0.0,63.98,1.15
2003-12-03,2.42,7.65,-0.84,0.0,54.85,0.93
2003-12-04,2.67,8.43,-0.88,0.0,58.25,1.23
2003-12-05,2.04,5.5,-0.79,0.0,71.7,1.1
2003-12-06,5.06,12.01,0.07,0.0,79.97,1.63
2003-12-07,8.54,13.11,5.5,3.85,78.42,2.3
2003-12-08,5.77,8.65,2.57,3.47,93.51,2.12
2003-12-09,6.57,13.62,2.36,0.0,70.85,1.91
2003-12-10,6.16,10.54,3.91,0.06,70.17,1.81
2003-12-11,-0.33,3.52,-4.47,8.85,91.25,2.63
2003-12-12,-5.51,-3.95,-7.72,6.63,91.23,2.59
2003-12-13,-7.8,-3.68,-10.79,0.22,85.54,1.76
2003-12-14,-6.86,-0.75,-10.17,0.0,68.75,1.14
2003-12-15,-1.88,3.82,-7.47,0.0,40.29,1.2
2003-12-16,1.85,7.06,-1.16,0.0,36.76,1.19
2003-12-17,4.51,11.3,0.31,0.0,36.0,1.44
2003-12-18,5.73,11.64,1.53,0.0,40.68,1.46
2003-12-19,7.18,14.43,2.36,0.0,48.77,1.82
2003-12-20,8.51,12.47,5.93,0.2,69.15,2.53
2003-12-21,3.57,10.62,-1.64,17.05,91.28,1.27
2003-12-22,-3.41,-1.18,-6.0,3.01,87.19,1.65
2003-12-23,-4.44,-1.34,-6.68,0.39,89.02,1.36
2003-12-24,-2.09,3.11,-6.28,0.0,70.16,0.91
2003-12-25,-0.05,5.08,-3.37,0.0,54.14,1.11
2003-12-26,-1.26,2.54,-4.18,0.0,70.63,1.34
2003-12-27,0.46,6.01,-1.58,0.0,68.3,0.97
2003-12-28,1.77,7.19,-1.61,0.76,71.16,1.81
2003-12-29,1.38,3.15,0.39,6.21,98.08,1.06
2003-12-30,0.54,3.8,-0.92,1.31,93.21,0.97
2003-12-31,-0.47,2.7,-2.71,0.05,92.12,0.89
2004-01-01,-2.01,0.56,-3.28,0.4,91.0,0.94
2004-01-02,-2.46,0.36,-4.39,0.21,88.2,1.03
2004-01-03,-1.38,3.82,-3.65,0.0,66.89,1.15
2004-01-04,-0.33,7.07,-4.08,0.0,55.74,1.64
2004-01-05,1.81,4.4,0.32,0.09,53.96,0.76
2004-01-06,3.85,8.93,0.85,0.17,64.66,1.49
2004-01-07,2.92,4.53,1.67,8.15,90.33,2.48
2004-01-08,3.98,7.84,1.01,0.45,75.11,1.58
2004-01-09,5.66,12.2,1.89,2.26,83.76,1.75
2004-01-10,8.58,15.12,4.03,3.23,81.85,1.71
2004-01-11,4.35,6.52,1.91,12.67,96.57,1.15
2004-01-12,0.05,4.71,-3.61,0.57,78.61,1.48
2004-01-13,0.04,5.22,-2.17,0.0,64.29,1.0
2004-01-14,4.19,10.6,-2.1,0.05,51.23,1.69
2004-01-15,7.35,13.14,2.65,0.41,79.04,1.89
2004-01-16,5.27,7.67,2.34,4.09,83.29,1.1
2004-01-17,3.57,7.74,1.58,0.13,86.59,1.08
2004-01-18,4.58,11.47,-0.34,0.0,65.09,1.33
2004-01-19,7.23,12.62,3.35,0.0,45.3,1.2
2004-01-20,3.53,6.17,0.91,0.06,74.48,1.43
2004-01-21,1.27,5.15,-1.2,0.65,87.67,1.38
2004-01-22,1.21,4.2,-1.14,0.23,88.92,1.06
2004-01-23,3.4,8.49,0.39,0.0,69.59,1.08
2004-01-24,4.85,11.47,0.47,0.15,62.96,1.77
2004-01-25,4.12,8.66,0.97,1.09,80.4,2.75
2004-01-26,3.22,7.1,0.25,8.93,89.93,2.19
2004-01-27,4.08,6.29,1.77,3.04,94.39,1.57
2004-01-28,4.72,10.91,0.97,0.17,80.31,1.35
2004-01-29,1.66,3.32,0.36,1.6,91.46,1.12
2004-01-30,1.78,5.72,-0.58,0.01,83.53,0.96
2004-01-31,0.07,3.22,-1.99,0.0,84.56,1.19
2004-02-01,0.22,4.27,-2.56,0.0,72.84,1.26
2004-02-02,1.78,8.0,-2.34,0.0,59.11,1.36
2004-02-03,4.23,11.24,-1.76,0.0,47.14,1.4
2004-02-04,4.15,8.49,0.37,0.06,66.2,1.25
2004-02-05,2.86,5.56,0.7,0.11,79.38,1.4
2004-02-06,5.45,11.02,1.27,0.7,68.6,1.86
2004-02-07,5.94,8.07,3.66,3.86,74.72,2.83
2004-02-08,3.24,4.69,0.55,7.51,94.2,2.19
2004-02-09,4.37,10.42,-1.35,0.0,70.87,1.64
2004-02-10,6.08,12.09,1.28,0.0,62.39,2.29
2004-02-11,9.23,17.74,3.65,0.0,51.97,2.33
2004-02-12,11.36,21.6,5.65,0.03,51.35,2.55
2004-02-13,5.0,8.48,1.86,0.8,77.09,1.59
2004-02-14,9.11,16.01,2.76,0.0,61.25,1.77
2004-02-15,13.38,19.9,7.66,0.19,56.23,4.87
2004-02-16,10.71,15.16,3.74,3.35,72.53,3.9
2004-02-17,2.72,6.39,-0.86,1.71,67.11,2.88
2004-02-18,1.3,6.16,-1.98,2.61,69.02,1.67
2004-02-19,-0.46,4.74,-4.06,1.4,73.79,0.88
2004-02-20,4.4,9.65,0.08,0.0,53.2,1.21
2004-02-21,6.5,10.46,2.86,0.0,56.43,1.02
2004-02-22,7.26,12.48,2.6,0.0,62.94,1.13
2004-02-23,8.87,14.89,4.29,0.0,57.46,1.35
2004-02-24,10.45,16.93,6.7,0.93,62.54,1.79
2004-02-25,6.71,12.16,3.09,5.29,71.4,2.5
2004-02-26,2.55,7.24,-0.85,0.07,78.44,1.5
2004-02-27,3.64,9.64,-0.1,0.0,60.64,1.19
2004-02-28,5.95,12.37,1.23,0.0,49.29,1.26
2004-02-29,6.86,11.35,3.68,0.07,53.05,1.31
2004-03-01,6.02,10.76,2.67,0.0,76.29,1.53
2004-03-02,7.95,15.04,2.48,0.0,57.3,1.61
2004-03-03,9.03,14.65,4.23,0.03,59.35,1.45
2004-03-04,9.37,15.4,4.11,2.84,76.39,1.9
2004-03-05,11.06,16.72,6.57,0.69,70.63,2.59
2004-03-06,15.27,23.83,9.5,0.0,57.06,2.79
2004-03-07,16.06,23.2,9.22,0.0,62.28,2.16
2004-03-08,4.42,8.55,1.85,4.67,87.61,2.26
2004-03-09,1.56,6.24,-2.99,4.65,70.7,2.05
2004-03-10,3.05,10.51,-3.29,0.13,56.93,1.4
2004-03-11,5.85,10.23,2.39,0.33,60.8,1.74
2004-03-12,8.74,13.78,4.85,1.85,62.61,0.92
2004-03-13,7.77,13.06,3.11,1.01,75.61,1.62
2004-03-14,7.81,13.64,3.07,0.99,67.2,1.23
2004-03-15,5.7,7.26,3.45,19.38,91.02,1.09
2004-03-16,5.69,8.56,3.43,17.2,91.5,1.2
2004-03-17,1.36,3.36,-1.74,11.09,86.0,2.5
2004-03-18,2.45,8.17,-1.7,0.0,59.65,1.66
2004-03-19,4.9,10.63,0.42,0.0,60.81,1.29
2004-03-20,6.47,12.95,2.07,0.02,61.51,1.23
2004-03-21,2.62,5.69,-0.18,4.19,85.26,1.76
2004-03-22,5.63,11.02,-0.14,0.0,53.54,1.31
2004-03-23,6.59,12.37,0.47,0.42,64.97,2.69
2004-03-24,6.63,12.19,3.11,3.49,76.07,2.6
2004-03-25,5.66,11.71,0.73,0.0,59.36,1.67
2004-03-26,6.55,14.06,0.45,0.0,50.95,1.49
2004-03-27,10.53,17.29,5.18,0.0,47.08,1.09
2004-03-28,11.52,18.92,5.33,0.0,55.79,1.76
2004-03-29,13.42,19.36,7.31,0.0,53.01,1.24
2004-03-30,16.25,24.46,9.79,0.0,47.1,1.43
2004-03-31,18.23,25.68,10.48,0.0,45.51,1.76
2004-04-01,17.49,25.33,12.09,0.0,63.65,2.15
2004-04-02,10.19,16.88,4.08,8.65,86.23,1.98
2004-04-03,9.93,16.41,4.0,1.79,67.7,1.6
2004-04-04,17.18,24.43,9.83,0.0,45.36,1.35
2004-04-05,18.11,28.74,11.18,0.0,58.92,2.97
2004-04-06,5.94,10.45,3.23,16.3,87.09,3.02
2004-04-07,6.08,10.99,2.06,0.09,81.54,1.62
2004-04-08,8.03,14.21,2.66,0.0,72.68,1.71
2004-04-09,8.6,15.19,2.55,0.0,68.93,1.57
2004-04-10,10.28,16.78,5.35,0.0,64.43,1.84
2004-04-11,11.37,18.05,5.85,0.0,59.78,1.79
2004-04-12,12.98,20.21,6.07,0.0,55.62,1.89
2004-04-13,14.48,20.83,9.75,0.0,54.57,1.51
2004-04-14,15.68,22.92,8.31,0.0,50.31,1.62
2004-04-15,17.75,25.04,10.73,0.0,45.13,1.51
2004-04-16,16.5,22.97,12.04,0.0,53.79,1.79
2004-04-17,16.43,22.86,10.33,0.02,66.42,1.97
2004-04-18,14.59,23.39,6.14,1.7,58.35,4.45
2004-04-19,8.32,13.97,3.08,0.22,62.06,1.87
2004-04-20,12.06,19.15,5.44,0.0,57.16,1.48
2004-04-21,17.9,24.98,12.31,0.37,51.1,1.11
2004-04-22,13.51,18.06,9.87,4.46,72.05,2.37
2004-04-23,14.78,20.99,7.72,0.0,59.97,1.51
2004-04-24,20.45,28.32,12.7,0.0,49.41,1.82
2004-04-25,19.1,24.03,16.16,0.41,76.14,1.46
2004-04-26,14.14,17.44,10.65,3.04,84.39,1.75
2004-04-27,12.27,18.15,7.41,0.2,71.95,2.09
2004-04-28,11.84,18.28,5.85,0.0,67.0,1.97
2004-04-29,10.85,18.06,4.71,0.0,64.22,2.18
2004-04-30,11.82,19.23,4.18,0.0,58.32,2.04
2004-05-01,14.47,22.02,6.79,0.0,52.38,1.84
2004-05-02,16.72,23.72,9.1,0.0,52.99,1.65
2004-05-03,19.33,26.37,10.56,0.0,45.83,1.61
2004-05-04,20.26,27.39,12.46,0.0,48.3,1.67
2004-05-05,21.57,29.06,14.31,0.01,47.09,1.06
2004-05-06,21.63,30.24,15.63,2.71,54.23,2.77
2004-05-07,13.67,15.72,9.66,6.62,83.94,1.83
2004-05-08,15.86,22.13,8.86,0.0,55.45,1.69
2004-05-09,18.08,25.23,11.43,0.53,49.11,2.14
2004-05-10,17.84,24.14,11.37,0.52,51.22,1.96
2004-05-11,18.89,27.89,9.85,0.0,37.23,1.52
2004-05-12,22.38,31.52,12.51,0.0,41.01,1.42
2004-05-13,25.01,34.54,15.77,0.0,36.5,1.61
2004-05-14,26.72,36.37,17.33,0.0,34.63,1.73
2004-05-15,28.98,37.06,19.73,0.0,31.97,1.67
2004-05-16,24.84,30.06,20.35,0.01,45.21,2.63
2004-05-17,26.88,34.91,18.96,0.0,44.36,1.82
2004-05-18,27.69,35.54,19.8,0.23,38.13,1.83
2004-05-19,18.9,21.13,15.09,4.91,76.84,1.83
2004-05-20,20.12,26.73,13.65,0.06,55.78,1.61
2004-05-21,23.2,30.69,14.91,0.0,41.22,1.41
2004-05-22,17.12,20.31,13.69,2.91,64.83,2.84
2004-05-23,17.3,23.81,10.84,0.04,53.43,2.14
2004-05-24,20.15,28.14,12.3,0.0,46.05,1.99
2004-05-25,22.34,30.28,14.33,0.0,42.13,2.1
2004-05-26,21.9,29.12,15.92,0.1,41.2,2.15
2004-05-27,20.9,28.13,12.95,0.02,42.74,2.61
2004-05-28,21.23,28.94,13.43,0.02,39.82,2.49
2004-05-29,22.9,30.5,14.9,0.75,39.03,1.71
2004-05-30,21.72,29.26,14.09,0.05,37.89,2.53
2004-05-31,22.73,29.28,15.58,0.01,38.49,1.52
2004-06-01,23.59,30.55,17.56,0.92,48.72,1.17
2004-06-02,24.94,32.06,18.27,0.15,45.25,1.54
2004-06-03,26.94,35.04,17.92,0.0,33.54,1.75
2004-06-04,29.14,37.77,19.84,0.06,26.94,2.26
2004-06-05,27.13,34.13,19.57,0.06,33.1,2.63
2004-06-06,20.28,25.8,14.22,1.84,45.55,2.49
2004-06-07,20.9,29.09,12.34,0.0,31.74,1.89
2004-06-08,22.83,30.67,15.75,0.0,28.3,1.99
2004-06-09,24.35,32.6,15.44,0.0,23.35,1.99
2004-06-10,26.63,35.2,17.49,0.0,19.91,1.73
2004-06-11,27.89,36.11,18.8,0.0,20.15,2.1
2004-06-12,28.82,37.79,19.09,0.0,20.49,2.01
2004-06-13,28.78,37.7,20.26,0.03,23.3,3.51
2004-06-14,21.36,27.94,15.7,1.2,45.65,2.99
2004-06-15,24.2,33.31,13.74,0.0,25.84,2.22
2004-06-16,27.23,36.02,17.37,0.0,17.98,2.13
2004-06-17,29.08,38.41,18.39,0.0,16.1,1.97
2004-06-18,30.61,38.64,21.02,0.0,16.06,2.21
2004-06-19,31.67,40.11,21.39,0.0,17.91,2.69
2004-06-20,30.85,39.87,22.56,0.0,24.01,1.75
2004-06-21,31.94,39.76,23.98,0.0,19.02,2.8
2004-06-22,32.13,39.57,24.49,0.0,18.75,3.14
2004-06-23,28.1,35.04,20.61,0.0,19.89,3.25
2004-06-24,26.61,35.59,16.48,0.0,20.45,2.44
2004-06-25,25.95,33.14,17.91,0.0,21.41,3.0
2004-06-26,24.82,32.12,18.49,0.0,23.48,3.22
2004-06-27,25.29,33.9,15.82,0.0,23.27,2.34
2004-06-28,28.2,36.11,19.12,0.0,17.55,1.74
2004-06-29,30.04,37.47,21.06,0.0,15.52,2.45
2004-06-30,30.36,37.19,23.5,0.0,20.12,3.07
2004-07-01,30.76,39.06,21.72,0.0,16.71,2.42
2004-07-02,32.03,39.85,24.14,0.0,16.48,2.07
2004-07-03,32.29,39.4,25.93,0.0,17.85,1.9
2004-07-04,28.12,33.93,21.59,0.0,23.03,2.63
2004-07-05,25.21,31.44,19.18,0.0,25.81,2.39
2004-07-06,25.91,33.46,17.98,0.0,24.83,1.93
2004-07-07,28.01,34.95,21.13,0.0,20.1,2.36
2004-07-08,25.92,31.76,20.15,0.0,22.12,2.49
2004-07-09,26.96,34.47,19.04,0.0,20.11,2.17
2004-07-10,29.15,36.46,21.95,0.0,18.09,2.48
2004-07-11,29.19,35.92,23.0,0.0,24.09,3.76
2004-07-12,28.89,35.66,23.08,0.36,31.3,3.41
2004-07-13,23.48,27.26,19.64,5.92,54.99,1.7
2004-07-14,25.75,31.52,18.98,0.21,40.26,1.45
2004-07-15,26.85,34.18,20.44,1.36,38.04,2.26
2004-07-16,26.27,31.71,19.62,0.03,43.01,1.64
2004-07-17,26.09,32.4,20.29,2.61,37.74,2.34
2004-07-18,23.32,28.12,18.76,4.43,52.54,1.53
2004-07-19,24.08,28.83,18.95,1.23,52.62,1.3
2004-07-20,26.13,32.29,19.22,0.0,42.68,1.55
2004-07-21,27.7,34.97,19.53,0.0,34.27,1.94
2004-07-22,28.47,36.33,20.35,0.0,28.75,2.16
2004-07-23,30.78,37.54,24.4,0.58,25.34,1.87
2004-07-24,30.17,36.71,25.03,0.2,30.58,1.94
2004-07-25,30.86,38.31,23.07,0.0,25.42,2.62
2004-07-26,30.2,37.5,23.36,0.0,25.27,2.16
2004-07-27,30.54,38.53,21.93,0.0,22.87,2.26
2004-07-28,30.68,38.67,22.38,0.0,20.39,2.41
2004-07-29,31.07,38.18,24.68,0.18,22.47,2.6
2004-07-30,29.55,36.41,22.73,0.0,27.04,2.52
2004-07-31,28.05,34.71,21.94,0.48,25.18,2.0
2004-08-01,26.18,31.24,21.68,2.68,31.7,2.49
2004-08-02,24.33,29.39,20.19,2.26,42.19,2.4
2004-08-03,25.54,31.62,20.45,0.0,34.58,1.98
2004-08-04,25.53,32.35,18.62,0.0,30.04,2.5
2004-08-05,27.63,35.53,19.74,0.0,25.34,1.99
2004-08-06,25.76,31.31,17.52,0.0,27.17,3.18
2004-08-07,21.35,28.13,14.8,0.0,34.56,3.21
2004-08-08,22.97,31.08,14.62,0.0,31.04,1.89
2004-08-09,24.06,31.72,15.83,0.0,26.8,2.26
2004-08-10,25.8,33.71,17.66,0.0,22.4,1.86
2004-08-11,26.19,33.59,17.34,0.0,18.37,1.86
2004-08-12,27.99,36.17,19.26,0.0,15.83,1.93
2004-08-13,30.26,38.72,22.43,0.0,14.04,1.88
2004-08-14,32.53,40.65,25.02,0.0,11.68,2.31
2004-08-15,29.17,36.46,21.87,0.0,23.37,2.55
2004-08-16,29.34,37.52,21.65,0.0,25.09,2.16
2004-08-17,29.58,37.33,22.04,0.0,23.13,2.19
2004-08-18,29.89,37.38,23.35,0.0,21.1,2.8
2004-08-19,28.78,36.47,21.67,0.0,24.18,2.56
2004-08-20,28.16,35.49,20.78,0.0,24.99,1.63
2004-08-21,29.17,36.31,22.77,0.0,19.37,2.19
2004-08-22,28.23,36.53,21.33,0.0,16.93,2.58
2004-08-23,27.17,36.32,18.75,0.0,17.32,2.03
2004-08-24,28.28,37.83,19.33,0.0,13.46,2.32
2004-08-25,28.81,37.18,20.36,0.0,11.85,2.29
2004-08-26,27.21,32.66,23.92,0.0,26.85,2.79
2004-08-27,29.26,36.91,22.17,0.0,20.68,2.15
2004-08-28,28.8,35.55,22.95,0.0,14.25,1.99
2004-08-29,27.44,35.21,20.61,0.0,13.7,2.19
2004-08-30,23.76,30.75,16.72,0.0,19.18,2.57
2004-08-31,21.86,29.73,15.58,0.0,19.81,1.85
2004-09-01,22.07,30.11,14.42,0.0,17.53,1.93
2004-09-02,22.79,30.24,15.35,0.0,17.42,2.13
2004-09-03,23.63,29.7,18.78,0.0,17.29,1.56
2004-09-04,24.16,32.08,16.72,0.0,15.57,2.36
2004-09-05,24.93,32.85,18.17,0.0,15.37,1.98
2004-09-06,27.0,34.48,19.59,0.0,16.83,1.92
2004-09-07,27.7,35.27,21.48,0.0,22.07,2.95
2004-09-08,22.66,29.36,17.36,0.0,31.82,2.38
2004-09-09,23.18,30.68,17.61,0.0,20.05,1.88
2004-09-10,23.44,31.4,16.98,0.0,22.86,1.7
2004-09-11,26.65,36.61,17.49,0.0,13.08,2.06
2004-09-12,26.1,35.28,19.02,0.0,15.11,2.72
2004-09-13,23.58,32.11,17.12,0.0,18.3,2.61
2004-09-14,21.25,29.11,14.34,0.1,22.56,2.76
2004-09-15,20.29,26.15,14.42,0.65,30.0,1.88
2004-09-16,20.9,27.84,14.38,0.0,26.15,1.78
2004-09-17,22.18,30.04,15.28,0.0,22.26,1.89
2004-09-18,23.33,30.42,17.96,0.0,21.57,1.75
2004-09-19,23.51,30.52,18.12,0.0,19.81,1.8
2004-09-20,21.08,27.3,16.26,0.34,28.13,2.42
2004-09-21,16.51,21.87,11.85,0.4,36.5,2.04
2004-09-22,17.01,24.61,11.16,0.0,24.75,1.37
2004-09-23,19.11,27.62,11.68,0.0,19.78,1.77
2004-09-24,21.03,29.2,13.34,0.0,18.93,1.81
2004-09-25,20.65,29.14,12.95,0.0,17.5,1.97
2004-09-26,20.63,29.58,12.64,0.0,15.19,1.91
2004-09-27,20.92,29.47,14.09,0.0,13.14,1.75
2004-09-28,20.63,28.88,13.62,0.0,14.51,1.83
2004-09-29,21.11,29.59,14.84,0.0,14.36,1.89
2004-09-30,21.09,28.97,14.6,0.0,15.71,1.93
2004-10-01,21.12,28.47,13.81,0.0,15.39,2.07
2004-10-02,20.83,28.96,14.6,0.0,14.33,2.02
2004-10-03,21.0,29.12,13.88,0.0,15.28,1.77
2004-10-04,22.07,30.69,14.95,0.0,16.66,1.93
2004-10-05,20.14,28.74,13.9,0.0,17.35,2.19
2004-10-06,12.77,16.32,6.92,0.57,52.0,2.17
2004-10-07,8.28,13.84,3.76,0.06,40.19,1.87
2004-10-08,8.2,15.77,2.09,0.0,34.71,1.68
2004-10-09,9.16,16.23,2.46,0.0,30.48,1.9
2004-10-10,10.38,16.89,4.58,0.0,32.46,1.34
2004-10-11,11.97,19.1,6.0,0.0,31.79,1.68
2004-10-12,14.16,22.21,8.12,0.0,27.63,1.75
2004-10-13,16.43,24.5,9.91,0.0,23.33,1.87
2004-10-14,13.29,21.74,3.93,3.15,42.42,2.98
2004-10-15,4.44,10.02,0.72,8.42,61.33,1.86
2004-10-16,5.77,12.92,0.56,0.0,42.04,1.82
2004-10-17,7.1,13.52,3.14,0.0,40.53,1.39
2004-10-18,7.85,13.87,2.38,0.01,41.56,1.31
2004-10-19,8.49,14.89,4.22,0.0,51.74,1.46
2004-10-20,10.7,17.86,5.98,0.0,44.49,1.52
2004-10-21,12.5,21.2,6.85,0.0,39.34,1.55
2004-10-22,15.86,24.94,8.83,0.0,25.33,1.59
2004-10-23,17.85,28.48,9.86,1.1,29.73,3.17
2004-10-24,8.91,11.63,6.63,2.87,76.31,2.13
2004-10-25,9.57,15.76,5.62,0.06,56.34,1.06
2004-10-26,11.85,19.05,6.86,0.66,53.4,2.03
2004-10-27,7.26,9.6,3.08,5.44,81.28,1.65
2004-10-28,7.39,12.37,3.06,0.0,55.41,1.01
2004-10-29,12.07,20.08,7.75,0.0,44.82,1.38
2004-10-30,11.63,19.27,6.97,0.0,44.31,1.85
2004-10-31,12.97,20.06,8.07,0.0,37.09,1.4
2004-11-01,11.1,17.89,5.99,0.0,47.0,1.82
2004-11-02,12.63,18.29,9.32,0.49,47.09,1.94
2004-11-03,13.78,18.07,10.08,1.26,50.71,2.07
2004-11-04,13.83,19.71,11.31,0.87,66.77,1.59
2004-11-05,9.12,12.48,5.33,3.64,86.07,0.9
2004-11-06,9.18,13.03,5.75,0.0,74.44,1.02
2004-11-07,10.85,17.28,7.87,0.01,54.64,1.36
2004-11-08,11.69,18.67,6.18,0.0,57.52,1.41
2004-11-09,10.41,13.66,7.54,7.96,81.1,1.12
2004-11-10,8.3,13.09,5.34,0.93,79.83,1.25
2004-11-11,8.14,13.95,4.15,0.0,67.24,1.28
2004-11-12,7.42,13.39,3.45,0.0,72.75,1.24
2004-11-13,8.72,15.06,5.57,0.0,59.31,1.45
2004-11-14,10.56,17.57,7.17,0.0,52.23,1.37
2004-11-15,10.76,17.64,6.23,0.21,56.77,1.39
2004-11-16,7.49,10.55,5.44,1.96,86.48,0.92
2004-11-17,10.83,17.93,5.7,0.0,63.92,1.18
2004-11-18,13.66,21.33,8.08,0.17,54.2,2.9
2004-11-19,9.85,13.35,6.32,9.37,80.21,2.08
2004-11-20,10.31,17.44,6.42,5.43,76.09,1.56
2004-11-21,11.0,16.75,6.61,1.37,72.64,1.02
2004-11-22,10.7,15.42,7.69,0.11,76.28,1.57
2004-11-23,11.24,18.88,6.81,0.0,56.37,1.48
2004-11-24,13.21,21.97,7.62,0.21,48.69,2.05
2004-11-25,5.73,10.35,2.31,9.75,77.94,1.77
2004-11-26,6.98,13.24,3.21,0.03,56.93,1.34
2004-11-27,10.76,19.2,4.56,0.0,42.36,2.2
2004-11-28,12.29,21.12,8.15,5.26,59.68,1.96
2004-11-29,2.62,7.47,-0.92,18.37,88.78,1.77
2004-11-30,2.39,5.98,-1.39,0.66,75.72,1.59
2004-12-01,2.08,7.18,-0.71,0.77,73.39,1.54
2004-12-02,5.29,13.04,-0.32,0.0,53.0,1.67
2004-12-03,0.16,3.49,-6.48,10.75,90.07,1.63
2004-12-04,-3.32,2.68,-7.73,0.0,64.4,1.07
2004-12-05,3.78,11.14,-1.29,0.0,38.77,1.27
2004-12-06,4.74,10.41,-0.5,0.0,49.06,1.37
2004-12-07,0.75,4.48,-1.34,0.59,82.04,1.18
2004-12-08,4.33,9.58,1.07,0.0,60.87,1.19
2004-12-09,6.67,11.69,4.61,0.0,61.91,1.61
2004-12-10,8.05,13.55,3.98,1.18,61.76,1.53
2004-12-11,5.32,11.0,1.96,1.45,75.34,1.64
2004-12-12,6.21,10.46,4.02,2.17,82.06,1.3
2004-12-13,6.7,13.33,0.92,7.19,84.35,2.77
2004-12-14,1.98,5.69,-0.02,8.3,88.0,0.88
2004-12-15,5.77,12.76,0.48,0.15,76.45,1.38
2004-12-16,7.56,10.19,4.79,2.42,86.48,1.96
2004-12-17,6.07,7.7,2.11,20.86,92.05,1.47
2004-12-18,-0.88,2.09,-6.35,19.48,94.53,1.84
2004-12-19,-5.66,-1.29,-9.0,0.73,85.96,1.14
2004-12-20,-5.76,0.81,-9.86,0.11,67.35,1.52
2004-12-21,-2.81,2.76,-6.87,0.0,58.48,1.09
2004-12-22,-1.55,2.02,-4.27,0.06,81.0,1.6
2004-12-23,-1.8,2.65,-4.26,0.41,89.83,1.43
2004-12-24,-0.25,4.85,-3.83,0.05,71.46,1.15
2004-12-25,0.4,6.16,-3.22,0.0,62.64,1.29
2004-12-26,2.57,9.57,-2.84,0.0,55.4,1.65
2004-12-27,1.93,4.44,-1.08,0.0,57.65,1.02
2004-12-28,0.26,2.75,-1.29,0.3,78.04,1.21
2004-12-29,-1.79,-0.5,-3.52,3.79,89.44,1.39
2004-12-30,-3.02,1.17,-5.18,1.59,85.78,0.84
2004-12-31,0.43,5.78,-3.35,0.0,69.81,1.19
2005-01-01,-0.7,2.37,-2.81,3.68,89.52,1.65
2005-01-02,-0.6,3.65,-3.1,0.48,83.51,1.09
2005-01-03,3.47,7.3,-0.48,0.15,67.12,1.07
2005-01-04,5.1,9.16,3.06,2.58,85.4,2.23
2005-01-05,2.27,4.09,-0.98,9.43,95.21,1.65
2005-01-06,4.06,10.39,-0.97,0.0,64.55,1.33
2005-01-07,4.23,8.36,0.07,2.28,78.42,1.46
2005-01-08,-0.17,1.93,-2.09,7.29,94.25,1.54
2005-01-09,-0.44,2.77,-2.15,0.94,88.07,0.71
2005-01-10,-0.26,4.05,-3.05,1.07,74.34,1.66
2005-01-11,2.82,9.23,-2.48,0.0,58.74,1.66
2005-01-12,2.48,5.51,0.27,1.82,81.24,2.18
2005-01-13,0.48,4.95,-2.2,0.71,84.95,0.93
2005-01-14,-0.81,0.45,-2.92,2.07,90.52,2.07
2005-01-15,-1.24,0.61,-3.28,10.42,94.82,1.06
2005-01-16,-3.05,0.5,-5.37,5.06,89.13,1.22
2005-01-17,-6.28,-3.57,-8.86,1.61,87.85,0.96
2005-01-18,-3.63,3.12,-8.82,0.01,65.79,1.37
2005-01-19,0.27,6.23,-3.0,0.0,51.23,1.37
2005-01-20,1.72,4.48,-0.48,0.5,70.16,1.63
2005-01-21,1.53,4.33,-1.11,1.47,90.32,1.84
2005-01-22,-1.21,0.12,-2.9,5.49,90.48,1.3
2005-01-23,0.15,5.78,-4.33,0.28,71.06,1.39
2005-01-24,2.08,6.17,0.36,2.39,77.02,2.3
2005-01-25,2.83,6.91,0.0,5.5,87.81,1.15
2005-01-26,-0.39,2.95,-5.29,7.98,92.25,1.78
2005-01-27,-5.41,-3.03,-6.61,6.01,91.95,1.21
2005-01-28,-5.72,-3.31,-7.36,0.72,88.44,0.92
2005-01-29,-6.11,-2.18,-8.77,0.33,89.35,0.98
2005-01-30,-6.68,-1.51,-9.95,1.26,80.83,1.07
2005-01-31,-4.26,1.85,-10.52,0.51,70.75,1.34
2005-02-01,0.26,1.58,-1.37,11.86,95.99,1.59
2005-02-02,1.49,3.23,0.06,10.73,97.56,2.12
2005-02-03,-2.52,-0.08,-4.28,15.29,95.39,1.41
2005-02-04,-5.4,-2.56,-9.46,3.1,94.86,1.01
2005-02-05,-6.19,-0.88,-10.26,0.05,77.28,1.27
2005-02-06,-6.08,-0.74,-9.35,0.0,76.45,1.09
2005-02-07,-6.97,-2.82,-9.48,0.0,88.11,0.75
2005-02-08,-4.19,0.14,-7.18,0.0,81.03,0.92
2005-02-09,-3.44,1.82,-8.49,0.0,71.13,1.37
2005-02-10,-1.31,2.87,-4.63,0.0,77.3,0.93
2005-02-11,-4.11,-1.53,-6.63,2.13,91.37,1.31
2005-02-12,-5.48,-1.9,-8.02,4.28,89.0,1.21
2005-02-13,-4.78,-1.01,-7.03,0.67,87.6,0.92
2005-02-14,-4.53,0.81,-7.87,0.0,76.43,1.25
2005-02-15,-5.87,-0.83,-9.36,0.0,84.65,1.33
2005-02-16,-6.93,-1.75,-10.72,0.01,87.61,1.26
2005-02-17,-5.94,-0.96,-9.25,0.0,82.14,1.21
2005-02-18,-5.36,-0.08,-9.34,0.0,82.72,1.34
2005-02-19,-3.24,2.23,-8.46,0.0,76.33,1.3
2005-02-20,0.67,5.94,-4.09,0.0,60.16,0.94
2005-02-21,6.38,13.5,1.19,0.0,47.66,1.71
2005-02-22,4.65,7.69,2.39,4.94,92.46,2.34
2005-02-23,0.22,2.72,-2.76,10.4,92.47,2.36
2005-02-24,-2.74,0.58,-5.15,0.33,87.4,1.21
2005-02-25,-0.88,4.77,-4.82,0.0,70.23,1.13
2005-02-26,3.32,10.88,-2.82,0.0,55.23,1.56
2005-02-27,5.84,10.72,2.36,0.0,64.44,1.2
2005-02-28,6.18,14.62,-0.04,0.0,51.94,1.55
2005-03-01,9.32,17.93,2.11,0.0,48.67,1.48
2005-03-02,11.13,19.73,5.17,0.0,48.94,1.75
2005-03-03,11.27,16.53,6.39,0.0,47.12,1.15
2005-03-04,14.9,22.22,9.75,0.0,50.98,1.41
2005-03-05,13.65,18.82,9.26,0.0,64.27,1.29
2005-03-06,14.78,21.77,8.95,0.01,62.22,1.73
2005-03-07,11.42,17.73,7.06,0.0,81.69,1.73
2005-03-08,11.11,16.74,6.6,0.05,82.15,1.29
2005-03-09,11.33,16.88,7.94,1.08,79.92,1.5
2005-03-10,13.97,19.69,9.71,2.47,72.44,2.23
2005-03-11,11.95,13.55,10.53,3.93,86.96,2.6
2005-03-12,13.5,15.91,11.25,10.36,91.51,1.82
2005-03-13,12.3,15.1,7.94,24.58,92.08,1.97
2005-03-14,10.81,16.74,6.8,2.04,82.44,1.41
2005-03-15,11.7,16.54,7.48,5.73,79.83,1.58
2005-03-16,7.31,11.91,4.55,2.35,80.86,2.07
2005-03-17,8.74,13.67,5.33,0.42,69.94,0.94
2005-03-18,6.8,11.77,2.32,3.53,83.49,2.52
2005-03-19,6.64,13.19,0.64,0.02,63.64,1.12
2005-03-20,10.67,17.68,3.74,0.0,66.26,1.54
2005-03-21,13.8,19.29,10.02,0.0,58.55,1.31
2005-03-22,13.2,19.77,8.28,0.0,62.65,1.37
2005-03-23,13.11,19.41,7.35,0.0,63.44,1.47
2005-03-24,13.99,19.86,7.84,0.0,57.39,1.46
2005-03-25,8.72,16.14,2.25,7.33,78.55,2.67
2005-03-26,2.99,6.91,-0.92,0.76,76.82,2.59
2005-03-27,-0.82,1.84,-3.59,4.7,77.51,2.26
2005-03-28,3.84,9.95,-2.44,0.0,61.06,1.28
2005-03-29,7.68,14.58,1.07,0.0,53.02,1.46
2005-03-30,10.36,17.51,3.32,0.02,59.13,2.1
2005-03-31,10.63,15.72,7.22,0.22,76.15,2.35
2005-04-01,14.01,19.67,9.81,0.02,72.78,1.68
2005-04-02,17.44,23.63,10.33,0.01,63.27,2.01
2005-04-03,13.97,20.25,6.08,4.21,71.31,3.13
2005-04-04,8.08,11.06,5.13,10.32,85.55,1.25
2005-04-05,1.2,6.74,-1.14,10.99,86.38,2.32
2005-04-06,0.14,4.55,-3.32,1.95,74.89,2.06
2005-04-07,2.07,8.91,-4.14,0.0,70.71,2.43
2005-04-08,3.25,7.61,-1.33,0.0,77.12,1.48
2005-04-09,5.05,10.48,-0.31,0.0,73.27,1.31
2005-04-10,6.9,12.7,0.75,0.0,73.99,1.4
2005-04-11,9.43,15.51,4.4,0.0,67.46,1.47
2005-04-12,10.84,15.37,6.73,0.54,66.39,1.27
2005-04-13,11.14,16.12,7.0,0.58,67.72,1.87
2005-04-14,8.99,15.1,2.28,0.33,64.78,2.22
2005-04-15,11.71,18.55,5.35,0.0,53.61,1.44
2005-04-16,15.38,23.02,8.16,0.0,49.41,1.54
2005-04-17,17.91,26.51,8.86,0.0,47.57,1.37
2005-04-18,19.92,28.71,11.72,0.0,51.97,1.83
2005-04-19,16.4,20.6,12.83,0.93,76.62,1.27
2005-04-20,17.89,24.65,12.07,0.24,58.76,1.28
2005-04-21,19.02,25.19,13.57,0.0,49.47,1.37
2005-04-22,19.63,26.91,12.48,0.0,58.03,1.9
2005-04-23,19.51,25.87,14.57,0.03,63.06,1.88
2005-04-24,17.71,22.72,12.98,0.06,62.6,1.66
2005-04-25,17.23,23.14,11.36,0.0,69.29,1.35
2005-04-26,17.68,23.15,13.71,0.0,75.93,2.23
2005-04-27,19.2,24.25,13.82,0.0,70.29,1.51
2005-04-28,20.13,25.2,14.65,0.0,68.11,1.54
2005-04-29,20.98,27.24,15.43,0.52,66.77,2.08
2005-04-30,21.37,28.18,14.94,0.69,62.11,1.74
2005-05-01,20.99,27.48,16.24,0.0,64.07,2.95
2005-05-02,20.96,27.72,16.01,0.0,66.1,1.3
2005-05-03,21.28,27.96,15.59,0.0,65.61,1.62
2005-05-04,21.79,28.02,17.08,0.12,62.36,2.02
2005-05-05,21.52,27.13,16.78,0.31,61.41,2.16
2005-05-06,21.21,27.0,15.97,0.04,59.6,1.66
2005-05-07,18.94,24.35,13.42,3.65,67.46,2.28
2005-05-08,13.82,15.4,11.13,9.13,85.92,1.55
2005-05-09,16.39,22.01,10.44,0.07,67.32,1.36
2005-05-10,18.18,24.42,11.35,0.0,56.65,1.57
2005-05-11,18.01,24.71,12.56,0.02,62.59,1.54
2005-05-12,16.45,20.64,12.82,6.98,71.76,1.97
2005-05-13,14.74,18.46,10.85,4.94,75.16,1.49
2005-05-14,15.2,21.27,8.75,0.0,67.4,1.39
2005-05-15,16.83,22.8,10.68,0.0,51.09,1.52
2005-05-16,16.91,23.62,9.18,0.0,54.87,1.9
2005-05-17,17.98,25.24,10.85,0.06,55.91,2.06
2005-05-18,16.48,21.42,12.05,1.77,56.7,1.7
2005-05-19,12.62,16.06,8.33,1.99,64.9,2.51
2005-05-20,13.46,18.98,8.34,0.0,59.4,1.74
2005-05-21,16.55,23.67,8.73,0.0,49.81,1.53
2005-05-22,19.79,25.83,12.9,0.0,44.33,1.42
2005-05-23,20.78,26.85,14.07,0.0,46.22,1.75
2005-05-24,16.81,20.21,12.79,1.47,68.36,2.08
2005-05-25,17.92,21.68,12.66,0.26,61.11,1.31
2005-05-26,19.05,25.04,12.32,0.69,58.3,1.66
2005-05-27,21.29,28.21,14.19,0.0,51.14,1.76
2005-05-28,22.13,28.8,15.38,0.0,48.3,1.49
2005-05-29,23.36,30.63,15.27,0.0,41.43,1.56
2005-05-30,25.08,32.12,16.92,0.01,38.83,1.95
2005-05-31,25.06,32.35,17.87,0.0,43.56,2.15
2005-06-01,25.09,32.31,18.36,0.0,40.85,2.49
2005-06-02,24.7,31.64,17.56,0.0,41.39,2.3
2005-06-03,25.68,32.57,17.51,0.01,41.31,1.87
2005-06-04,27.13,34.42,19.67,0.21,43.84,1.52
2005-06-05,26.55,34.04,18.8,1.64,42.42,2.24
2005-06-06,26.6,33.81,19.23,0.21,40.31,1.83
2005-06-07,26.57,34.09,19.15,0.0,34.33,2.12
2005-06-08,27.74,35.24,19.3,0.14,35.29,1.85
2005-06-09,23.21,28.97,19.1,0.64,55.24,1.67
2005-06-10,22.69,28.4,16.97,1.92,57.09,1.9
2005-06-11,23.42,29.73,16.85,0.1,45.19,2.12
2005-06-12,24.93,32.21,16.96,0.26,36.41,2.1
2005-06-13,26.05,33.37,18.58,0.0,38.46,2.3
2005-06-14,27.7,35.47,19.37,0.0,32.18,2.24
2005-06-15,29.87,38.37,20.86,0.0,26.88,2.21
2005-06-16,30.56,38.88,21.69,0.0,24.48,2.51
2005-06-17,31.2,39.41,22.01,0.0,23.99,2.89
2005-06-18,31.35,39.34,23.05,0.06,25.27,2.27
2005-06-19,29.12,35.06,22.42,0.75,32.01,2.42
2005-06-20,28.51,35.6,21.36,0.0,31.32,2.17
2005-06-21,30.24,37.49,22.9,0.0,27.61,1.95
2005-06-22,32.74,40.68,24.74,0.0,23.03,1.73
2005-06-23,34.12,42.23,26.73,0.0,20.5,3.81
2005-06-24,25.73,29.83,18.34,0.02,32.79,3.49
2005-06-25,23.08,30.09,16.13,0.0,26.61,2.43
2005-06-26,23.78,30.88,16.3,0.0,23.95,2.22
2005-06-27,25.61,33.44,17.09,0.0,23.37,2.67
2005-06-28,25.21,32.53,17.83,0.0,24.03,2.44
2005-06-29,27.25,35.0,18.99,0.0,20.89,2.03
2005-06-30,29.01,36.61,20.92,0.0,21.61,1.78
2005-07-01,30.14,37.67,21.28,0.0,20.71,1.86
2005-07-02,30.69,38.84,21.78,0.0,19.26,2.5
2005-07-03,31.76,39.2,23.38,0.0,20.47,2.25
2005-07-04,32.37,40.1,23.45,0.0,19.51,2.19
2005-07-05,32.21,39.68,23.31,0.0,18.55,2.07
2005-07-06,33.39,41.21,23.92,0.0,16.64,1.89
2005-07-07,34.43,41.99,25.11,0.0,14.61,2.11
2005-07-08,34.46,42.51,25.52,0.0,12.71,2.51
2005-07-09,35.07,42.61,26.76,0.0,14.08,2.72
2005-07-10,33.2,40.53,26.14,0.0,19.19,2.99
2005-07-11,31.39,39.23,23.54,0.0,17.17,2.44
2005-07-12,31.08,38.06,24.42,0.0,16.37,2.5
2005-07-13,30.39,38.36,22.96,0.0,17.69,3.07
2005-07-14,25.47,30.97,20.21,0.0,21.57,2.87
2005-07-15,24.96,31.07,18.96,0.0,20.42,2.74
2005-07-16,24.94,31.58,18.03,0.0,22.14,2.8
2005-07-17,25.8,33.09,17.75,0.0,23.63,2.59
2005-07-18,27.84,36.06,19.1,0.0,18.83,2.0
2005-07-19,29.19,37.41,21.34,0.0,17.08,2.67
2005-07-20,29.54,37.96,20.81,0.0,17.23,2.97
2005-07-21,30.04,37.48,23.21,0.0,16.33,2.53
2005-07-22,30.63,38.09,23.03,0.05,19.25,2.15
2005-07-23,29.21,35.57,22.31,0.0,22.45,2.5
2005-07-24,29.03,35.86,22.6,0.0,22.15,3.0
2005-07-25,27.52,34.71,19.88,0.0,22.1,3.49
2005-07-26,27.03,34.71,18.29,0.0,25.61,3.63
2005-07-27,27.58,35.7,19.09,0.0,22.69,2.8
2005-07-28,28.74,36.09,21.42,0.0,21.24,2.67
2005-07-29,28.38,35.61,21.04,0.0,23.57,2.54
2005-07-30,29.81,36.81,23.06,0.0,21.4,2.09
2005-07-31,29.8,37.59,21.86,0.42,28.82,2.83
2005-08-01,27.82,34.15,21.56,0.57,35.57,1.78
2005-08-02,28.22,34.65,22.29,0.57,26.52,1.89
2005-08-03,27.88,34.15,22.4,0.0,26.91,2.07
2005-08-04,28.93,35.36,23.36,0.06,27.45,2.03
2005-08-05,30.14,37.31,22.69,0.0,26.02,2.35
2005-08-06,30.42,37.72,22.52,0.0,25.96,2.49
2005-08-07,29.88,36.83,22.47,0.06,24.17,3.06
2005-08-08,29.69,37.1,22.55,0.16,25.6,2.48
2005-08-09,30.77,38.25,23.18,0.0,22.49,2.57
2005-08-10,30.78,36.93,26.17,0.0,23.7,1.93
2005-08-11,28.73,34.48,22.83,0.45,31.38,2.19
2005-08-12,27.98,34.26,21.52,0.44,31.9,1.92
2005-08-13,27.66,34.44,20.89,0.0,29.0,1.91
2005-08-14,29.26,36.69,22.46,0.0,21.7,2.04
2005-08-15,29.44,35.67,22.21,0.0,20.68,2.32
2005-08-16,28.83,36.03,22.91,0.02,18.53,2.17
2005-08-17,28.0,35.12,21.84,0.06,14.53,1.98
2005-08-18,26.89,33.95,20.62,0.0,14.8,1.83
2005-08-19,27.97,36.55,20.05,0.0,14.87,2.75
2005-08-20,28.23,36.29,21.2,0.0,15.71,1.89
2005-08-21,28.53,36.61,19.73,0.0,17.88,2.67
2005-08-22,22.35,27.98,17.47,0.0,28.23,3.0
2005-08-23,21.43,28.5,16.42,0.0,17.52,1.91
2005-08-24,22.94,29.92,17.42,0.13,21.27,1.83
2005-08-25,23.48,30.9,16.69,0.0,22.53,1.73
2005-08-26,23.67,31.13,16.34,0.1,21.77,3.37
2005-08-27,17.64,22.38,13.19,0.06,33.7,2.48
2005-08-28,18.52,26.05,12.01,0.0,26.62,1.89
2005-08-29,19.02,25.94,13.13,0.48,29.15,2.08
2005-08-30,19.37,26.88,11.76,0.53,31.95,1.76
2005-08-31,22.28,30.09,14.46,0.02,19.02,1.91
2005-09-01,23.84,31.01,18.2,0.02,20.34,2.04
2005-09-02,26.02,33.84,18.27,0.0,18.95,1.83
2005-09-03,27.06,35.26,19.45,0.0,19.7,2.05
2005-09-04,28.21,36.32,21.4,0.0,15.78,1.83
2005-09-05,28.89,38.59,19.96,0.0,15.34,2.01
2005-09-06,28.87,37.56,21.17,0.0,16.23,2.39
2005-09-07,26.5,33.82,20.34,0.0,26.19,2.86
2005-09-08,22.25,29.02,16.27,0.0,29.21,2.7
2005-09-09,21.12,28.87,14.36,0.0,21.06,2.92
2005-09-10,20.95,29.42,13.73,0.0,19.81,2.15
2005-09-11,22.18,31.1,13.56,0.0,17.04,2.1
2005-09-12,23.5,31.41,16.05,0.0,16.1,2.25
2005-09-13,24.92,33.55,16.87,0.0,14.86,1.82
2005-09-14,24.33,32.29,16.51,0.0,15.61,2.0
2005-09-15,25.28,34.24,17.02,0.0,15.69,1.95
2005-09-16,26.0,33.97,19.09,0.0,16.27,2.07
2005-09-17,27.55,34.71,21.8,0.0,17.18,1.95
2005-09-18,24.15,30.83,17.65,0.0,20.51,2.44
2005-09-19,23.22,31.04,16.59,0.0,20.93,2.21
2005-09-20,23.28,30.55,17.56,0.0,18.28,1.97
2005-09-21,22.37,30.38,16.74,0.0,13.69,1.67
2005-09-22,22.05,29.87,16.47,0.0,13.1,1.77
2005-09-23,21.16,28.43,14.5,0.0,19.53,2.06
2005-09-24,21.02,28.85,14.51,0.0,22.33,2.16
2005-09-25,21.81,28.56,17.06,0.04,16.97,1.76
2005-09-26,20.74,28.16,14.55,0.0,16.64,1.82
2005-09-27,19.78,27.26,14.09,0.0,21.45,2.35
2005-09-28,18.4,24.91,13.82,0.0,19.35,1.8
2005-09-29,17.78,26.67,9.35,0.0,15.57,1.59
2005-09-30,19.28,29.04,11.47,0.0,9.9,1.76
2005-10-01,22.08,30.9,15.2,0.0,10.77,1.73
2005-10-02,21.38,29.25,17.04,0.0,27.71,2.03
2005-10-03,19.78,27.19,15.49,0.3,29.78,2.0
2005-10-04,18.96,25.77,12.59,0.0,20.9,1.88
2005-10-05,19.3,26.96,14.75,0.0,20.93,1.71
2005-10-06,20.71,28.17,15.97,0.0,24.38,1.51
2005-10-07,22.57,29.58,17.9,0.0,25.37,2.39
2005-10-08,19.14,25.88,14.15,0.0,25.71,2.23
2005-10-09,17.5,24.81,12.62,0.0,24.53,1.98
2005-10-10,16.24,23.12,11.87,0.0,21.26,1.83
2005-10-11,15.22,22.19,8.34,0.0,19.98,1.95
2005-10-12,13.66,19.36,8.88,0.0,25.1,1.66
2005-10-13,13.92,20.97,8.2,0.0,21.25,1.39
2005-10-14,11.41,14.39,6.4,2.57,46.77,1.51
2005-10-15,11.3,18.55,5.89,0.69,42.37,1.75
2005-10-16,12.12,18.53,7.89,0.0,32.45,1.44
2005-10-17,12.69,20.09,8.08,0.0,25.83,1.35
2005-10-18,14.57,23.7,8.25,0.0,20.37,1.68
2005-10-19,16.14,25.65,10.3,0.0,15.31,1.78
2005-10-20,16.99,26.13,11.13,0.0,11.32,1.58
2005-10-21,20.06,29.63,11.96,0.0,7.42,1.77
2005-10-22,14.58,18.8,10.19,0.01,31.08,2.31
2005-10-23,11.22,16.85,7.21,0.59,48.42,1.97
2005-10-24,7.71,12.76,4.65,0.23,52.32,1.65
2005-10-25,7.92,15.55,2.52,0.06,45.1,1.25
2005-10-26,10.85,18.46,5.69,0.0,36.39,1.24
2005-10-27,9.69,17.32,4.43,0.0,37.71,1.56
2005-10-28,13.29,21.88,7.06,0.0,19.69,1.32
2005-10-29,15.8,24.46,9.28,0.0,16.23,2.08
2005-10-30,13.83,20.7,8.03,0.0,27.48,2.17
2005-10-31,8.93,13.46,4.75,0.0,49.74,1.15
2005-11-01,9.81,15.64,5.99,0.0,40.77,1.51
2005-11-02,10.69,17.34,7.14,0.0,35.87,1.26
2005-11-03,10.7,18.05,6.55,0.0,31.41,1.64
2005-11-04,11.76,19.39,5.5,0.0,26.73,1.49
2005-11-05,11.83,20.01,5.28,0.0,25.5,1.64
2005-11-06,12.19,20.2,6.92,0.0,23.06,1.4
2005-11-07,11.03,16.88,5.64,0.05,29.12,1.31
2005-11-08,9.35,16.12,5.42,0.0,58.43,1.56
2005-11-09,10.79,16.48,7.26,2.1,57.57,0.91
2005-11-10,6.34,9.0,3.44,27.31,89.8,2.51
2005-11-11,3.8,6.29,1.14,9.07,85.54,1.82
2005-11-12,4.79,10.71,1.63,0.28,65.84,1.2
2005-11-13,6.0,11.02,2.54,2.56,64.08,1.29
2005-11-14,2.83,7.9,-0.36,1.46,77.54,1.33
2005-11-15,3.0,8.52,0.45,0.15,63.77,1.41
2005-11-16,3.29,9.0,0.12,0.0,66.83,1.21
2005-11-17,5.21,13.17,0.33,0.0,49.05,1.4
2005-11-18,7.35,15.54,2.71,0.0,36.82,1.3
2005-11-19,10.39,18.57,3.42,0.0,33.82,1.36
2005-11-20,11.58,19.72,5.51,0.0,40.44,1.39
2005-11-21,11.13,19.39,6.39,0.0,50.96,1.31
2005-11-22,12.5,18.33,7.82,0.07,52.12,1.09
2005-11-23,11.7,17.75,6.98,0.45,59.13,1.88
2005-11-24,5.59,6.72,3.72,10.52,79.52,2.24
2005-11-25,2.66,5.54,0.06,1.61,71.86,1.43
2005-11-26,2.45,7.88,-1.26,0.0,66.08,1.5
2005-11-27,1.13,6.17,-2.4,0.0,69.82,1.33
2005-11-28,0.28,5.42,-2.98,0.0,76.64,1.22
2005-11-29,0.39,4.9,-2.99,0.0,72.35,1.06
2005-11-30,2.15,7.88,-0.74,0.0,59.78,1.05
2005-12-01,2.57,9.03,-0.38,0.0,48.61,1.26
2005-12-02,5.07,10.08,2.14,0.0,38.92,0.99
2005-12-03,2.45,3.81,1.25,0.51,63.4,0.95
2005-12-04,5.26,10.58,2.3,1.23,73.08,0.86
2005-12-05,4.18,6.94,2.35,7.04,92.29,1.42
2005-12-06,6.06,12.3,2.36,0.37,74.14,1.3
2005-12-07,4.93,10.27,2.69,7.87,84.59,1.11
2005-12-08,0.14,3.38,-3.68,4.78,88.16,1.95
2005-12-09,-0.97,4.36,-3.74,0.0,71.08,0.87
2005-12-10,1.12,6.56,-1.53,0.0,47.51,0.99
2005-12-11,2.83,7.66,0.17,0.0,45.92,1.03
2005-12-12,3.25,8.01,1.04,0.0,55.19,1.13
2005-12-13,2.96,8.02,-0.11,0.0,56.75,0.68
2005-12-14,1.17,3.53,-1.19,0.15,66.38,0.75
2005-12-15,2.3,8.48,-1.08,0.0,61.11,1.17
2005-12-16,4.97,12.71,1.36,0.0,45.42,1.42
2005-12-17,6.66,14.43,2.8,0.0,38.11,1.77
2005-12-18,8.55,17.99,4.25,0.0,39.65,1.78
2005-12-19,7.83,14.13,2.78,0.0,35.37,1.39
2005-12-20,4.92,12.04,0.86,0.0,39.1,1.62
2005-12-21,5.94,12.28,2.31,0.0,37.91,1.32
2005-12-22,5.29,11.61,1.57,0.0,52.97,1.43
2005-12-23,6.4,11.68,3.0,0.0,44.95,1.08
2005-12-24,8.52,15.56,4.08,0.04,42.25,1.38
2005-12-25,8.65,13.52,4.95,1.16,65.22,1.52
2005-12-26,7.81,11.16,5.8,1.86,82.55,1.34
2005-12-27,5.84,9.16,0.35,5.0,89.59,2.87
2005-12-28,-0.83,-0.21,-1.86,4.24,85.17,3.04
2005-12-29,-2.75,-1.22,-5.46,2.73,89.52,1.44
2005-12-30,-5.15,0.39,-7.8,0.38,75.72,1.91
2005-12-31,-5.02,0.63,-7.44,0.0,66.26,1.46
2006-01-01,-5.74,-1.47,-7.93,0.32,71.93,1.63
2006-01-02,-7.15,-3.52,-9.81,0.25,76.21,1.29
2006-01-03,-10.04,-5.39,-13.71,0.59,73.7,1.46
2006-01-04,-7.96,-2.66,-11.7,0.0,59.32,1.56
2006-01-05,-8.3,-3.29,-11.83,0.0,63.44,1.23
2006-01-06,-5.93,-0.43,-10.25,0.0,55.59,1.12
2006-01-07,0.22,3.2,-4.06,0.24,50.52,1.46
2006-01-08,3.04,6.2,0.64,0.13,53.23,1.59
2006-01-09,0.86,3.0,-0.69,5.09,79.11,1.73
2006-01-10,-4.26,-0.24,-7.49,8.19,92.83,0.82
2006-01-11,-5.88,-1.42,-8.43,0.82,81.4,0.88
2006-01-12,-6.19,-0.43,-9.54,0.0,75.96,0.97
2006-01-13,-4.13,1.2,-8.23,0.0,78.23,0.75
2006-01-14,-3.44,0.46,-6.72,0.0,80.0,0.89
2006-01-15,-4.82,-3.03,-6.5,3.07,82.44,1.42
2006-01-16,-3.83,1.28,-7.78,0.73,74.31,1.3
2006-01-17,-3.8,0.8,-6.5,1.41,81.43,2.25
2006-01-18,-2.11,1.27,-4.2,0.08,66.2,0.97
2006-01-19,-4.05,0.24,-7.68,0.94,84.72,1.81
2006-01-20,-5.72,-0.84,-9.32,0.01,75.64,0.89
2006-01-21,-1.72,4.27,-6.39,0.0,63.47,1.05
2006-01-22,1.17,7.29,-3.25,0.08,50.53,1.38
2006-01-23,-1.17,1.11,-2.73,5.0,84.06,1.94
2006-01-24,0.62,3.76,-2.18,0.48,70.44,1.53
2006-01-25,-0.24,3.04,-7.78,9.68,88.56,2.43
2006-01-26,-4.1,0.69,-9.11,11.39,81.67,1.14
2006-01-27,-2.94,-0.76,-6.98,13.82,96.74,1.5
2006-01-28,-6.89,-4.76,-9.14,1.79,98.51,1.32
2006-01-29,-6.09,-2.35,-8.72,4.17,95.51,1.06
2006-01-30,-4.17,0.03,-8.24,0.99,87.55,1.11
2006-01-31,-4.26,-0.84,-6.92,1.18,93.1,1.14
2006-02-01,0.11,2.91,-3.7,0.92,71.87,1.19
2006-02-02,1.89,4.33,-1.75,3.1,75.29,1.39
2006-02-03,3.07,7.99,-1.1,0.0,60.55,1.63
2006-02-04,8.18,12.5,4.68,0.0,48.74,2.02
2006-02-05,8.41,11.94,3.55,2.35,63.71,1.62
2006-02-06,4.92,9.01,1.64,2.78,83.13,0.96
2006-02-07,7.7,15.16,2.51,0.0,53.26,1.34
2006-02-08,12.31,18.97,7.25,0.0,50.03,1.66
2006-02-09,11.59,18.68,6.87,0.62,60.01,2.73
2006-02-10,10.13,13.55,4.05,16.51,87.49,4.22
2006-02-11,2.01,5.08,-1.87,1.25,78.53,2.33
2006-02-12,4.39,12.1,-0.7,0.0,56.93,1.34
2006-02-13,6.0,11.02,1.36,0.0,49.61,1.23
2006-02-14,9.36,15.82,5.13,0.0,42.15,1.19
2006-02-15,8.57,14.72,3.67,0.01,58.88,1.73
2006-02-16,9.16,13.88,5.25,0.18,64.49,1.25
2006-02-17,8.48,15.5,2.51,9.53,82.22,3.1
2006-02-18,3.94,9.97,-1.17,8.43,85.51,2.59
2006-02-19,1.66,6.11,-1.78,0.31,67.12,1.1
2006-02-20,4.31,10.48,-0.19,1.34,56.77,1.42
2006-02-21,5.02,10.9,0.51,0.5,66.23,1.55
2006-02-22,5.0,9.28,2.41,0.01,62.94,1.45
2006-02-23,0.74,3.27,-2.71,3.13,75.02,1.36
2006-02-24,-0.66,3.85,-3.63,0.0,68.79,1.77
2006-02-25,0.4,5.48,-3.75,0.0,59.9,1.2
2006-02-26,4.41,11.02,-1.52,0.01,53.66,1.47
2006-02-27,8.89,15.2,4.29,0.06,54.98,2.42
2006-02-28,9.31,16.87,4.41,0.23,59.49,2.07
2006-03-01,11.32,17.42,5.25,5.06,61.49,1.68
2006-03-02,8.43,14.11,4.72,1.44,78.79,1.58
2006-03-03,11.5,17.04,5.79,0.46,62.09,1.5
2006-03-04,10.94,16.27,7.92,3.28,82.24,1.86
2006-03-05,8.77,16.71,2.05,9.8,82.58,3.12
2006-03-06,4.51,10.07,0.43,0.23,78.48,1.56
2006-03-07,5.54,10.49,1.95,0.01,75.72,1.1
2006-03-08,9.03,16.56,2.49,0.0,65.32,1.16
2006-03-09,11.22,19.9,4.55,0.0,51.58,1.49
2006-03-10,13.2,23.95,5.42,0.0,45.05,2.11
2006-03-11,15.29,22.95,8.33,0.0,38.67,1.32
2006-03-12,10.9,15.61,6.18,0.0,67.69,1.49
2006-03-13,6.35,9.16,4.57,1.51,87.97,2.17
2006-03-14,5.45,10.21,2.18,3.87,80.36,1.73
2006-03-15,4.32,6.78,2.73,2.95,87.83,1.07
2006-03-16,4.62,8.83,1.17,3.84,84.72,1.34
2006-03-17,5.61,10.43,0.78,0.77,76.54,1.19
2006-03-18,6.81,12.72,2.79,0.48,73.34,1.25
2006-03-19,8.11,13.93,3.62,0.4,61.37,1.29
2006-03-20,10.94,17.14,4.9,0.0,58.25,1.38
2006-03-21,12.19,18.07,7.3,2.33,69.86,2.14
2006-03-22,5.46,9.79,1.28,5.4,78.17,1.73
2006-03-23,7.15,14.76,0.83,0.0,57.59,1.81
2006-03-24,9.95,17.08,3.25,0.0,59.23,1.71
2006-03-25,12.28,19.28,7.41,0.0,58.92,1.77
2006-03-26,10.67,17.7,5.72,0.0,72.59,1.62
2006-03-27,12.17,19.05,5.54,0.0,63.45,1.62
2006-03-28,12.3,17.78,8.89,1.84,72.81,2.09
2006-03-29,12.7,18.05,9.37,2.56,74.35,1.67
2006-03-30,14.49,19.18,9.86,0.78,73.18,1.34
2006-03-31,11.01,13.55,7.0,5.32,87.09,2.41
2006-04-01,9.19,12.85,5.43,0.8,76.21,2.13
2006-04-02,10.09,15.61,5.77,0.0,61.67,1.26
2006-04-03,12.38,19.41,6.91,0.0,54.57,1.38
2006-04-04,15.17,23.79,7.27,0.0,47.42,1.66
2006-04-05,16.09,22.57,10.74,1.09,56.68,2.17
2006-04-06,14.44,20.18,9.51,2.9,69.91,1.28
2006-04-07,17.26,23.97,11.01,0.0,50.61,1.36
2006-04-08,12.72,17.25,5.03,11.14,70.77,2.8
2006-04-09,5.36,8.88,1.95,1.92,80.86,2.08
2006-04-10,5.76,11.97,0.32,0.07,73.66,1.77
2006-04-11,8.65,15.89,2.31,0.0,58.35,1.81
2006-04-12,10.95,17.35,6.15,0.0,53.76,1.59
2006-04-13,12.49,19.86,5.84,0.0,55.08,2.12
2006-04-14,13.23,20.08,6.57,0.0,56.5,1.72
2006-04-15,14.6,21.85,7.27,0.0,54.75,1.69
2006-04-16,15.81,22.72,8.22,0.0,53.43,1.89
2006-04-17,16.92,24.45,9.83,0.0,54.92,1.86
2006-04-18,18.07,25.3,11.06,0.0,51.88,1.48
2006-04-19,19.38,26.9,12.63,0.0,49.82,1.51
2006-04-20,16.63,23.65,10.27,2.33,67.09,2.86
2006-04-21,13.12,18.5,7.4,1.64,66.16,1.68
2006-04-22,14.7,21.31,9.72,0.0,49.32,1.62
2006-04-23,16.98,22.63,9.44,0.04,45.24,1.32
2006-04-24,21.44,28.88,14.84,0.27,50.79,1.6
2006-04-25,22.37,29.9,15.77,0.03,51.75,1.8
2006-04-26,22.73,31.1,15.46,0.0,48.96,1.57
2006-04-27,24.62,33.57,15.79,0.0,38.49,1.84
2006-04-28,20.87,27.47,15.07,2.2,63.78,2.5
2006-04-29,18.71,24.67,13.25,1.85,69.28,1.36
2006-04-30,17.65,23.68,13.26,0.57,65.74,2.14
2006-05-01,16.61,22.4,11.64,0.15,59.36,2.51
2006-05-02,15.5,21.13,10.6,0.23,58.41,2.03
2006-05-03,17.0,24.14,10.64,0.01,52.2,1.85
2006-05-04,16.98,23.27,12.27,0.87,50.01,1.45
2006-05-05,19.18,26.42,12.37,0.0,45.54,1.84
2006-05-06,16.71,20.62,11.62,0.22,48.64,2.38
2006-05-07,15.79,22.66,9.69,0.01,51.1,2.12
2006-05-08,18.84,27.18,11.48,0.0,40.5,1.58
2006-05-09,21.45,28.65,15.67,0.0,34.32,1.78
2006-05-10,20.94,29.54,12.52,0.0,37.07,1.74
2006-05-11,22.63,31.13,13.63,0.0,35.05,2.0
2006-05-12,24.0,32.2,15.64,0.0,33.65,2.01
2006-05-13,24.64,33.34,16.46,0.0,33.55,2.34
2006-05-14,26.34,34.51,18.29,0.0,32.06,1.98
2006-05-15,26.24,34.33,20.51,0.0,39.16,1.78
2006-05-16,27.77,35.73,20.16,0.0,32.6,1.87
2006-05-17,19.39,25.54,15.16,0.79,51.15,3.19
2006-05-18,22.34,31.5,13.99,0.0,37.17,1.81
2006-05-19,26.07,35.35,15.7,0.0,30.26,1.76
2006-05-20,26.73,35.1,18.49,0.3,32.49,2.33
2006-05-21,22.51,28.49,17.46,0.31,46.84,1.99
2006-05-22,23.67,31.44,15.85,0.0,38.53,1.41
2006-05-23,25.19,31.94,19.37,0.0,33.21,1.98
2006-05-24,25.32,31.38,18.37,1.1,36.9,1.74
2006-05-25,24.92,31.94,18.83,1.08,37.96,1.95
2006-05-26,25.44,31.71,19.73,0.03,34.07,1.4
2006-05-27,24.86,32.02,17.44,1.44,41.44,2.19
2006-05-28,25.65,33.05,18.36,0.2,36.87,2.11
2006-05-29,26.67,33.69,19.36,0.65,33.62,1.83
2006-05-30,26.17,33.78,17.51,2.88,37.25,2.8
2006-05-31,20.11,24.45,16.41,7.23,60.0,1.59
2006-06-01,22.38,28.86,15.4,0.01,47.37,2.08
2006-06-02,24.21,31.82,16.61,0.0,37.76,2.4
2006-06-03,21.15,28.53,13.88,0.0,33.23,3.75
2006-06-04,22.2,31.02,12.53,0.0,29.73,2.59
2006-06-05,22.92,31.66,14.01,0.0,29.81,3.27
2006-06-06,21.35,29.61,13.08,0.0,33.98,2.8
2006-06-07,22.82,30.59,14.35,0.0,32.51,1.65
2006-06-08,24.89,32.33,16.99,0.02,29.21,2.18
2006-06-09,25.93,32.73,19.74,0.37,30.6,1.67
2006-06-10,25.32,31.58,18.58,0.15,32.37,1.65
2006-06-11,25.07,31.36,18.64,0.01,38.26,1.83
2006-06-12,27.5,33.98,18.78,0.0,30.23,1.3
2006-06-13,28.39,35.36,20.66,0.0,27.1,2.34
2006-06-14,27.32,35.16,18.92,0.0,23.29,3.43
2006-06-15,23.6,31.45,15.35,0.0,23.34,4.12
2006-06-16,25.43,34.71,14.44,0.0,16.96,2.52
2006-06-17,27.98,37.24,18.14,0.0,13.59,2.66
2006-06-18,29.78,38.61,20.33,0.0,13.84,2.61
2006-06-19,30.62,38.63,22.0,0.0,13.97,2.35
2006-06-20,31.31,38.76,22.3,0.0,15.53,2.14
2006-06-21,31.52,40.12,22.27,0.0,17.39,2.66
2006-06-22,30.52,37.4,23.82,0.0,21.63,2.78
2006-06-23,28.37,34.22,22.84,0.18,24.38,2.6
2006-06-24,27.83,34.49,22.12,0.0,20.97,2.5
2006-06-25,27.91,35.22,19.9,0.0,22.55,2.45
2006-06-26,29.55,36.09,21.83,0.0,19.75,2.24
2006-06-27,28.7,35.28,22.74,0.13,23.71,2.58
2006-06-28,29.05,35.55,22.07,0.0,22.24,2.14
2006-06-29,30.57,36.61,23.27,0.02,21.63,1.65
2006-06-30,28.51,33.49,23.35,8.18,33.04,2.05
2006-07-01,26.69,32.32,21.67,2.6,43.93,2.65
2006-07-02,27.03,32.89,22.04,1.75,45.54,1.75
2006-07-03,28.67,35.81,20.79,0.02,38.1,1.91
2006-07-04,30.48,38.1,21.85,0.0,33.31,1.79
2006-07-05,31.04,38.05,24.04,0.0,29.69,2.93
2006-07-06,27.46,34.08,21.06,0.0,32.12,2.77
2006-07-07,27.07,34.59,20.13,0.0,23.34,2.48
2006-07-08,28.4,36.2,20.46,0.0,18.53,2.76
2006-07-09,28.0,35.75,19.86,0.0,18.0,2.6
2006-07-10,26.0,33.62,18.17,0.0,18.48,3.07
2006-07-11,23.14,30.03,16.57,0.0,23.07,2.84
2006-07-12,21.66,28.03,15.32,0.06,28.16,2.59
2006-07-13,20.63,26.37,15.03,1.68,34.29,2.01
2006-07-14,21.68,27.12,15.82,1.19,36.24,1.65
2006-07-15,23.08,30.09,15.76,0.47,32.96,2.59
2006-07-16,24.43,31.85,16.45,0.0,29.45,2.38
2006-07-17,26.53,34.62,17.71,0.0,27.99,1.96
2006-07-18,28.69,36.03,21.56,0.0,23.82,1.78
2006-07-19,29.35,36.52,22.03,0.0,23.17,2.75
2006-07-20,30.0,37.92,21.84,0.0,22.22,2.15
2006-07-21,31.15,39.2,23.38,0.0,19.97,1.91
2006-07-22,32.4,40.7,23.38,0.0,16.71,2.59
2006-07-23,31.52,40.25,23.51,0.0,18.07,3.31
2006-07-24,29.11,37.73,20.5,0.0,14.45,2.55
2006-07-25,28.47,37.16,20.13,0.0,13.23,3.17
2006-07-26,28.73,36.95,19.78,0.0,14.58,2.82
2006-07-27,30.71,38.79,23.39,0.0,17.09,2.46
2006-07-28,28.5,35.9,21.39,0.0,19.13,2.46
2006-07-29,29.92,38.74,22.04,0.0,15.69,1.86
2006-07-30,32.4,41.72,23.11,0.0,15.38,2.77
2006-07-31,30.35,38.62,23.31,0.0,23.78,3.68
2006-08-01,29.36,37.86,22.07,0.0,25.07,2.41
2006-08-02,31.12,40.07,23.35,0.0,15.55,2.16
2006-08-03,31.23,39.99,23.63,0.0,16.22,2.42
2006-08-04,30.18,38.37,21.78,0.0,17.54,3.67
2006-08-05,30.05,38.8,21.47,0.0,15.47,2.57
2006-08-06,28.94,36.5,21.86,0.0,15.9,3.19
2006-08-07,28.31,37.23,19.19,0.0,18.1,2.87
2006-08-08,29.25,37.14,21.36,0.0,17.8,2.78
2006-08-09,30.83,39.06,21.91,0.0,18.37,3.19
2006-08-10,30.95,39.85,23.42,0.0,17.98,2.39
2006-08-11,29.73,39.55,21.28,0.0,17.64,2.37
2006-08-12,29.59,39.12,21.6,0.0,13.69,2.58
2006-08-13,29.82,39.67,20.67,0.0,13.73,2.62
2006-08-14,28.67,35.3,21.5,0.0,17.33,3.02
2006-08-15,25.56,33.23,19.11,0.0,22.82,2.52
2006-08-16,24.22,31.59,17.91,0.0,21.07,2.75
2006-08-17,23.45,32.37,14.91,0.0,16.61,2.11
2006-08-18,26.28,35.75,16.85,0.0,10.13,2.18
2006-08-19,28.24,37.05,18.67,0.0,10.34,2.16
2006-08-20,28.67,37.27,20.23,0.0,12.45,1.98
2006-08-21,29.37,38.36,20.27,0.0,12.85,1.9
2006-08-22,28.92,36.93,21.55,0.0,14.86,2.58
2006-08-23,30.32,38.15,21.91,0.0,14.4,2.13
2006-08-24,30.51,38.99,23.17,0.0,15.54,2.8
2006-08-25,28.06,35.51,22.02,0.0,19.86,2.23
2006-08-26,28.21,36.16,20.05,0.0,18.24,1.82
2006-08-27,27.04,34.26,19.79,0.0,19.14,2.27
2006-08-28,24.37,32.52,17.11,0.0,17.91,2.42
2006-08-29,24.07,32.46,16.72,0.0,13.46,2.0
2006-08-30,25.96,35.16,16.45,0.0,13.81,2.25
2006-08-31,25.98,35.04,18.55,0.0,18.51,2.78
2006-09-01,22.58,31.67,15.45,0.0,20.34,2.28
2006-09-02,21.65,30.42,14.39,0.0,14.38,2.01
2006-09-03,20.22,27.04,14.65,0.0,13.11,1.92
2006-09-04,22.92,32.11,14.52,0.01,14.38,2.05
2006-09-05,21.38,28.59,14.71,0.0,17.6,2.28
2006-09-06,22.7,30.61,15.04,0.0,19.01,1.92
2006-09-07,24.22,32.4,16.51,0.0,21.36,1.78
2006-09-08,25.35,34.11,17.6,0.0,18.16,1.8
2006-09-09,25.45,34.67,17.52,0.0,14.2,2.22
2006-09-10,22.51,29.2,16.93,0.0,25.28,2.19
2006-09-11,21.69,29.53,15.36,0.0,27.96,1.91
2006-09-12,22.79,30.12,16.66,0.0,21.88,1.6
2006-09-13,23.48,30.5,17.34,0.03,24.46,2.35
2006-09-14,17.99,20.25,14.46,5.93,51.35,1.71
2006-09-15,18.34,24.41,13.68,0.05,35.2,2.01
2006-09-16,21.45,29.91,13.86,0.1,26.74,1.42
2006-09-17,22.94,29.16,16.6,0.15,30.05,2.24
2006-09-18,13.11,15.6,8.44,1.14,51.82,1.56
2006-09-19,11.88,18.48,6.92,0.19,42.6,1.73
2006-09-20,14.99,23.24,8.38,0.0,31.81,1.84
2006-09-21,16.41,23.91,9.09,0.0,29.01,1.85
2006-09-22,17.5,25.57,10.25,0.0,27.94,2.04
2006-09-23,19.0,27.36,12.1,0.0,24.92,1.95
2006-09-24,19.3,27.39,13.89,0.0,23.62,2.08
2006-09-25,19.11,26.8,13.74,0.0,21.82,1.95
2006-09-26,19.22,27.21,12.39,0.0,21.09,1.86
2006-09-27,21.08,30.32,14.13,0.0,19.24,1.89
2006-09-28,21.07,28.4,16.34,0.0,23.98,2.06
2006-09-29,19.69,27.01,14.08,0.0,37.75,2.13
2006-09-30,19.53,26.64,14.34,0.12,33.75,1.94
2006-10-01,21.0,28.57,15.0,0.0,27.89,2.03
2006-10-02,20.52,28.36,15.05,0.0,23.16,1.94
2006-10-03,18.97,28.01,14.9,0.54,35.31,2.39
2006-10-04,17.63,23.1,12.8,0.23,48.5,1.77
2006-10-05,16.73,23.04,11.54,2.49,34.11,1.25
2006-10-06,16.33,24.42,11.12,0.0,36.02,1.5
2006-10-07,18.55,26.51,13.02,0.0,26.2,1.65
2006-10-08,18.45,26.3,11.21,0.0,27.24,1.71
2006-10-09,20.42,28.62,14.1,0.0,23.49,1.89
2006-10-10,21.21,27.95,16.19,0.0,22.28,2.19
2006-10-11,20.79,28.69,15.42,0.0,24.36,1.98
2006-10-12,18.72,25.62,14.14,0.03,25.79,1.59
2006-10-13,16.64,23.57,11.59,1.24,43.65,2.7
2006-10-14,12.56,18.1,8.39,0.64,47.51,1.91
2006-10-15,12.04,15.72,9.11,2.11,60.88,1.11
2006-10-16,17.81,24.63,11.91,0.85,49.56,1.69
2006-10-17,19.96,26.74,15.98,1.83,51.13,2.76
2006-10-18,16.14,20.93,11.78,3.26,60.84,2.39
2006-10-19,15.8,21.85,11.92,0.0,52.54,1.26
2006-10-20,13.46,18.64,7.65,4.61,60.09,2.62
2006-10-21,10.44,16.8,6.04,0.03,54.67,1.29
2006-10-22,14.05,19.86,10.21,0.01,39.98,1.29
2006-10-23,14.74,19.03,11.51,0.68,57.07,1.31
2006-10-24,14.31,19.14,11.23,3.44,67.95,1.15
2006-10-25,13.48,18.21,10.76,4.24,72.09,1.28
2006-10-26,14.51,20.61,10.82,0.0,60.15,1.21
2006-10-27,15.68,21.92,11.95,0.0,53.05,1.31
2006-10-28,14.36,18.9,11.1,3.89,71.82,1.72
2006-10-29,12.67,14.78,8.92,11.85,84.16,1.82
2006-10-30,14.61,21.9,8.67,0.22,69.09,1.43
2006-10-31,18.61,26.31,13.26,0.0,52.14,1.98
2006-11-01,16.83,22.38,12.7,0.04,59.49,1.65
2006-11-02,15.85,21.99,12.38,0.0,54.13,1.37
2006-11-03,17.46,24.93,12.18,0.0,52.72,1.61
2006-11-04,18.94,26.85,14.67,0.31,47.87,3.09
2006-11-05,19.89,27.77,15.64,0.59,49.81,2.01
2006-11-06,18.04,24.86,13.51,0.0,52.94,1.6
2006-11-07,18.04,24.03,13.47,0.0,53.35,1.41
2006-11-08,17.6,22.44,14.68,0.11,47.7,2.04
2006-11-09,10.62,14.62,5.63,12.18,82.35,2.76
2006-11-10,6.21,11.72,3.11,0.47,68.18,1.62
2006-11-11,6.72,12.71,1.17,0.0,53.47,1.59
2006-11-12,9.1,15.11,4.89,0.0,47.95,1.11
2006-11-13,11.23,17.32,6.31,0.23,56.41,1.59
2006-11-14,9.59,16.89,5.16,0.0,60.28,1.58
2006-11-15,11.72,17.0,8.55,0.08,50.37,1.5
2006-11-16,10.94,15.66,8.22,0.22,70.25,1.74
2006-11-17,5.04,7.45,2.39,12.31,91.05,1.28
2006-11-18,9.2,16.12,2.95,0.0,46.99,1.23
2006-11-19,7.93,14.46,1.23,6.91,65.84,1.9
2006-11-20,2.28,7.15,-0.44,3.4,80.97,1.66
2006-11-21,-3.15,-1.2,-5.7,12.57,86.33,2.14
2006-11-22,-3.93,-0.7,-7.21,1.29,85.12,1.49
2006-11-23,-4.17,0.83,-7.5,0.24,69.29,1.29
2006-11-24,-4.31,1.83,-7.75,0.0,61.24,1.22
2006-11-25,-2.54,3.19,-6.12,0.0,50.8,0.92
2006-11-26,-1.74,2.46,-5.32,0.0,63.98,1.04
2006-11-27,0.07,4.23,-2.74,0.0,65.0,1.36
2006-11-28,1.42,4.9,-1.06,0.47,66.51,1.39
2006-11-29,1.3,5.23,-2.53,6.38,88.86,1.49
2006-11-30,-3.51,-0.44,-5.84,10.67,90.89,0.55
2006-12-01,-7.09,-3.27,-9.31,0.63,84.88,0.77
2006-12-02,-5.11,0.33,-8.45,0.0,65.39,0.85
2006-12-03,-3.03,1.8,-5.89,0.0,66.65,0.71
2006-12-04,-4.17,-1.43,-5.91,0.5,79.18,0.91
2006-12-05,-4.26,-1.66,-5.85,0.49,81.03,1.22
2006-12-06,-2.81,4.13,-6.77,0.0,69.87,1.54
2006-12-07,-0.73,4.44,-3.7,0.0,53.67,1.08
2006-12-08,0.84,6.01,-2.02,0.0,43.92,1.01
2006-12-09,1.04,4.8,-1.7,0.0,47.44,0.71
2006-12-10,-0.68,3.93,-3.23,0.0,62.04,1.04
2006-12-11,-1.23,3.74,-4.34,0.0,68.32,1.08
2006-12-12,-2.12,1.5,-4.81,0.0,66.77,0.85
2006-12-13,-1.21,3.88,-4.51,0.0,63.38,0.68
2006-12-14,0.89,6.28,-3.19,0.0,55.2,0.67
2006-12-15,1.93,5.1,-0.8,0.01,63.52,0.61
2006-12-16,0.13,4.14,-1.82,0.8,75.52,1.5
2006-12-17,0.8,5.25,-1.65,0.0,80.92,1.65
2006-12-18,3.21,9.06,0.0,0.0,50.79,1.23
2006-12-19,2.57,5.45,0.45,0.0,59.76,0.82
2006-12-20,1.77,5.03,-0.15,0.0,78.07,1.18
2006-12-21,4.57,9.13,1.76,0.0,73.75,1.22
2006-12-22,2.98,5.2,0.42,0.15,79.78,1.45
2006-12-23,2.68,5.25,0.93,1.41,87.76,0.62
2006-12-24,-0.14,2.85,-3.27,13.98,95.77,1.37
2006-12-25,-1.9,0.44,-5.81,7.1,94.43,0.84
2006-12-26,-1.2,5.03,-5.47,0.0,61.23,1.47
2006-12-27,2.67,8.51,-1.56,0.0,53.46,1.73
2006-12-28,5.51,10.22,1.97,0.07,46.92,1.28
2006-12-29,1.85,4.74,-2.66,12.0,87.46,1.91
2006-12-30,-4.69,-0.92,-8.2,9.51,89.6,1.54
2006-12-31,-4.84,-0.56,-8.07,0.15,75.1,1.41
2007-01-01,-5.57,-2.89,-8.15,8.12,94.1,1.39
2007-01-02,-10.49,-5.96,-16.6,2.98,84.04,0.81
2007-01-03,-10.05,-3.32,-14.63,0.0,46.84,1.03
2007-01-04,-8.78,-2.78,-12.91,0.0,50.57,0.98
2007-01-05,-5.22,2.04,-12.87,0.0,51.36,1.19
2007-01-06,-1.17,4.22,-7.71,0.0,40.35,1.49
2007-01-07,2.08,5.72,-1.65,0.0,39.45,1.36
2007-01-08,1.54,5.77,-2.94,0.0,54.12,0.76
2007-01-09,-1.8,0.59,-3.21,1.61,86.25,1.01
2007-01-10,-1.8,0.74,-4.37,1.17,89.58,1.2
2007-01-11,-1.6,2.23,-3.48,0.53,84.94,0.8
2007-01-12,-1.78,1.53,-3.68,0.0,81.02,0.99
2007-01-13,-0.86,2.64,-2.62,0.0,73.03,0.93
2007-01-14,-0.09,4.76,-2.68,0.0,60.26,1.34
2007-01-15,0.25,2.88,-1.73,7.62,89.21,1.97
2007-01-16,-0.04,3.09,-2.7,0.76,91.91,1.57
2007-01-17,2.3,6.54,-2.54,0.23,61.32,1.6
2007-01-18,-1.0,0.78,-3.71,8.65,91.31,2.27
2007-01-19,-2.61,-0.19,-4.74,1.15,85.04,2.31
2007-01-20,-0.68,6.95,-5.31,0.01,60.53,1.59
2007-01-21,2.65,9.75,-1.27,0.0,41.52,1.57
2007-01-22,4.07,9.04,0.07,0.0,44.15,1.5
2007-01-23,3.59,6.7,-0.33,0.0,58.98,1.11
2007-01-24,0.58,5.34,-3.18,0.0,80.56,1.73
2007-01-25,4.76,10.96,0.72,0.0,41.49,1.55
2007-01-26,6.3,12.99,1.6,0.0,42.91,1.26
2007-01-27,8.4,15.02,3.8,0.0,42.86,0.99
2007-01-28,8.82,18.29,3.04,0.0,46.16,1.95
2007-01-29,11.11,20.16,5.63,0.0,43.99,1.81
2007-01-30,12.03,20.46,5.86,0.0,41.82,1.91
2007-01-31,13.24,21.57,8.59,0.0,44.44,1.84
2007-02-01,10.72,16.0,3.75,5.09,61.52,2.92
2007-02-02,4.02,9.26,0.04,3.35,80.87,1.61
2007-02-03,5.12,11.6,-1.34,2.11,67.39,1.18
2007-02-04,5.44,8.74,2.01,0.02,73.32,1.93
2007-02-05,8.41,16.61,3.12,0.07,55.45,1.9
2007-02-06,5.74,9.43,2.79,5.04,88.46,2.43
2007-02-07,8.59,14.45,2.81,0.0,65.32,1.36
2007-02-08,10.66,17.27,5.3,0.0,61.74,1.51
2007-02-09,9.44,15.0,5.11,0.02,66.5,1.43
2007-02-10,5.1,7.69,2.26,0.04,81.78,1.39
2007-02-11,3.86,9.22,0.81,0.17,83.91,1.37
2007-02-12,3.22,7.43,0.94,0.08,79.72,2.4
2007-02-13,3.16,9.07,-0.74,0.0,63.01,1.6
2007-02-14,5.19,10.43,1.57,0.0,54.17,1.36
2007-02-15,5.51,10.97,1.09,0.0,59.89,1.51
2007-02-16,5.63,10.6,2.39,0.01,59.77,1.26
2007-02-17,6.18,10.67,2.03,1.16,73.92,1.66
2007-02-18,4.63,9.41,1.65,0.35,79.93,1.72
2007-02-19,-2.43,2.24,-7.42,5.08,79.19,2.05
2007-02-20,0.34,7.44,-5.27,0.0,51.08,1.42
2007-02-21,1.04,5.11,-0.9,2.3,69.51,1.77
2007-02-22,4.69,9.92,-0.75,0.32,71.05,2.33
2007-02-23,6.05,11.44,1.72,1.72,69.81,1.77
2007-02-24,4.8,8.08,1.78,2.0,77.85,0.88
2007-02-25,6.58,12.68,-0.64,16.58,84.03,3.18
2007-02-26,-5.64,-1.52,-12.8,8.44,77.78,2.01
2007-02-27,-10.83,-4.68,-14.28,0.56,70.02,2.05
2007-02-28,-6.88,-0.18,-14.11,0.0,60.27,1.71
2007-03-01,-4.01,0.22,-6.64,0.0,74.81,1.33
2007-03-02,-0.46,6.29,-5.95,0.0,61.13,1.21
2007-03-03,1.44,6.87,-2.55,0.0,55.88,1.36
2007-03-04,2.35,8.91,-2.1,0.0,61.98,1.66
2007-03-05,5.05,11.56,1.37,0.0,50.1,1.32
2007-03-06,6.34,13.05,0.89,0.0,51.94,1.6
2007-03-07,7.53,14.75,1.1,0.0,57.83,1.36
2007-03-08,9.0,15.73,3.26,0.16,58.73,1.71
2007-03-09,2.8,6.05,0.73,5.7,88.71,2.38
2007-03-10,4.2,10.51,-0.14,0.12,66.78,1.96
2007-03-11,4.82,10.72,1.1,0.0,52.53,1.65
2007-03-12,3.76,9.65,-0.46,0.0,55.12,1.61
2007-03-13,3.74,10.02,-0.93,0.0,52.26,1.62
2007-03-14,4.64,11.12,-0.68,0.0,47.75,1.59
2007-03-15,7.86,14.63,3.06,0.0,43.01,1.31
2007-03-16,12.55,19.17,6.22,0.0,49.86,1.22
2007-03-17,12.98,20.95,7.78,9.29,74.92,3.3
2007-03-18,7.66,13.51,2.5,2.33,67.96,1.92
2007-03-19,9.2,14.52,3.85,0.09,73.19,1.99
2007-03-20,9.48,15.82,4.16,0.23,71.92,1.56
2007-03-21,9.07,14.84,4.67,0.0,62.68,1.79
2007-03-22,9.94,17.42,4.72,0.0,60.19,1.75
2007-03-23,11.4,17.56,5.22,0.0,57.74,1.64
2007-03-24,11.73,18.38,7.36,2.24,64.51,2.12
2007-03-25,9.29,12.45,6.7,1.97,85.46,1.67
2007-03-26,11.26,15.97,7.34,14.08,84.59,1.68
2007-03-27,8.96,11.99,5.23,6.59,79.0,0.91
2007-03-28,8.16,11.25,3.37,13.54,86.93,2.22
2007-03-29,6.47,11.29,2.19,1.21,76.79,2.32
2007-03-30,6.03,8.64,3.94,14.12,90.29,1.32
2007-03-31,6.86,12.28,3.22,5.1,84.35,1.79
2007-04-01,5.37,7.15,3.14,11.67,91.37,1.38
2007-04-02,8.08,12.97,2.74,0.17,75.14,1.48
2007-04-03,10.97,16.36,6.11,0.09,61.74,1.6
2007-04-04,13.66,19.22,9.78,0.93,61.35,1.88
2007-04-05,13.57,20.16,6.88,2.44,66.77,1.73
2007-04-06,10.66,15.78,5.56,19.07,80.33,2.81
2007-04-07,12.59,19.36,5.15,0.02,60.4,1.43
2007-04-08,14.66,18.98,11.38,4.23,67.3,1.8
2007-04-09,14.28,17.88,10.32,4.38,76.51,1.46
2007-04-10,18.46,25.14,13.65,0.06,72.53,1.94
2007-04-11,18.68,25.48,13.83,0.06,68.62,1.78
2007-04-12,21.9,28.93,15.12,0.0,62.15,1.44
2007-04-13,23.28,30.16,17.62,0.22,61.96,1.97
2007-04-14,18.98,22.03,15.01,11.05,84.27,1.25
2007-04-15,21.23,28.22,14.3,0.21,60.26,1.27
2007-04-16,20.48,25.62,17.2,3.37,69.93,2.08
2007-04-17,16.31,20.44,11.21,8.2,75.67,2.2
2007-04-18,15.79,22.84,9.64,0.0,63.17,1.93
2007-04-19,18.53,25.35,12.12,0.0,50.89,1.22
2007-04-20,21.95,29.1,14.73,0.0,48.24,1.61
2007-04-21,18.28,23.53,14.75,1.0,69.13,2.13
2007-04-22,16.92,21.83,13.26,3.25,79.24,1.55
2007-04-23,16.82,22.13,11.36,0.69,69.36,1.66
2007-04-24,16.93,23.6,10.25,0.0,66.88,1.51
2007-04-25,19.63,27.41,11.76,0.0,58.04,1.56
2007-04-26,22.28,28.91,14.71,0.0,48.83,1.43
2007-04-27,15.78,19.47,10.43,0.64,76.47,2.24
2007-04-28,15.54,22.28,8.65,0.04,70.0,1.44
2007-04-29,18.16,23.53,12.81,1.78,72.5,1.1
2007-04-30,19.57,25.28,14.65,0.95,71.2,1.37
2007-05-01,23.75,30.44,16.25,0.48,54.96,1.66
2007-05-02,18.96,23.15,14.5,4.09,70.98,1.73
2007-05-03,21.62,28.43,14.69,0.0,60.69,1.73
2007-05-04,22.71,29.68,17.43,0.11,57.28,1.93
2007-05-05,21.23,28.13,15.16,0.13,57.56,1.66
2007-05-06,16.92,21.46,13.52,6.09,74.39,1.8
2007-05-07,17.49,23.6,9.95,1.04,57.9,2.07
2007-05-08,10.76,16.43,5.88,0.43,55.82,1.82
2007-05-09,13.59,22.34,4.39,0.0,47.9,1.38
2007-05-10,19.85,28.25,11.41,0.0,41.98,1.81
2007-05-11,22.3,30.41,13.49,0.01,39.35,1.33
2007-05-12,19.53,27.37,13.57,2.64,59.68,2.17
2007-05-13,19.2,27.59,11.42,0.4,58.16,2.27
2007-05-14,23.22,30.75,14.94,0.0,49.88,1.73
2007-05-15,25.12,31.94,18.23,0.0,45.5,1.79
2007-05-16,14.99,19.65,11.92,11.45,81.63,1.88
2007-05-17,13.66,16.43,10.2,4.21,74.5,1.58
2007-05-18,16.13,21.55,9.61,0.21,50.29,1.17
2007-05-19,13.59,17.03,10.49,2.98,70.79,1.53
2007-05-20,14.55,20.22,8.58,0.0,65.41,1.61
2007-05-21,17.88,25.23,9.62,0.0,55.66,1.8
2007-05-22,19.46,26.73,12.13,0.0,52.47,1.78
2007-05-23,21.94,28.76,13.0,0.0,45.22,1.61
2007-05-24,21.87,28.56,14.8,0.06,43.77,1.77
2007-05-25,22.47,29.7,15.28,0.0,47.28,2.04
2007-05-26,23.27,31.08,16.45,0.0,50.41,2.12
2007-05-27,23.83,31.64,15.79,0.0,46.38,2.67
2007-05-28,23.52,31.41,16.1,0.0,45.82,2.14
2007-05-29,24.68,32.28,16.57,0.0,46.5,2.06
2007-05-30,27.37,34.93,17.94,0.0,38.69,1.55
2007-05-31,27.09,34.56,20.12,0.0,35.5,1.6
2007-06-01,26.99,35.18,18.39,0.0,33.29,2.22
2007-06-02,27.73,35.52,19.45,0.0,31.94,1.91
2007-06-03,26.19,33.04,20.84,0.0,38.62,2.7
2007-06-04,25.89,32.74,19.69,0.98,43.12,2.82
2007-06-05,19.44,25.46,13.62,0.02,40.15,2.31
2007-06-06,21.53,29.16,13.35,0.0,31.35,1.9
2007-06-07,22.55,30.5,15.99,0.05,38.31,3.01
2007-06-08,20.17,27.6,13.06,0.02,37.24,2.33
2007-06-09,23.85,32.82,14.34,0.0,28.83,1.48
2007-06-10,27.96,37.79,18.52,0.91,28.94,2.53
2007-06-11,26.31,33.42,18.91,0.65,34.27,2.41
2007-06-12,24.17,31.4,17.34,0.0,30.34,2.21
2007-06-13,25.58,33.77,18.04,0.0,27.4,2.44
2007-06-14,25.13,32.17,18.39,0.0,27.62,3.12
2007-06-15,25.0,32.29,17.74,0.0,27.48,2.32
2007-06-16,25.42,33.21,17.07,0.0,27.36,2.0
2007-06-17,26.57,34.3,17.57,0.0,24.19,2.09
2007-06-18,27.78,35.97,18.3,0.0,20.71,2.14
2007-06-19,30.06,38.2,20.74,0.0,20.12,1.95
2007-06-20,30.57,39.16,20.99,0.0,19.28,2.03
2007-06-21,32.59,40.69,24.09,0.0,18.65,1.52
2007-06-22,34.06,42.77,23.08,0.0,17.46,1.91
2007-06-23,33.2,41.29,24.64,0.0,21.39,2.73
2007-06-24,28.49,35.66,23.21,0.0,30.88,3.6
2007-06-25,29.47,37.46,21.91,0.0,22.12,2.03
2007-06-26,31.1,38.49,24.91,0.0,17.02,1.92
2007-06-27,30.94,37.94,23.85,0.0,16.61,2.19
2007-06-28,26.75,32.51,20.46,0.0,23.45,3.83
2007-06-29,25.71,32.58,19.45,0.0,23.49,2.68
2007-06-30,27.39,35.64,18.45,0.0,22.25,2.65
2007-07-01,28.89,36.64,20.94,0.0,21.98,2.81
2007-07-02,29.12,36.2,21.57,0.0,20.64,2.93
2007-07-03,29.16,36.6,21.97,0.0,19.08,2.96
2007-07-04,29.25,36.76,20.56,0.0,19.53,3.17
2007-07-05,27.96,33.03,23.26,0.02,31.9,2.48
2007-07-06,28.24,32.45,22.37,0.0,27.25,2.21
2007-07-07,27.95,34.7,21.81,0.04,24.62,2.34
2007-07-08,28.13,34.71,20.95,0.03,27.93,1.82
2007-07-09,30.46,36.89,23.01,0.0,27.48,2.54
2007-07-10,32.04,39.7,23.19,0.0,25.15,2.49
2007-07-11,30.04,36.21,24.01,0.0,27.31,3.04
2007-07-12,28.67,35.25,22.85,0.0,28.52,2.56
2007-07-13,28.04,35.15,20.95,0.0,20.62,2.04
2007-07-14,27.69,33.92,21.43,4.81,24.82,2.21
2007-07-15,27.4,33.06,22.61,0.05,30.7,2.12
2007-07-16,27.51,32.87,22.91,0.71,33.42,2.03
2007-07-17,29.26,36.4,22.29,0.0,28.91,1.8
2007-07-18,31.22,39.04,23.15,0.0,24.89,1.82
2007-07-19,33.11,40.75,23.7,0.0,19.79,2.17
2007-07-20,31.57,38.06,24.66,0.0,23.26,3.19
2007-07-21,27.88,34.71,21.57,0.03,23.78,3.0
2007-07-22,29.04,36.8,20.85,0.0,20.59,2.37
2007-07-23,29.78,37.58,21.76,0.0,21.36,1.94
2007-07-24,30.26,36.94,23.6,0.0,17.75,1.94
2007-07-25,26.92,33.42,20.82,0.07,27.8,2.78
2007-07-26,25.39,31.74,19.08,0.0,26.09,2.87
2007-07-27,23.69,30.06,17.48,0.0,22.03,2.84
2007-07-28,25.15,33.77,16.96,0.0,17.63,1.88
2007-07-29,27.23,35.09,18.94,0.0,12.66,2.04
2007-07-30,28.76,37.54,19.44,0.0,13.68,2.25
2007-07-31,29.26,36.72,22.93,0.0,17.08,2.12
2007-08-01,29.46,36.6,22.87,0.0,18.0,2.14
2007-08-02,28.16,35.19,21.85,0.46,24.45,2.34
2007-08-03,26.96,33.0,21.72,0.07,29.67,1.94
2007-08-04,27.35,34.34,19.78,0.01,25.02,1.64
2007-08-05,27.61,34.02,20.64,0.0,22.67,1.7
2007-08-06,30.62,38.23,21.61,0.0,21.7,1.94
2007-08-07,31.17,37.95,23.84,0.0,20.52,2.15
2007-08-08,30.98,38.64,22.62,0.0,19.81,2.16
2007-08-09,31.99,39.75,24.88,0.0,16.66,1.7
2007-08-10,32.12,39.77,24.27,0.0,15.98,2.09
2007-08-11,28.38,35.84,18.96,0.0,23.47,3.08
2007-08-12,23.91,32.11,16.91,0.0,26.04,2.5
2007-08-13,25.56,33.51,17.08,0.0,16.57,2.08
2007-08-14,26.21,34.51,17.9,0.0,15.88,2.28
2007-08-15,26.2,33.46,18.67,0.0,16.68,2.54
2007-08-16,24.99,34.08,16.56,0.0,15.9,2.31
2007-08-17,25.16,33.62,17.94,0.0,15.16,2.16
2007-08-18,26.46,34.82,17.76,0.0,14.5,1.95
2007-08-19,26.67,34.76,18.6,0.0,14.24,2.26
2007-08-20,26.49,34.5,19.08,0.0,14.34,2.39
2007-08-21,27.16,35.72,19.88,0.0,12.85,1.8
2007-08-22,27.51,35.41,19.25,0.0,13.63,2.2
2007-08-23,29.36,37.35,22.06,0.0,15.3,2.13
2007-08-24,29.11,36.8,21.19,0.0,17.0,2.18
2007-08-25,28.14,36.1,20.26,0.0,19.15,2.48
2007-08-26,27.08,34.25,19.42,0.0,18.07,3.26
2007-08-27,25.91,34.29,17.72,0.0,13.81,1.83
2007-08-28,27.19,36.0,18.34,0.0,10.9,2.15
2007-08-29,28.14,36.68,19.75,0.0,11.54,2.14
2007-08-30,29.14,36.35,23.07,0.0,12.47,1.9
2007-08-31,29.38,37.36,23.28,0.0,12.72,1.98
2007-09-01,28.94,37.6,21.45,0.0,13.07,2.1
2007-09-02,28.71,36.86,21.9,0.0,15.33,2.05
2007-09-03,28.24,35.43,22.22,0.0,20.96,2.74
2007-09-04,25.26,32.12,19.07,0.0,27.77,2.64
2007-09-05,25.41,33.14,17.52,0.0,26.07,2.01
2007-09-06,25.83,33.1,19.32,0.0,23.44,2.45
2007-09-07,24.27,32.34,17.2,0.0,18.11,2.3
2007-09-08,23.55,32.16,16.13,0.0,13.0,1.92
2007-09-09,24.78,33.61,16.19,0.0,12.49,1.94
2007-09-10,26.49,35.28,18.05,0.0,11.85,2.17
2007-09-11,27.09,35.85,18.97,0.0,12.04,2.04
2007-09-12,26.18,34.41,18.48,0.0,11.51,1.95
2007-09-13,25.53,33.89,19.04,0.0,13.43,2.66
2007-09-14,23.14,31.45,16.61,0.0,17.16,2.28
2007-09-15,25.05,34.69,15.81,0.0,11.35,1.99
2007-09-16,23.21,31.57,16.67,0.0,14.06,2.21
2007-09-17,23.53,32.36,16.69,0.0,12.8,1.65
2007-09-18,23.21,31.46,15.86,0.0,12.8,1.97
2007-09-19,20.03,25.87,15.3,0.0,23.11,2.05
2007-09-20,16.34,22.39,11.02,0.0,27.9,2.08
2007-09-21,15.78,23.34,9.97,0.0,27.94,2.25
2007-09-22,14.63,21.01,10.11,0.0,38.02,1.93
2007-09-23,15.03,22.75,9.82,0.0,28.83,1.77
2007-09-24,15.58,23.62,8.65,0.0,16.87,1.84
2007-09-25,15.9,23.69,8.74,0.0,14.69,2.02
2007-09-26,14.49,22.84,8.08,0.0,15.77,2.09
2007-09-27,14.5,21.31,9.44,0.0,21.12,2.08
2007-09-28,14.11,21.38,7.55,0.0,25.6,1.71
2007-09-29,14.65,21.47,7.75,0.0,23.75,1.88
2007-09-30,15.58,22.56,10.04,0.0,21.73,1.56
2007-10-01,16.34,21.84,10.84,0.0,19.65,1.75
2007-10-02,11.33,17.13,6.53,0.0,39.91,2.75
2007-10-03,7.76,14.56,2.18,0.0,36.44,1.83
2007-10-04,9.99,17.83,4.45,0.0,16.93,1.67
2007-10-05,10.41,17.53,3.56,0.0,17.82,1.94
2007-10-06,10.65,18.3,4.18,0.0,23.71,1.9
2007-10-07,12.32,19.87,6.89,0.0,21.78,1.76
2007-10-08,12.23,19.84,5.71,0.0,22.4,1.85
2007-10-09,12.91,21.11,6.46,0.0,20.94,1.7
2007-10-10,12.73,20.55,6.4,0.0,21.49,1.93
2007-10-11,12.8,20.44,7.19,0.0,23.23,1.79
2007-10-12,13.62,20.65,9.48,0.0,19.87,1.28
2007-10-13,15.62,23.67,10.6,0.0,12.25,1.6
2007-10-14,16.49,25.06,10.7,0.0,13.4,1.81
2007-10-15,16.52,25.58,9.99,0.0,14.9,1.8
2007-10-16,16.62,25.52,9.63,0.0,14.68,1.74
2007-10-17,16.21,24.98,9.92,0.0,15.61,1.71
2007-10-18,17.54,25.8,11.5,0.0,13.01,1.59
2007-10-19,9.6,14.01,4.29,5.46,63.48,1.53
2007-10-20,7.66,13.5,4.05,0.0,48.52,1.47
2007-10-21,9.5,17.03,4.29,0.0,40.23,1.85
2007-10-22,11.87,19.49,5.99,0.0,32.47,1.6
2007-10-23,12.04,18.01,7.57,0.0,30.99,1.58
2007-10-24,10.25,14.4,7.33,0.0,35.15,1.1
2007-10-25,8.81,15.48,4.52,0.0,45.03,1.62
2007-10-26,8.42,15.03,3.69,0.0,42.83,1.63
2007-10-27,8.12,14.43,4.18,0.0,35.25,1.29
2007-10-28,9.86,17.09,5.82,0.0,19.6,1.35
2007-10-29,8.0,15.94,2.17,0.0,24.69,1.69
2007-10-30,10.25,17.93,6.28,0.0,20.36,1.29
2007-10-31,11.95,20.26,5.83,0.0,17.64,1.63
2007-11-01,12.9,21.24,7.83,0.0,15.55,1.46
2007-11-02,13.54,21.28,8.8,0.0,15.45,1.48
2007-11-03,12.41,19.0,7.09,0.0,18.89,1.59
2007-11-04,15.35,24.63,10.56,0.0,14.45,1.98
2007-11-05,8.43,13.7,4.54,0.0,46.32,1.24
2007-11-06,11.96,18.93,7.3,0.0,32.55,1.02
2007-11-07,13.93,21.09,9.65,0.0,25.77,1.25
2007-11-08,11.86,19.72,5.93,1.39,41.37,2.08
2007-11-09,7.62,12.61,5.48,1.31,73.46,1.16
2007-11-10,12.21,19.81,6.12,0.0,49.28,1.47
2007-11-11,9.31,12.56,6.75,0.0,50.86,1.55
2007-11-12,11.39,18.29,6.86,0.0,44.24,1.07
2007-11-13,11.83,17.68,5.13,0.07,37.78,1.99
2007-11-14,6.0,11.94,2.77,0.1,51.89,1.66
2007-11-15,7.22,15.15,2.52,0.0,35.67,1.46
2007-11-16,7.12,12.87,3.37,0.0,31.58,1.07
2007-11-17,7.45,15.29,2.53,0.0,25.78,1.31
2007-11-18,8.7,17.67,3.35,0.0,18.65,1.57
2007-11-19,10.26,17.55,4.9,0.01,17.32,1.82
2007-11-20,8.26,13.28,3.97,0.76,45.22,1.33
2007-11-21,11.17,15.81,6.72,0.46,49.08,1.66
2007-11-22,12.99,16.39,9.2,3.94,57.38,1.81
2007-11-23,6.92,9.29,2.92,8.84,90.27,1.47
2007-11-24,4.22,7.88,1.46,0.01,79.95,0.74
2007-11-25,7.43,13.11,3.69,0.03,75.81,0.91
2007-11-26,8.23,13.37,5.29,1.53,79.87,0.94
2007-11-27,7.27,11.18,4.74,5.41,82.63,0.95
2007-11-28,5.52,10.82,2.74,0.93,79.16,1.12
2007-11-29,8.75,15.97,4.75,0.0,50.32,1.35
2007-11-30,4.16,8.55,-2.64,6.29,69.4,2.59
2007-12-01,-2.95,1.59,-5.89,4.54,78.54,2.09
2007-12-02,0.21,6.34,-4.83,0.0,64.16,1.16
2007-12-03,7.61,14.3,-0.25,0.0,43.16,1.6
2007-12-04,7.77,11.22,4.51,0.01,56.23,1.42
2007-12-05,5.0,8.75,2.82,1.4,84.69,0.76
2007-12-06,2.91,7.61,0.33,0.0,85.15,0.77
2007-12-07,1.31,6.5,-2.04,0.06,74.15,0.98
2007-12-08,5.21,11.67,0.32,0.01,45.06,1.32
2007-12-09,3.27,5.17,0.97,13.95,81.99,2.5
2007-12-10,0.24,1.77,-1.02,6.03,91.06,1.63
2007-12-11,-0.45,3.08,-2.52,1.09,83.92,1.12
2007-12-12,0.38,5.92,-2.47,0.0,74.11,1.32
2007-12-13,-1.56,3.36,-4.05,0.0,72.26,0.88
2007-12-14,-0.37,5.35,-2.91,0.0,53.41,0.95
2007-12-15,1.84,9.51,-2.99,0.0,51.63,1.55
2007-12-16,4.29,10.99,0.89,0.2,62.59,2.2
2007-12-17,2.49,5.46,-0.07,8.06,85.79,1.75
2007-12-18,2.27,7.02,0.07,2.59,70.69,1.18
2007-12-19,-1.01,2.26,-3.4,8.63,88.75,1.45
2007-12-20,1.46,5.82,-2.56,0.7,70.37,1.34
2007-12-21,-2.47,1.33,-7.19,11.04,88.62,2.45
2007-12-22,-0.61,3.62,-5.52,1.0,74.43,1.17
2007-12-23,-2.61,-0.51,-4.35,6.68,95.93,1.81
2007-12-24,-3.94,-1.49,-8.42,7.9,94.37,3.1
2007-12-25,-8.66,-4.56,-14.09,2.07,86.61,1.56
2007-12-26,-14.65,-8.91,-17.81,0.16,78.97,1.2
2007-12-27,-12.55,-6.0,-16.61,0.0,58.46,1.11
2007-12-28,-14.21,-8.04,-17.48,0.01,78.62,0.76
2007-12-29,-11.94,-6.26,-15.76,0.0,73.08,0.72
2007-12-30,-9.41,-3.35,-13.43,0.0,66.68,0.7
2007-12-31,-4.96,0.42,-8.89,0.0,49.96,0.86
2008-01-01,-4.23,0.9,-9.01,0.0,54.04,0.88
2008-01-02,-2.19,0.6,-3.74,0.01,60.86,0.87
2008-01-03,-0.54,3.09,-3.48,3.93,67.95,0.88
2008-01-04,-3.1,-0.82,-6.9,5.89,93.34,1.29
2008-01-05,-5.28,-2.85,-6.71,1.81,88.74,0.7
2008-01-06,-4.75,-1.13,-7.12,0.2,85.72,1.22
2008-01-07,-5.54,-2.07,-8.05,0.74,88.48,1.21
2008-01-08,-13.81,-9.33,-18.27,7.09,97.69,1.6
2008-01-09,-12.3,-7.09,-18.13,0.0,81.71,0.74
2008-01-10,-9.93,-6.95,-12.48,0.0,78.11,0.91
2008-01-11,-9.62,-4.49,-13.95,0.0,84.79,0.79
2008-01-12,-8.44,-3.64,-11.96,0.77,77.2,0.91
2008-01-13,-13.41,-10.28,-16.96,5.31,94.99,0.99
2008-01-14,-14.73,-8.05,-18.5,0.03,76.78,1.01
2008-01-15,-12.67,-5.57,-18.38,0.01,71.58,1.71
2008-01-16,-11.91,-7.98,-14.01,0.63,94.92,1.47
2008-01-17,-10.45,-6.5,-13.45,0.13,89.48,1.15
2008-01-18,-10.07,-5.9,-13.23,0.16,86.74,1.04
2008-01-19,-11.93,-9.52,-13.54,0.71,98.0,1.32
2008-01-20,-12.97,-9.27,-16.48,0.84,92.78,1.01
2008-01-21,-14.89,-9.9,-17.34,0.0,89.92,0.91
2008-01-22,-15.72,-11.09,-18.51,0.0,90.73,0.87
2008-01-23,-16.1,-10.13,-19.61,0.0,91.51,0.99
2008-01-24,-13.45,-7.22,-17.23,0.0,76.41,1.07
2008-01-25,-12.78,-7.25,-16.76,0.0,86.05,1.06
2008-01-26,-10.16,-3.31,-15.09,0.0,74.62,1.23
2008-01-27,-7.03,-0.85,-14.11,0.0,57.66,1.19
2008-01-28,-5.02,-1.13,-8.5,0.01,72.7,1.16
2008-01-29,-3.25,-0.59,-5.92,0.17,92.18,0.79
2008-01-30,-3.08,2.9,-6.4,0.0,77.12,1.23
2008-01-31,0.64,6.57,-6.41,0.0,47.69,1.3
2008-02-01,2.58,4.76,0.8,0.0,46.44,0.93
2008-02-02,-0.79,4.0,-4.73,0.0,66.09,1.18
2008-02-03,-5.92,-4.76,-7.19,0.79,88.16,1.7
2008-02-04,-7.45,-5.05,-9.46,0.6,86.68,1.6
2008-02-05,-8.96,-6.84,-10.24,0.62,83.64,1.4
2008-02-06,-8.66,-5.77,-10.45,0.61,80.55,1.26
2008-02-07,-7.39,-2.7,-10.16,0.0,77.2,1.28
2008-02-08,-6.74,-2.79,-9.49,0.01,76.05,1.33
2008-02-09,-9.38,-6.91,-12.53,0.49,83.62,1.56
2008-02-10,-11.2,-5.68,-14.14,0.23,76.14,1.2
2008-02-11,-9.38,-2.82,-14.96,0.0,60.67,1.42
2008-02-12,-4.3,2.63,-10.99,0.0,50.3,1.07
2008-02-13,0.14,4.33,-2.86,2.96,69.32,1.53
2008-02-14,-4.56,-2.34,-6.99,12.48,91.1,1.13
2008-02-15,-1.55,1.92,-5.78,2.29,84.67,0.92
2008-02-16,1.57,7.75,-2.66,0.0,74.06,1.5
2008-02-17,1.44,4.62,-1.08,0.75,86.45,2.07
2008-02-18,2.92,9.05,-3.0,0.29,61.72,1.36
2008-02-19,7.1,13.95,2.18,0.01,52.79,1.75
2008-02-20,7.82,13.61,3.82,5.3,73.52,3.71
2008-02-21,-1.04,3.34,-4.76,15.57,90.04,2.45
2008-02-22,-3.48,-0.54,-6.91,2.32,82.79,2.76
2008-02-23,-1.64,3.18,-5.77,0.69,77.89,1.88
2008-02-24,-0.46,6.13,-5.03,0.0,57.93,1.3
2008-02-25,2.63,9.0,-2.17,0.0,49.66,1.79
2008-02-26,4.34,10.12,1.05,0.18,63.46,2.73
2008-02-27,8.61,16.92,3.91,1.33,64.32,2.26
2008-02-28,5.24,10.4,2.6,1.11,90.59,1.31
2008-02-29,8.57,15.8,3.66,0.0,64.4,1.37
2008-03-01,6.48,11.82,2.64,0.06,84.04,1.3
2008-03-02,7.87,11.88,4.66,0.32,77.87,1.32
2008-03-03,10.57,16.94,5.29,0.13,61.06,1.2
2008-03-04,11.87,19.78,4.53,0.0,52.99,1.51
2008-03-05,9.12,15.71,2.31,11.56,73.15,2.71
2008-03-06,5.21,11.54,1.85,1.69,81.12,2.1
2008-03-07,6.84,13.05,0.4,0.0,75.42,1.59
2008-03-08,10.43,16.89,5.01,0.0,63.69,1.75
2008-03-09,6.8,12.14,2.23,0.0,64.87,1.56
2008-03-10,8.33,15.11,4.39,0.0,48.42,1.31
2008-03-11,11.74,20.24,5.41,0.0,50.88,2.06
2008-03-12,13.68,20.25,8.89,0.0,54.4,3.0
2008-03-13,13.17,18.64,8.65,0.42,67.43,1.08
2008-03-14,17.14,24.58,10.05,0.0,56.82,1.97
2008-03-15,17.6,27.06,9.4,1.42,59.12,3.24
2008-03-16,13.69,23.17,7.02,0.48,57.4,4.12
2008-03-17,8.16,14.9,3.83,4.39,69.38,2.75
2008-03-18,6.73,12.63,2.45,1.01,71.47,1.9
2008-03-19,10.07,18.32,2.47,0.0,49.34,1.36
2008-03-20,13.45,20.97,7.41,0.0,46.43,1.54
2008-03-21,15.93,24.0,8.28,0.0,43.96,1.94
2008-03-22,17.09,24.74,10.13,0.0,44.62,1.61
2008-03-23,16.22,23.63,11.11,0.0,49.72,2.97
2008-03-24,15.03,21.19,10.79,0.0,56.08,1.79
2008-03-25,16.32,23.23,10.9,0.0,57.05,1.72
2008-03-26,16.86,23.5,12.64,0.0,57.88,1.35
2008-03-27,17.68,24.89,12.26,0.0,55.32,2.08
2008-03-28,19.04,25.14,14.6,0.0,45.74,1.65
2008-03-29,14.62,21.78,8.37,0.0,50.01,1.99
2008-03-30,14.29,22.2,7.11,0.0,51.08,1.59
2008-03-31,15.23,22.99,8.74,0.0,48.96,1.86
2008-04-01,14.64,21.83,8.87,0.0,48.95,1.92
2008-04-02,14.62,21.81,9.79,0.0,43.33,1.58
2008-04-03,16.41,25.63,8.33,0.0,34.02,1.47
2008-04-04,13.86,18.55,9.67,0.01,49.87,2.72
2008-04-05,13.48,20.09,8.72,0.0,60.2,1.88
2008-04-06,12.59,17.49,8.97,1.07,62.35,1.17
2008-04-07,9.7,11.78,8.32,7.86,88.26,2.28
2008-04-08,11.57,17.51,7.03,0.07,70.1,1.27
2008-04-09,13.27,21.08,6.05,0.0,53.31,1.73
2008-04-10,15.64,22.77,8.61,0.08,55.95,1.51
2008-04-11,14.94,19.42,11.19,1.68,65.07,2.3
2008-04-12,15.32,20.75,9.77,1.72,61.71,1.19
2008-04-13,15.03,23.15,10.35,1.43,67.69,2.06
2008-04-14,13.11,17.73,9.16,6.05,69.61,2.08
2008-04-15,14.08,19.16,8.69,2.65,59.57,1.31
2008-04-16,13.17,19.01,7.74,2.21,63.97,2.51
2008-04-17,7.47,13.6,0.66,2.32,60.4,2.57
2008-04-18,8.65,18.33,0.24,0.0,40.34,1.82
2008-04-19,13.56,22.57,4.74,0.0,35.95,1.57
2008-04-20,17.98,27.19,9.78,0.0,38.5,2.03
2008-04-21,20.71,28.73,13.48,0.03,42.65,1.5
2008-04-22,16.4,24.1,10.12,5.73,69.09,1.83
2008-04-23,15.89,21.37,9.89,2.17,61.08,1.56
2008-04-24,16.41,21.76,10.71,2.52,54.44,1.59
2008-04-25,17.52,26.49,8.43,0.0,47.78,1.52
2008-04-26,20.55,28.77,12.46,0.0,41.63,1.78
2008-04-27,22.43,31.0,15.23,0.0,40.8,1.54
2008-04-28,21.1,28.72,15.77,0.0,43.02,2.27
2008-04-29,22.52,31.8,14.13,0.0,41.19,1.94
2008-04-30,21.44,29.3,14.06,0.0,47.86,2.43
2008-05-01,18.05,25.39,11.23,0.0,40.33,2.35
2008-05-02,20.16,27.63,11.45,0.0,28.87,1.21
2008-05-03,23.25,30.71,16.31,0.13,30.74,1.57
2008-05-04,18.72,25.09,13.88,2.16,53.07,2.01
2008-05-05,18.77,25.45,12.9,0.79,52.2,2.5
2008-05-06,19.36,27.17,11.56,0.05,43.62,1.66
2008-05-07,22.69,31.79,13.11,0.0,35.17,1.86
2008-05-08,25.47,33.78,19.27,0.0,31.74,1.99
2008-05-09,21.04,27.99,15.82,0.12,56.76,2.14
2008-05-10,22.93,30.58,15.14,0.07,49.95,1.58
2008-05-11,25.2,33.56,16.7,0.0,35.74,2.34
2008-05-12,22.93,30.52,16.12,0.0,46.7,2.49
2008-05-13,24.7,32.33,18.65,0.0,44.05,1.88
2008-05-14,23.44,30.4,17.56,0.0,43.02,1.79
2008-05-15,24.97,33.18,17.13,0.06,34.43,2.05
2008-05-16,18.74,23.97,13.86,2.03,63.14,2.17
2008-05-17,20.97,30.02,11.88,0.0,40.35,1.8
2008-05-18,23.66,31.12,16.29,0.0,28.92,1.86
2008-05-19,23.87,32.15,15.69,0.0,30.18,2.08
2008-05-20,25.73,34.7,16.95,0.0,30.97,2.04
2008-05-21,26.81,34.41,19.92,0.01,34.37,1.67
2008-05-22,23.93,29.98,19.13,0.1,45.75,2.54
2008-05-23,20.75,25.33,16.92,10.2,54.21,1.88
2008-05-24,20.96,26.33,15.45,1.5,56.2,1.82
2008-05-25,22.31,27.13,15.93,0.34,52.49,1.62
2008-05-26,21.13,25.48,16.82,5.84,59.69,1.98
2008-05-27,23.29,29.82,15.66,0.14,52.75,1.41
2008-05-28,24.82,31.56,17.76,0.0,47.43,1.57
2008-05-29,27.28,35.88,18.48,0.0,38.67,1.53
2008-05-30,29.5,37.54,19.9,0.0,32.01,1.83
2008-05-31,30.11,36.95,23.71,0.01,28.65,2.16
2008-06-01,26.46,33.66,19.4,0.12,40.1,2.68
2008-06-02,25.84,33.27,18.85,0.0,33.12,2.64
2008-06-03,27.55,35.98,17.91,0.0,27.19,1.59
2008-06-04,30.11,37.56,22.03,0.0,21.58,1.35
2008-06-05,29.29,38.74,20.8,0.0,22.6,2.33
2008-06-06,27.1,34.49,20.21,0.0,27.61,2.54
2008-06-07,27.06,34.42,20.5,0.0,21.37,2.1
2008-06-08,27.5,36.17,18.86,0.0,15.84,2.31
2008-06-09,30.39,39.65,20.83,0.0,17.17,2.64
2008-06-10,26.08,32.92,18.6,0.0,25.11,3.01
2008-06-11,25.92,34.39,17.54,0.0,17.63,2.04
2008-06-12,28.01,36.65,19.65,0.0,14.36,2.24
2008-06-13,30.39,39.84,19.73,0.0,12.27,2.2
2008-06-14,32.09,40.77,22.49,0.0,11.73,2.73
2008-06-15,31.06,37.39,24.33,0.0,15.07,2.46
2008-06-16,29.49,37.67,21.04,0.0,13.4,2.62
2008-06-17,30.19,37.1,23.06,0.0,15.02,2.06
2008-06-18,29.95,37.64,21.78,0.0,16.39,2.39
2008-06-19,29.39,36.51,21.61,0.0,13.48,2.23
2008-06-20,28.58,36.77,18.94,0.0,12.38,2.18
2008-06-21,29.71,36.32,23.88,0.0,14.74,2.17
2008-06-22,30.45,38.21,21.68,0.06,18.83,2.22
2008-06-23,30.57,37.66,24.71,0.64,23.55,2.14
2008-06-24,30.06,35.55,24.11,0.1,24.35,1.76
2008-06-25,28.07,32.59,22.51,0.0,28.58,2.7
2008-06-26,26.89,34.28,19.79,0.0,22.3,3.08
2008-06-27,27.58,34.67,19.79,0.0,21.97,2.43
2008-06-28,24.51,30.79,18.62,0.0,27.27,2.75
2008-06-29,23.05,29.78,16.76,0.0,23.06,2.89
2008-06-30,23.75,31.86,15.28,0.0,16.0,3.04
2008-07-01,26.84,35.81,17.28,0.0,11.33,1.75
2008-07-02,27.62,33.74,22.58,0.0,18.52,1.62
2008-07-03,27.01,34.73,19.36,0.0,25.23,2.92
2008-07-04,28.34,36.4,19.97,0.0,19.82,2.13
2008-07-05,29.71,38.08,21.74,0.0,19.2,2.28
2008-07-06,30.28,37.9,23.48,0.0,20.21,2.82
2008-07-07,27.83,35.02,20.44,0.0,23.89,2.77
2008-07-08,29.22,36.24,22.08,0.0,21.5,1.89
2008-07-09,29.61,37.18,21.45,0.0,19.44,2.36
2008-07-10,30.17,38.95,20.18,0.0,15.32,2.23
2008-07-11,31.86,39.63,22.58,0.0,11.32,2.27
2008-07-12,31.56,40.4,22.6,0.0,11.18,2.43
2008-07-13,31.66,38.72,24.31,0.0,16.08,2.46
2008-07-14,31.39,39.45,23.7,0.0,19.81,3.28
2008-07-15,29.59,36.69,22.11,0.0,26.7,2.93
2008-07-16,27.02,33.75,20.07,0.0,27.36,2.13
2008-07-17,28.13,32.53,23.19,0.0,24.56,1.03
2008-07-18,29.97,36.97,22.72,0.06,27.53,2.36
2008-07-19,31.13,37.88,24.41,0.09,26.91,2.55
2008-07-20,30.86,37.42,25.07,0.19,23.97,2.36
2008-07-21,28.22,34.02,22.03,0.46,25.73,2.59
2008-07-22,27.54,34.05,21.56,0.0,27.95,2.11
2008-07-23,28.29,34.29,22.45,0.3,31.55,1.96
2008-07-24,28.21,34.17,22.76,0.73,31.5,2.15
2008-07-25,29.3,35.56,23.22,0.0,25.52,1.95
2008-07-26,28.93,35.73,21.99,0.14,23.47,2.13
2008-07-27,30.07,37.28,21.51,0.0,17.3,2.0
2008-07-28,31.4,39.07,23.88,0.0,14.93,1.5
2008-07-29,32.55,40.86,23.11,0.0,14.78,2.11
2008-07-30,33.63,41.98,24.39,0.0,14.48,2.2
2008-07-31,35.07,43.87,25.93,0.0,12.54,2.7
2008-08-01,35.89,45.37,26.62,0.0,12.17,2.9
2008-08-02,35.64,44.24,26.79,0.0,13.47,2.71
2008-08-03,31.81,40.37,22.94,0.0,17.53,3.51
2008-08-04,26.14,33.58,19.2,0.0,21.65,3.27
2008-08-05,28.14,37.47,18.28,0.0,16.25,2.0
2008-08-06,29.98,38.35,20.52,0.0,11.32,2.21
2008-08-07,29.28,37.04,21.18,0.0,12.48,2.27
2008-08-08,31.05,38.89,23.98,0.0,13.82,2.66
2008-08-09,31.53,40.39,23.07,0.0,16.85,3.33
2008-08-10,23.98,29.98,17.27,0.0,21.78,3.87
2008-08-11,24.25,33.41,15.01,0.0,16.59,1.77
2008-08-12,26.88,35.51,18.7,0.0,11.79,2.19
2008-08-13,28.05,36.83,18.99,0.0,13.29,2.27
2008-08-14,28.84,36.96,19.83,0.0,14.8,2.11
2008-08-15,29.02,37.6,20.98,0.0,15.65,2.25
2008-08-16,28.11,35.17,21.17,0.11,23.15,1.67
2008-08-17,27.45,34.47,21.52,0.0,24.55,2.29
2008-08-18,27.14,34.28,20.41,0.0,19.95,3.46
2008-08-19,26.28,35.23,16.9,0.0,18.75,2.3
2008-08-20,28.19,35.91,19.51,0.0,14.63,2.21
2008-08-21,28.36,36.55,20.55,0.0,14.0,2.43
2008-08-22,28.98,37.02,20.68,0.0,14.06,2.09
2008-08-23,29.26,37.91,21.01,0.0,14.74,2.01
2008-08-24,29.68,37.19,23.26,0.0,17.76,2.12
2008-08-25,29.13,36.57,22.23,0.0,19.81,2.04
2008-08-26,29.63,36.93,23.07,0.0,20.94,2.72
2008-08-27,28.13,35.73,21.05,0.0,19.25,1.9
2008-08-28,26.99,34.67,20.37,0.0,15.07,2.19
2008-08-29,25.88,32.81,19.44,0.0,16.58,2.14
2008-08-30,26.36,33.23,20.36,0.0,21.05,2.23
2008-08-31,26.37,34.17,19.41,0.0,19.38,2.04
2008-09-01,27.54,35.02,22.1,0.0,16.39,2.11
2008-09-02,26.97,34.6,21.17,0.0,17.78,2.58
2008-09-03,22.88,29.42,16.07,0.0,25.4,2.97
2008-09-04,22.19,29.93,15.24,0.0,17.7,2.09
2008-09-05,20.68,27.79,14.78,0.0,18.17,2.65
2008-09-06,17.34,24.42,10.92,0.0,22.64,2.77
2008-09-07,18.77,27.48,11.01,0.0,16.92,1.88
2008-09-08,20.9,28.72,12.3,0.0,14.88,1.87
2008-09-09,22.0,29.42,14.35,0.0,14.42,1.72
2008-09-10,24.0,32.09,16.08,0.0,15.18,2.05
2008-09-11,25.54,33.44,19.21,0.0,16.63,2.03
2008-09-12,26.06,33.37,20.3,0.0,17.39,1.94
2008-09-13,26.29,34.42,20.22,0.0,18.14,1.62
2008-09-14,24.83,32.42,19.31,0.0,24.14,2.57
2008-09-15,25.47,33.81,18.8,0.0,21.1,1.81
2008-09-16,25.86,32.25,21.21,0.0,16.58,1.88
2008-09-17,21.68,27.03,15.58,0.0,25.43,2.0
2008-09-18,17.71,24.32,12.46,0.0,29.9,1.82
2008-09-19,14.78,20.76,9.56,0.0,35.04,1.93
2008-09-20,14.94,22.49,9.41,0.0,29.02,1.66
2008-09-21,15.46,22.24,9.98,0.0,20.05,1.71
2008-09-22,14.26,21.65,8.86,0.0,17.68,1.58
2008-09-23,15.36,23.21,9.14,0.0,12.35,1.58
2008-09-24,15.79,23.3,10.46,0.0,14.94,1.7
2008-09-25,16.43,23.85,10.54,0.0,12.7,1.66
2008-09-26,17.71,23.25,13.91,0.01,28.95,1.32
2008-09-27,18.58,23.72,14.02,2.44,44.77,1.17
2008-09-28,19.81,27.01,12.85,0.0,35.23,1.74
2008-09-29,21.25,30.0,16.49,0.58,41.48,2.63
2008-09-30,16.88,23.21,11.34,10.52,59.45,2.65
2008-10-01,13.83,20.68,8.98,3.5,55.14,1.21
2008-10-02,18.64,26.67,12.05,0.0,32.24,1.43
2008-10-03,20.07,26.97,15.12,0.0,40.98,1.58
2008-10-04,16.54,22.39,12.4,0.0,54.48,1.53
2008-10-05,16.15,22.85,12.14,0.0,48.73,1.68
2008-10-06,17.11,24.2,12.18,0.0,40.83,1.31
2008-10-07,17.25,24.31,12.2,0.0,38.41,1.8
2008-10-08,18.44,25.64,14.01,0.0,40.04,1.53
2008-10-09,19.05,26.2,12.76,0.0,39.69,1.91
2008-10-10,19.02,25.48,13.64,0.92,36.34,1.88
2008-10-11,13.73,18.08,8.14,3.71,58.22,3.1
2008-10-12,12.21,18.47,7.37,0.0,43.4,1.38
2008-10-13,8.85,13.8,4.82,3.93,67.26,1.86
2008-10-14,10.86,16.57,5.38,0.0,51.62,1.77
2008-10-15,12.41,17.82,8.58,0.04,53.03,1.96
2008-10-16,14.03,21.79,8.18,0.0,50.28,1.69
2008-10-17,16.25,24.26,10.59,0.0,36.56,1.5
2008-10-18,16.54,20.05,13.28,0.06,45.89,2.93
2008-10-19,13.05,16.33,8.94,1.37,66.63,2.12
2008-10-20,12.77,19.8,7.65,0.0,53.87,1.38
2008-10-21,14.11,20.35,10.84,0.0,43.74,1.27
2008-10-22,13.64,19.84,9.38,0.0,45.78,1.5
2008-10-23,12.87,20.2,8.06,1.0,49.04,1.76
2008-10-24,7.64,10.68,4.95,3.23,68.26,1.89
2008-10-25,5.96,11.93,2.36,0.58,65.0,1.7
2008-10-26,8.92,17.5,2.5,0.0,38.55,1.45
2008-10-27,9.12,13.23,4.9,1.95,52.94,1.64
2008-10-28,5.89,8.79,3.26,8.55,81.91,1.05
2008-10-29,4.82,9.68,2.14,5.77,80.25,2.02
2008-10-30,3.98,9.02,1.69,0.84,83.63,1.76
2008-10-31,3.47,9.2,0.37,0.01,81.65,1.38
2008-11-01,4.39,10.41,0.33,1.19,80.05,1.55
2008-11-02,4.9,8.33,2.77,3.2,77.12,0.84
2008-11-03,6.42,12.91,2.9,0.0,57.55,1.18
2008-11-04,10.05,17.2,4.31,0.0,44.71,1.56
2008-11-05,10.32,14.18,7.15,0.31,64.17,1.35
2008-11-06,10.48,15.51,6.96,2.18,76.21,1.27
2008-11-07,10.27,13.15,8.52,13.92,88.64,1.13
2008-11-08,7.16,9.58,2.35,26.54,91.6,1.49
2008-11-09,1.71,7.75,-1.48,0.28,71.53,1.34
2008-11-10,0.6,4.04,-2.69,0.08,66.68,0.95
2008-11-11,-0.85,4.88,-3.92,0.0,61.59,1.22
2008-11-12,-0.28,5.37,-3.9,0.0,58.28,1.25
2008-11-13,-1.32,4.07,-4.21,0.0,67.29,1.4
2008-11-14,-1.28,2.8,-3.44,0.0,73.27,1.09
2008-11-15,0.12,4.83,-2.63,0.0,75.46,1.4
2008-11-16,0.36,4.99,-2.22,0.0,78.03,1.01
2008-11-17,1.63,5.72,-0.35,0.0,69.88,1.25
2008-11-18,2.97,9.13,-0.68,0.0,64.16,1.07
2008-11-19,3.88,8.28,1.16,0.0,60.47,0.9
2008-11-20,4.56,10.9,0.52,0.0,56.02,1.62
2008-11-21,7.43,14.81,1.99,0.0,49.1,1.65
2008-11-22,6.87,9.14,5.67,1.58,80.36,1.35
2008-11-23,10.63,16.96,6.42,0.64,65.03,1.27
2008-11-24,11.23,20.09,6.35,0.0,57.47,1.65
2008-11-25,11.07,18.08,7.05,0.0,56.15,1.43
2008-11-26,10.41,18.92,6.07,0.0,53.27,1.76
2008-11-27,10.94,18.73,5.39,0.0,46.54,1.41
2008-11-28,11.99,19.25,7.97,0.0,44.99,1.67
2008-11-29,11.33,16.9,5.88,0.0,51.81,0.88
2008-11-30,10.92,17.07,6.9,0.0,53.46,1.34
2008-12-01,9.53,13.89,6.13,0.0,55.04,1.1
2008-12-02,8.9,14.65,5.94,0.0,60.44,1.1
2008-12-03,9.35,14.31,6.79,0.0,56.94,0.99
2008-12-04,7.18,11.56,4.15,0.0,61.3,0.98
2008-12-05,4.39,9.52,1.19,0.0,68.28,1.05
2008-12-06,4.73,10.84,1.15,0.0,61.05,0.91
2008-12-07,6.77,12.59,3.03,0.0,52.73,1.09
2008-12-08,3.98,7.0,1.48,0.0,63.83,0.88
2008-12-09,3.61,7.39,0.49,0.02,68.64,0.9
2008-12-10,6.66,13.15,4.2,0.0,64.69,1.32
2008-12-11,6.74,13.34,3.62,0.0,58.66,1.29
2008-12-12,6.07,11.84,3.1,0.0,54.46,1.36
2008-12-13,6.77,14.58,1.93,0.58,56.21,1.38
2008-12-14,1.28,3.37,-1.11,5.26,88.4,1.79
2008-12-15,4.18,7.76,0.62,0.75,62.58,1.12
2008-12-16,2.08,5.1,-0.39,3.97,82.87,0.81
2008-12-17,-1.7,-0.32,-4.1,11.7,93.08,2.68
2008-12-18,-4.06,0.39,-6.56,0.34,89.48,2.37
2008-12-19,-3.13,0.33,-5.29,0.62,88.1,1.14
2008-12-20,-4.15,-1.75,-6.46,2.63,92.65,1.14
2008-12-21,-0.79,5.3,-6.21,0.23,65.92,1.47
2008-12-22,-0.62,1.99,-3.2,5.84,88.06,1.07
2008-12-23,-0.6,3.99,-2.54,2.07,81.35,0.89
2008-12-24,0.19,4.97,-4.65,0.17,66.17,1.08
2008-12-25,3.0,5.69,1.06,5.35,90.91,1.41
2008-12-26,4.23,9.97,1.0,0.31,86.22,1.48
2008-12-27,2.68,5.01,0.19,2.96,81.42,1.34
2008-12-28,-0.22,3.24,-2.11,0.81,85.33,1.03
2008-12-29,-1.85,1.53,-3.72,4.15,89.19,1.03
2008-12-30,-0.47,3.87,-4.72,0.94,74.52,1.06
2008-12-31,1.92,4.07,0.75,0.0,62.61,0.78
2009-01-01,4.5,11.16,0.83,0.0,64.63,1.69
2009-01-02,5.29,8.72,1.78,5.97,76.77,2.83
2009-01-03,-4.16,0.48,-9.66,17.19,90.2,1.88
2009-01-04,-6.82,-0.02,-10.86,0.13,76.91,1.29
2009-01-05,-3.43,2.72,-7.22,0.0,63.66,1.11
2009-01-06,0.34,4.93,-4.71,0.0,45.03,1.2
2009-01-07,2.13,5.83,-0.86,0.0,46.58,1.57
2009-01-08,3.82,8.69,1.41,0.0,47.27,1.25
2009-01-09,4.68,9.7,1.24,0.03,42.41,1.16
2009-01-10,3.05,6.96,0.37,0.32,61.08,1.34
2009-01-11,1.67,6.15,-2.31,0.0,72.12,1.52
2009-01-12,0.71,6.12,-3.35,0.33,80.26,0.95
2009-01-13,-0.11,1.23,-1.48,0.44,85.59,1.35
2009-01-14,-1.42,0.9,-3.03,1.74,86.36,2.91
2009-01-15,0.33,4.37,-2.21,0.37,68.3,1.64
2009-01-16,1.19,6.97,-2.09,0.0,60.51,1.2
2009-01-17,-1.01,3.12,-3.81,0.0,72.58,2.07
2009-01-18,1.61,6.68,-1.61,0.0,60.76,1.06
2009-01-19,2.05,7.6,-2.64,0.0,62.68,1.4
2009-01-20,5.13,11.88,0.21,0.0,50.58,1.53
2009-01-21,5.8,11.06,2.88,0.0,56.66,1.44
2009-01-22,6.72,11.89,3.31,0.0,54.34,1.17
2009-01-23,3.3,8.72,-0.24,0.0,66.71,1.39
2009-01-24,3.06,8.84,-0.36,0.0,60.08,1.21
2009-01-25,4.5,10.06,1.41,0.0,54.95,0.98
2009-01-26,4.31,8.57,1.03,0.0,68.62,0.96
2009-01-27,4.35,8.48,1.97,1.22,82.4,2.08
2009-01-28,3.75,4.59,2.47,6.23,89.5,1.82
2009-01-29,5.79,10.66,2.73,1.08,82.24,1.01
2009-01-30,2.37,4.31,-0.48,4.48,93.77,1.07
2009-01-31,6.05,12.98,-0.18,0.03,59.14,1.48
2009-02-01,6.74,12.23,3.62,2.38,80.38,2.82
2009-02-02,7.57,13.94,3.62,4.51,80.37,1.51
2009-02-03,0.7,4.85,-1.5,17.12,93.71,2.01
2009-02-04,-1.64,0.71,-4.34,4.84,91.93,1.66
2009-02-05,-4.58,-0.19,-7.98,0.63,89.12,1.36
2009-02-06,-1.26,5.39,-6.43,0.0,64.59,1.31
2009-02-07,4.09,9.69,-1.49,0.0,53.86,1.86
2009-02-08,7.37,11.16,2.97,0.01,57.6,1.41
2009-02-09,7.67,12.26,3.71,1.75,64.54,1.4
2009-02-10,3.17,5.77,1.57,11.76,92.65,2.11
2009-02-11,2.69,5.52,0.21,6.2,83.15,1.72
2009-02-12,4.94,9.93,0.9,0.24,67.73,1.17
2009-02-13,5.19,8.89,3.18,1.03,84.09,1.19
2009-02-14,3.04,6.57,1.17,1.21,89.73,1.36
2009-02-15,4.91,9.28,2.14,2.81,74.11,1.08
2009-02-16,6.18,12.1,2.04,0.86,67.61,1.38
2009-02-17,7.33,12.75,2.99,0.11,55.1,0.97
2009-02-18,7.38,14.95,1.2,0.0,55.23,1.55
2009-02-19,8.57,13.98,4.84,0.74,60.74,1.23
2009-02-20,2.69,4.73,0.55,1.83,86.64,2.5
2009-02-21,2.81,7.76,-1.15,0.26,71.04,1.25
2009-02-22,6.21,12.54,0.92,0.0,55.69,1.41
2009-02-23,4.98,7.44,2.57,6.53,87.6,2.43
2009-02-24,2.43,5.77,0.39,7.4,88.11,2.23
2009-02-25,1.51,5.43,-1.53,1.52,79.4,1.44
2009-02-26,2.21,6.29,-1.22,0.86,68.23,1.36
2009-02-27,2.7,8.34,-1.45,0.13,60.3,1.22
2009-02-28,5.8,14.38,-0.43,0.0,43.11,1.57
2009-03-01,6.87,11.92,3.02,3.68,66.0,2.38
2009-03-02,10.04,18.34,3.54,0.0,67.47,2.05
2009-03-03,8.37,10.88,5.51,8.82,80.76,2.8
2009-03-04,7.31,12.67,3.16,6.54,77.53,2.04
2009-03-05,7.32,12.14,3.23,0.53,79.84,1.17
2009-03-06,4.01,6.21,0.85,14.67,92.96,2.02
2009-03-07,2.07,5.09,-0.93,0.88,82.7,1.15
2009-03-08,1.94,6.6,-2.59,0.28,70.89,1.68
2009-03-09,1.28,7.93,-3.7,0.04,58.49,1.88
2009-03-10,7.11,16.46,-0.08,0.0,40.92,1.43
2009-03-11,13.13,23.59,3.77,0.0,42.09,1.42
2009-03-12,12.03,17.66,6.83,0.0,65.19,2.08
2009-03-13,11.57,17.96,7.28,0.0,64.63,1.28
2009-03-14,13.38,19.94,8.12,0.0,51.51,1.26
2009-03-15,14.98,22.43,9.66,0.01,57.57,2.73
2009-03-16,11.7,16.71,8.3,0.26,77.3,1.47
2009-03-17,12.63,18.19,8.56,4.58,78.24,1.46
2009-03-18,4.45,10.89,1.66,33.16,92.33,1.59
2009-03-19,1.65,6.56,-2.99,0.71,71.43,1.22
2009-03-20,6.35,11.76,1.15,0.0,49.62,1.17
2009-03-21,9.49,15.54,5.02,0.0,55.52,1.38
2009-03-22,12.5,17.37,6.84,2.28,70.64,1.4
2009-03-23,10.42,12.84,7.5,7.93,86.52,1.1
2009-03-24,10.23,14.19,7.28,0.1,76.64,0.98
2009-03-25,14.14,21.17,7.39,0.0,61.3,1.45
2009-03-26,10.94,19.29,5.94,2.46,72.28,2.68
2009-03-27,7.48,13.48,3.55,1.79,79.86,1.97
2009-03-28,9.72,16.25,3.96,0.0,67.81,1.22
2009-03-29,10.66,16.28,6.04,0.0,62.48,1.47
2009-03-30,11.08,17.35,6.37,0.0,60.05,1.51
2009-03-31,11.33,18.13,5.97,0.0,54.57,1.47
2009-04-01,14.29,21.8,10.08,0.0,56.89,1.35
2009-04-02,10.2,13.04,6.73,4.01,84.81,2.19
2009-04-03,9.72,14.91,5.73,0.35,76.5,1.91
2009-04-04,12.9,19.67,5.77,0.01,59.09,1.52
2009-04-05,13.21,18.34,10.67,0.31,69.31,1.19
2009-04-06,7.83,9.91,5.63,8.36,92.14,1.28
2009-04-07,5.63,9.88,1.66,7.14,82.91,1.86
2009-04-08,8.0,14.36,2.16,0.0,65.57,1.24
2009-04-09,12.31,18.7,5.16,0.0,58.77,1.5
2009-04-10,12.96,16.24,10.58,6.86,71.17,1.65
2009-04-11,9.94,13.06,6.12,5.6,90.52,1.53
2009-04-12,10.26,17.79,5.25,2.86,80.77,1.46
2009-04-13,9.6,14.81,5.29,1.33,79.45,1.33
2009-04-14,9.27,12.88,5.52,0.2,82.05,1.6
2009-04-15,3.96,7.16,1.37,15.13,90.75,2.09
2009-04-16,7.13,13.17,-0.4,0.01,68.68,1.51
2009-04-17,12.09,18.9,8.28,2.16,61.87,1.79
2009-04-18,15.5,21.53,9.46,1.88,65.34,1.71
2009-04-19,14.47,18.22,11.26,9.24,78.9,1.65
2009-04-20,15.44,20.86,10.52,0.01,69.0,2.21
2009-04-21,8.22,11.59,4.04,9.12,90.88,2.01
2009-04-22,10.09,16.78,3.26,0.0,63.23,1.48
2009-04-23,14.24,19.85,8.14,0.01,56.95,1.73
2009-04-24,15.59,23.14,9.0,0.02,59.65,1.53
2009-04-25,12.5,16.56,7.72,9.9,76.89,2.37
2009-04-26,9.66,13.88,5.75,1.17,77.41,1.17
2009-04-27,10.66,14.13,6.9,7.06,76.5,1.23
2009-04-28,6.47,10.43,2.87,10.0,80.94,1.45
2009-04-29,10.55,17.73,3.06,0.0,53.1,1.71
2009-04-30,15.49,21.77,7.4,0.0,47.26,1.24
2009-05-01,20.18,26.09,14.58,0.41,47.22,1.37
2009-05-02,19.38,23.78,15.03,1.6,72.15,2.4
2009-05-03,16.79,20.26,14.1,7.6,78.18,1.3
2009-05-04,15.02,17.96,11.7,0.02,72.56,1.37
2009-05-05,15.28,20.32,10.02,0.01,66.67,1.63
2009-05-06,15.62,20.74,10.75,0.54,68.51,1.17
2009-05-07,17.86,23.83,10.57,0.0,57.26,1.18
2009-05-08,17.61,21.52,13.18,1.12,70.82,1.01
2009-05-09,15.34,17.97,11.96,18.57,79.63,1.37
2009-05-10,14.87,19.02,11.16,1.27,77.77,1.63
2009-05-11,17.76,22.82,11.9,0.09,61.23,1.29
2009-05-12,18.0,23.69,12.44,0.0,58.43,1.8
2009-05-13,18.93,25.07,11.01,0.0,53.23,1.28
2009-05-14,17.34,23.35,12.7,4.7,69.67,1.62
2009-05-15,16.68,20.85,12.43,2.0,68.13,1.25
2009-05-16,17.97,23.81,12.19,0.0,60.85,1.68
2009-05-17,21.0,27.93,12.32,0.01,53.54,1.49
2009-05-18,19.2,21.97,15.88,0.22,64.65,1.41
2009-05-19,18.04,24.02,12.94,1.86,66.97,1.29
2009-05-20,19.1,24.69,12.43,1.45,59.22,1.57
2009-05-21,15.73,20.39,11.11,1.33,65.19,1.78
2009-05-22,16.08,22.5,8.58,0.0,54.66,1.69
2009-05-23,17.86,24.54,11.76,0.0,50.93,1.81
2009-05-24,18.63,24.35,12.12,0.33,52.77,2.15
2009-05-25,17.85,24.28,11.58,0.0,51.44,1.28
2009-05-26,20.33,25.56,14.68,0.0,44.1,1.41
2009-05-27,21.98,29.01,14.16,0.0,45.35,1.7
2009-05-28,23.16,30.72,14.53,0.0,42.84,1.76
2009-05-29,24.76,32.65,16.36,0.0,44.87,1.97
2009-05-30,23.43,29.47,19.22,0.1,51.03,2.28
2009-05-31,21.54,25.53,17.79,1.29,60.45,1.44
2009-06-01,18.7,22.99,14.66,5.91,70.63,1.56
2009-06-02,15.86,20.53,10.46,13.47,64.54,2.59
2009-06-03,16.05,23.0,8.61,0.0,52.29,1.88
2009-06-04,19.1,25.73,11.4,0.0,49.8,1.65
2009-06-05,19.06,24.34,13.04,0.4,57.08,1.23
2009-06-06,17.54,20.63,15.03,0.7,71.98,1.28
2009-06-07,18.25,21.23,15.09,0.26,72.42,0.97
2009-06-08,22.37,29.89,15.52,0.0,54.33,2.04
2009-06-09,23.06,30.34,15.41,0.0,49.57,1.88
2009-06-10,25.14,31.47,18.36,0.0,39.56,1.8
2009-06-11,25.28,31.77,19.1,0.37,42.11,1.58
2009-06-12,24.38,30.49,18.64,0.24,48.14,2.18
2009-06-13,24.83,31.01,18.99,0.0,45.7,1.99
2009-06-14,24.5,32.04,17.11,0.0,43.65,1.91
2009-06-15,24.27,31.78,17.62,0.0,42.19,1.82
2009-06-16,23.95,30.74,16.56,0.0,38.37,2.48
2009-06-17,21.18,28.87,14.56,0.0,40.67,2.82
2009-06-18,23.35,31.4,14.41,0.0,38.46,2.01
2009-06-19,25.53,32.98,17.18,0.0,35.75,1.98
2009-06-20,27.35,35.07,18.23,0.0,34.73,1.87
2009-06-21,28.42,35.91,20.64,0.0,32.6,1.74
2009-06-22,27.1,33.07,20.78,0.0,32.04,2.0
2009-06-23,26.52,33.1,20.43,1.8,37.78,1.99
2009-06-24,24.1,29.49,18.32,2.0,49.47,1.67
2009-06-25,26.0,33.06,19.48,0.0,37.7,2.06
2009-06-26,25.55,32.91,18.79,0.0,30.29,2.48
2009-06-27,25.56,32.79,18.44,0.0,29.03,2.05
2009-06-28,26.4,35.5,17.83,0.06,31.75,2.7
2009-06-29,19.9,26.5,13.42,0.12,43.97,3.55
2009-06-30,21.99,30.54,12.63,0.0,28.8,1.93
2009-07-01,25.25,32.73,16.08,0.0,23.48,1.79
2009-07-02,24.94,32.52,16.98,0.01,25.03,2.42
2009-07-03,24.29,32.0,17.01,0.15,31.18,2.87
2009-07-04,21.3,27.73,14.31,0.07,39.34,2.08
2009-07-05,23.77,31.72,15.81,0.0,26.32,1.8
2009-07-06,27.96,36.21,20.15,0.0,20.69,1.59
2009-07-07,29.67,36.62,22.52,0.0,19.69,1.77
2009-07-08,29.8,37.89,22.14,0.0,21.18,2.35
2009-07-09,28.02,34.81,20.56,0.97,25.7,2.44
2009-07-10,26.73,35.06,18.42,0.0,19.97,2.02
2009-07-11,27.76,35.7,20.45,0.0,18.81,2.4
2009-07-12,26.17,32.98,18.69,0.0,22.59,2.58
2009-07-13,26.0,33.08,18.88,0.0,21.86,2.11
2009-07-14,26.82,33.69,20.12,0.0,23.34,2.4
2009-07-15,26.6,33.77,18.84,0.0,25.06,2.33
2009-07-16,28.23,35.57,20.7,0.04,25.12,2.77
2009-07-17,26.78,33.52,20.46,0.0,27.33,2.4
2009-07-18,27.91,35.07,21.06,0.0,23.1,2.23
2009-07-19,27.81,35.01,20.57,0.0,21.91,2.4
2009-07-20,29.27,37.17,21.77,0.0,18.7,1.71
2009-07-21,30.76,38.85,22.39,0.0,19.19,1.86
2009-07-22,30.37,39.21,22.36,0.0,21.3,2.48
2009-07-23,28.87,37.13,21.29,0.0,19.31,2.27
2009-07-24,29.62,38.49,20.71,0.0,13.83,2.11
2009-07-25,30.02,38.69,20.86,0.0,14.15,2.25
2009-07-26,30.61,38.44,23.4,0.0,17.56,2.88
2009-07-27,30.45,37.94,23.66,0.0,21.18,2.96
2009-07-28,28.84,35.86,22.65,0.0,22.22,2.34
2009-07-29,28.79,35.51,22.27,0.02,23.14,2.14
2009-07-30,29.37,36.37,22.78,0.0,20.37,1.94
2009-07-31,30.4,38.09,22.55,0.01,19.29,2.12
2009-08-01,26.45,32.55,21.15,1.03,36.11,2.6
2009-08-02,28.57,35.3,22.11,0.09,27.45,1.81
2009-08-03,28.84,34.39,23.29,1.16,32.21,2.39
2009-08-04,27.04,33.62,21.08,0.01,28.05,2.46
2009-08-05,26.9,33.46,20.79,0.01,24.05,2.58
2009-08-06,26.85,34.48,18.64,0.0,23.5,1.68
2009-08-07,28.29,35.63,21.93,0.0,18.52,1.89
2009-08-08,29.88,38.15,22.25,0.0,17.42,2.87
2009-08-09,29.74,37.18,22.25,0.0,19.45,2.65
2009-08-10,32.38,39.81,24.44,0.08,18.16,2.3
2009-08-11,28.2,34.05,21.63,0.48,28.82,2.98
2009-08-12,27.28,35.18,19.71,0.0,14.72,2.31
2009-08-13,28.95,36.67,20.95,0.0,11.4,2.05
2009-08-14,28.96,37.26,19.9,0.0,15.28,2.15
2009-08-15,27.83,35.67,20.36,0.0,17.08,2.25
2009-08-16,26.07,34.24,18.43,0.0,19.54,2.17
2009-08-17,27.93,35.82,19.78,0.0,19.84,2.17
2009-08-18,27.32,35.08,19.36,0.0,18.08,2.62
2009-08-19,24.18,29.79,18.14,0.0,26.6,2.85
2009-08-20,21.89,28.28,16.09,0.0,28.43,2.16
2009-08-21,23.88,31.27,16.22,0.0,24.35,1.7
2009-08-22,25.31,32.38,18.76,0.0,20.1,1.99
2009-08-23,25.93,33.21,19.67,0.0,19.67,1.66
2009-08-24,27.71,35.23,19.37,0.0,19.37,1.9
2009-08-25,20.6,25.19,15.82,5.65,54.06,2.23
2009-08-26,21.75,28.69,15.61,0.0,33.61,1.64
2009-08-27,23.17,29.88,17.01,0.0,25.29,1.86
2009-08-28,26.1,33.62,19.07,0.0,26.28,1.67
2009-08-29,23.9,29.71,18.47,0.01,33.87,2.31
2009-08-30,23.01,29.81,17.77,0.0,29.79,2.32
2009-08-31,23.67,30.93,17.72,0.0,28.05,1.87
2009-09-01,23.44,29.84,18.08,0.0,26.79,2.18
2009-09-02,22.02,29.05,15.67,0.0,35.29,2.35
2009-09-03,20.9,27.03,15.49,0.0,34.32,2.0
2009-09-04,18.9,25.48,13.19,0.0,28.93,2.5
2009-09-05,17.36,23.14,11.3,0.0,30.76,2.56
2009-09-06,15.89,23.16,9.64,0.0,34.08,2.05
2009-09-07,17.2,25.21,10.78,0.0,29.07,1.41
2009-09-08,18.15,24.58,13.13,0.0,25.63,1.94
2009-09-09,16.52,21.49,12.41,0.0,36.23,1.67
2009-09-10,16.94,24.15,10.64,0.0,31.68,1.88
2009-09-11,19.58,27.94,12.86,0.0,16.06,1.65
2009-09-12,20.29,28.59,12.8,0.0,16.25,2.06
2009-09-13,22.43,29.92,15.61,0.0,17.66,1.81
2009-09-14,24.36,31.95,19.16,0.0,19.07,1.64
2009-09-15,24.7,32.23,18.8,0.03,22.89,2.26
2009-09-16,21.41,26.5,17.2,0.06,36.16,2.83
2009-09-17,21.81,28.17,16.9,0.12,39.93,1.65
2009-09-18,24.77,32.52,18.24,0.0,29.74,1.69
2009-09-19,24.43,30.41,20.47,0.91,33.97,2.0
2009-09-20,25.23,31.96,20.22,0.01,34.3,2.45
2009-09-21,24.48,31.26,17.92,3.19,44.68,1.83
2009-09-22,19.25,23.99,14.8,4.47,65.8,2.34
2009-09-23,18.22,25.13,13.31,0.0,48.07,1.7
2009-09-24,21.13,28.61,15.72,0.0,37.21,1.75
2009-09-25,21.49,29.13,16.39,2.79,45.13,2.06
2009-09-26,17.65,22.72,13.46,3.88,68.69,1.4
2009-09-27,18.44,25.31,13.47,0.0,51.71,1.61
2009-09-28,20.33,27.53,15.67,0.0,46.19,1.36
2009-09-29,21.83,28.35,17.36,0.0,40.62,1.61
2009-09-30,23.66,31.47,17.18,0.0,34.78,1.31
2009-10-01,25.1,33.33,19.1,0.0,33.08,2.23
2009-10-02,19.4,25.71,14.56,0.0,43.77,2.4
2009-10-03,16.56,22.98,11.55,0.0,45.76,2.46
2009-10-04,17.63,24.68,11.68,0.0,37.01,1.63
2009-10-05,18.09,24.92,13.6,0.0,33.84,1.54
2009-10-06,17.97,24.97,11.74,0.0,31.68,1.91
2009-10-07,18.87,25.94,14.26,0.0,29.01,1.65
2009-10-08,17.96,24.63,11.06,0.29,31.73,2.11
2009-10-09,8.57,12.1,4.53,2.18,54.87,1.7
2009-10-10,9.23,15.35,5.0,0.11,33.51,1.32
2009-10-11,11.57,19.48,5.23,0.0,35.48,1.59
2009-10-12,14.41,22.42,9.5,0.0,26.58,1.56
2009-10-13,14.16,22.31,7.18,0.0,29.65,1.68
2009-10-14,15.34,23.56,9.83,0.0,25.41,1.93
2009-10-15,15.89,23.57,10.44,0.0,21.29,1.67
2009-10-16,15.17,23.17,8.75,0.0,25.0,1.69
2009-10-17,14.79,23.05,8.93,0.0,25.72,1.65
2009-10-18,13.82,21.46,8.24,0.0,27.3,1.75
2009-10-19,14.02,21.76,8.82,0.0,29.31,1.66
2009-10-20,13.92,21.62,8.79,0.0,29.98,1.59
2009-10-21,13.41,20.11,8.82,0.0,29.2,1.67
2009-10-22,14.41,21.45,9.82,0.0,27.13,1.42
2009-10-23,12.35,20.14,7.12,0.0,33.9,2.0
2009-10-24,11.21,18.25,7.01,0.0,35.71,1.73
2009-10-25,12.54,19.91,8.56,0.0,26.16,1.36
2009-10-26,13.19,20.29,6.24,0.0,22.98,1.99
2009-10-27,10.02,15.09,4.44,3.04,46.33,2.22
2009-10-28,3.75,7.2,1.36,0.62,65.15,1.67
2009-10-29,8.25,17.35,1.24,0.0,35.17,1.37
2009-10-30,14.72,23.31,6.54,0.0,20.5,1.17
2009-10-31,16.7,24.49,11.68,0.0,33.5,1.59
2009-11-01,17.83,25.56,12.24,0.0,48.6,2.08
2009-11-02,16.06,21.01,13.71,0.6,49.35,1.54
2009-11-03,17.82,25.35,12.49,0.05,46.88,1.7
2009-11-04,20.71,28.82,15.17,0.9,37.87,4.21
2009-11-05,14.13,17.89,11.34,1.75,67.51,1.76
2009-11-06,12.43,15.74,7.66,0.0,61.18,0.64
2009-11-07,6.78,9.98,3.56,0.83,74.38,1.01
2009-11-08,3.69,8.31,-0.36,0.63,71.33,1.65
2009-11-09,-1.02,2.67,-3.93,0.42,66.87,1.45
2009-11-10,-0.63,5.4,-4.49,0.03,53.02,0.94
2009-11-11,4.65,12.34,-0.33,0.0,31.14,1.52
2009-11-12,7.41,13.58,4.35,0.0,32.58,1.25
2009-11-13,6.1,13.02,1.62,0.0,40.02,1.19
2009-11-14,2.72,8.43,-2.42,0.0,47.75,1.31
2009-11-15,1.65,8.63,-3.24,0.0,44.2,1.1
2009-11-16,3.54,10.0,-0.03,0.0,33.2,1.04
2009-11-17,3.99,10.22,0.69,0.0,32.16,1.09
2009-11-18,4.64,10.78,0.95,0.0,31.24,1.1
2009-11-19,6.61,16.89,0.23,0.0,27.52,1.64
2009-11-20,8.34,16.38,3.97,0.0,22.68,1.4
2009-11-21,7.71,15.26,2.89,0.01,42.63,1.37
2009-11-22,9.03,13.39,6.43,1.34,58.62,1.84
2009-11-23,3.17,6.32,-0.19,9.85,77.81,3.09
2009-11-24,5.27,12.83,0.45,2.3,54.73,1.83
2009-11-25,2.36,6.15,-0.03,5.7,83.56,1.37
2009-11-26,3.4,10.23,-0.51,0.0,61.73,1.27
2009-11-27,6.56,12.6,0.8,0.2,48.15,2.0
2009-11-28,2.75,6.02,0.17,5.8,87.97,1.47
2009-11-29,2.12,8.44,-1.01,1.36,73.02,1.64
2009-11-30,4.92,11.66,1.05,0.0,45.63,1.07
2009-12-01,3.3,6.31,1.43,0.05,79.32,0.83
2009-12-02,5.27,10.12,2.84,1.94,83.02,0.89
2009-12-03,2.7,4.85,-0.18,3.91,91.98,1.54
2009-12-04,-0.83,1.93,-3.21,7.82,88.7,1.28
2009-12-05,-1.06,3.97,-4.07,0.01,70.86,1.17
2009-12-06,1.14,7.51,-3.25,0.0,53.48,1.43
2009-12-07,3.16,7.26,-0.04,0.08,54.95,1.66
2009-12-08,3.04,7.35,1.07,2.44,80.86,1.73
2009-12-09,-0.36,2.85,-2.97,4.23,83.8,0.91
2009-12-10,-3.53,0.6,-5.77,0.11,75.2,1.14
2009-12-11,-1.27,2.83,-4.31,0.54,56.0,0.8
2009-12-12,-1.77,0.33,-4.38,6.16,89.35,0.72
2009-12-13,-0.59,5.01,-4.02,0.0,69.83,1.38
2009-12-14,4.29,10.83,-2.22,0.01,43.84,1.38
2009-12-15,6.44,12.62,2.86,0.39,72.33,1.89
2009-12-16,0.66,3.95,-3.43,11.65,89.75,1.71
2009-12-17,2.16,9.97,-3.19,0.0,50.39,1.61
2009-12-18,7.37,13.79,2.33,0.0,44.83,1.79
2009-12-19,10.41,15.91,7.62,0.0,47.85,1.18
2009-12-20,7.26,11.53,4.88,1.76,76.67,1.32
2009-12-21,6.47,9.78,4.17,10.16,87.08,2.54
2009-12-22,1.21,5.46,-2.19,18.1,87.05,1.06
2009-12-23,1.85,7.23,-1.66,0.0,57.05,1.19
2009-12-24,2.83,5.77,0.78,0.05,74.78,0.98
2009-12-25,3.04,9.38,-0.25,0.0,70.06,1.19
2009-12-26,4.2,10.03,1.52,0.0,57.03,1.17
2009-12-27,3.39,8.72,0.98,0.0,84.52,0.88
2009-12-28,3.95,8.65,1.64,0.0,78.21,1.02
2009-12-29,3.38,7.81,0.05,0.0,83.77,1.17
2009-12-30,5.66,13.11,0.46,0.0,54.23,1.66
2009-12-31,6.97,10.77,4.99,0.0,64.31,1.93
2010-01-01,8.89,16.24,4.42,0.0,63.91,1.49
2010-01-02,10.04,15.88,6.44,0.0,52.64,1.32
2010-01-03,8.22,12.64,5.62,0.04,73.38,1.39
2010-01-04,9.71,15.62,6.35,0.31,65.87,2.24
2010-01-05,9.44,16.22,4.58,1.37,71.17,2.03
2010-01-06,3.8,8.39,-0.98,5.57,83.96,1.45
2010-01-07,-1.97,0.27,-4.04,4.93,83.86,1.19
2010-01-08,-3.97,0.51,-7.62,0.37,70.62,0.96
2010-01-09,-4.75,-0.08,-7.39,0.0,65.21,1.02
2010-01-10,-3.54,2.14,-6.3,0.0,59.94,1.29
2010-01-11,-1.28,4.52,-5.71,0.0,47.33,1.35
2010-01-12,2.83,9.55,-2.32,0.0,38.33,1.53
2010-01-13,3.01,6.82,1.1,0.4,58.19,2.45
2010-01-14,3.38,5.77,1.99,0.5,76.56,2.24
2010-01-15,3.97,7.11,2.24,4.15,91.41,1.84
2010-01-16,6.66,13.44,1.8,1.77,84.48,1.8
2010-01-17,2.33,5.92,-3.47,5.59,88.85,2.36
2010-01-18,-5.09,-1.08,-8.58,2.23,76.61,1.69
2010-01-19,-2.78,2.84,-7.08,0.0,55.3,0.96
2010-01-20,2.04,4.68,0.16,2.7,84.39,1.29
2010-01-21,5.54,10.45,1.93,0.57,83.15,1.63
2010-01-22,5.8,8.12,2.31,0.35,76.55,0.92
2010-01-23,5.68,10.13,2.9,5.76,89.19,0.78
2010-01-24,3.04,6.38,0.75,5.46,91.02,1.3
2010-01-25,5.03,10.66,1.08,0.1,69.19,1.18
2010-01-26,8.15,15.58,3.16,0.28,54.3,1.51
2010-01-27,4.08,6.86,-0.14,5.09,85.1,1.88
2010-01-28,-1.55,0.55,-4.26,6.31,89.77,2.88
2010-01-29,-1.15,3.59,-4.74,0.82,78.44,1.01
2010-01-30,3.86,7.61,1.24,0.0,62.37,1.75
2010-01-31,5.41,8.19,1.68,0.02,62.46,1.18
2010-02-01,4.53,10.25,0.38,0.02,74.36,1.38
2010-02-02,5.15,10.75,1.78,0.0,60.37,1.41
2010-02-03,4.58,7.88,0.91,2.8,74.77,1.61
2010-02-04,4.01,7.65,2.22,0.38,83.97,1.31
2010-02-05,5.26,9.92,3.06,5.08,77.29,0.96
2010-02-06,2.25,4.4,-1.84,4.41,89.16,2.13
2010-02-07,-0.55,3.48,-2.76,3.03,82.86,2.25
2010-02-08,-4.35,-2.53,-7.08,3.88,86.08,2.4
2010-02-09,-7.42,-5.81,-8.51,2.19,79.69,1.86
2010-02-10,-4.63,1.3,-8.61,0.0,67.59,1.1
2010-02-11,-2.91,-0.28,-4.95,0.26,65.11,0.77
2010-02-12,-4.56,-2.7,-6.41,7.01,83.79,1.12
2010-02-13,-8.19,-4.36,-12.61,5.2,84.91,1.54
2010-02-14,-10.61,-7.03,-14.22,0.98,90.84,1.58
2010-02-15,-9.27,-4.21,-12.57,0.18,82.17,1.15
2010-02-16,-6.04,0.7,-11.89,0.0,72.81,1.01
2010-02-17,1.08,8.88,-5.99,1.11,62.28,2.49
2010-02-18,1.96,5.68,-0.3,14.11,91.34,2.27
2010-02-19,3.47,7.22,1.37,20.96,94.3,1.35
2010-02-20,6.18,9.44,2.66,4.02,94.16,2.14
2010-02-21,10.21,15.33,6.06,4.58,86.48,1.25
2010-02-22,8.06,10.38,6.21,7.26,95.15,1.39
2010-02-23,10.5,17.86,5.25,0.93,79.15,2.06
2010-02-24,4.49,6.34,2.93,5.78,86.04,2.14
2010-02-25,5.97,10.64,3.24,8.96,83.39,0.96
2010-02-26,5.23,9.88,2.43,6.72,84.23,1.23
2010-02-27,5.06,10.21,0.59,0.01,75.38,1.51
2010-02-28,7.27,12.73,2.16,2.87,79.89,1.26
2010-03-01,7.1,10.04,4.64,6.58,91.16,1.38
2010-03-02,7.14,13.01,1.47,0.73,75.66,1.19
2010-03-03,9.85,15.18,5.59,0.18,61.73,1.21
2010-03-04,6.24,9.55,4.19,3.21,87.45,1.75
2010-03-05,6.95,11.38,4.16,0.73,86.21,1.43
2010-03-06,8.15,11.46,5.19,0.01,83.13,1.28
2010-03-07,10.75,15.95,6.45,0.22,82.8,1.79
2010-03-08,13.08,19.26,7.99,1.15,76.06,2.33
2010-03-09,10.11,14.75,7.39,1.17,80.75,2.3
2010-03-10,12.88,18.99,7.87,0.01,69.59,2.17
2010-03-11,11.63,19.81,2.28,8.89,75.87,4.04
2010-03-12,-0.36,3.59,-4.07,10.33,78.58,1.71
2010-03-13,7.23,13.4,0.67,0.0,46.24,1.2
2010-03-14,12.13,15.93,8.86,3.3,79.03,3.72
2010-03-15,12.42,16.74,9.26,1.54,86.03,1.6
2010-03-16,18.16,26.13,11.87,0.0,61.97,3.56
2010-03-17,15.92,22.75,8.2,0.23,65.91,3.58
2010-03-18,11.12,15.69,7.14,1.1,81.73,1.83
2010-03-19,15.44,22.81,8.95,0.24,72.39,1.81
2010-03-20,2.91,8.24,-2.15,4.27,81.32,2.33
2010-03-21,1.83,7.85,-2.47,0.16,62.42,1.42
2010-03-22,3.93,10.74,-1.86,0.13,63.35,1.75
2010-03-23,5.88,12.43,-0.69,0.0,69.68,1.59
2010-03-24,8.34,13.24,2.18,0.0,63.64,1.71
2010-03-25,9.55,17.16,2.44,0.0,60.16,1.09
2010-03-26,10.73,14.97,7.0,0.07,62.89,1.31
2010-03-27,3.59,6.87,-4.18,0.0,72.05,1.94
2010-03-28,5.18,14.42,-4.57,0.0,54.42,1.49
2010-03-29,12.03,20.79,5.87,0.0,48.82,1.42
2010-03-30,11.66,17.68,6.84,0.0,66.45,1.75
2010-03-31,11.17,17.56,5.4,0.0,76.35,1.77
2010-04-01,14.22,19.56,9.23,0.0,60.84,1.23
2010-04-02,12.52,19.35,8.27,1.59,70.61,1.73
2010-04-03,9.41,12.67,7.18,7.74,85.07,2.16
2010-04-04,10.92,16.28,6.0,0.28,71.92,1.78
2010-04-05,13.01,19.64,5.95,0.0,55.38,1.18
2010-04-06,11.85,17.56,8.92,0.49,73.39,1.68
2010-04-07,11.17,15.91,6.88,8.51,72.6,1.17
2010-04-08,12.73,18.45,8.36,0.05,69.44,1.55
2010-04-09,14.46,20.8,10.23,0.0,52.74,1.51
2010-04-10,17.09,23.92,11.21,0.99,56.15,1.55
2010-04-11,14.3,18.69,9.98,11.45,82.0,1.83
2010-04-12,9.5,11.2,6.43,5.34,84.81,1.74
2010-04-13,13.01,18.41,6.81,0.15,60.57,0.98
2010-04-14,18.48,25.87,13.52,0.23,57.4,1.55
2010-04-15,13.79,17.75,8.2,7.03,79.91,2.08
2010-04-16,11.81,17.01,6.98,0.25,68.18,1.67
2010-04-17,12.48,19.2,6.65,0.0,68.92,1.62
2010-04-18,12.29,17.82,6.98,0.0,59.68,1.86
2010-04-19,13.73,21.31,5.54,0.0,57.13,1.69
2010-04-20,17.17,25.65,8.11,0.0,47.94,1.77
2010-04-21,15.3,21.68,9.51,0.0,61.62,2.07
2010-04-22,16.18,22.78,9.99,0.0,65.68,1.72
2010-04-23,18.12,24.39,11.98,0.0,63.4,1.71
2010-04-24,19.5,25.97,12.63,0.0,59.57,1.6
2010-04-25,19.7,26.15,12.47,0.0,56.45,1.91
2010-04-26,21.66,27.8,16.36,0.55,45.39,1.45
2010-04-27,16.5,20.62,13.07,1.79,70.69,1.4
2010-04-28,19.14,24.52,11.82,0.0,60.68,1.38
2010-04-29,15.48,21.04,10.92,14.9,70.41,2.06
2010-04-30,19.32,25.53,11.18,2.95,62.76,1.72
2010-05-01,14.86,18.35,12.26,2.29,78.18,1.89
2010-05-02,15.25,20.26,10.71,0.09,65.22,1.55
2010-05-03,16.69,23.86,10.73,0.8,59.96,1.46
2010-05-04,17.79,22.94,13.01,0.49,65.53,1.29
2010-05-05,19.01,25.26,12.27,0.0,66.82,1.47
2010-05-06,18.94,24.45,13.79,0.08,66.53,1.49
2010-05-07,20.18,25.85,14.32,0.0,60.95,1.99
2010-05-08,20.98,26.78,15.08,1.13,58.82,1.91
2010-05-09,21.61,27.84,14.59,0.28,57.65,1.37
2010-05-10,20.72,26.94,15.29,0.46,66.27,2.01
2010-05-11,19.06,23.42,15.1,3.07,71.11,1.31
2010-05-12,18.91,23.99,13.6,2.51,65.95,1.51
2010-05-13,19.58,26.11,13.39,0.0,60.78,1.91
2010-05-14,18.64,26.41,10.98,0.0,52.72,1.91
2010-05-15,17.25,24.65,9.92,0.0,50.33,1.72
2010-05-16,18.73,25.41,11.99,0.01,47.31,1.58
2010-05-17,18.78,25.44,13.54,0.11,53.89,1.99
2010-05-18,20.35,26.53,14.88,0.01,52.3,1.3
2010-05-19,22.21,28.86,16.02,0.05,45.33,1.2
2010-05-20,23.39,30.62,15.81,0.1,42.87,2.5
2010-05-21,20.96,26.97,16.45,3.21,59.48,2.75
2010-05-22,16.89,20.79,10.01,16.93,67.8,2.59
2010-05-23,15.75,21.68,9.52,0.03,47.35,1.4
2010-05-24,19.63,26.54,11.56,0.0,43.44,1.35
2010-05-25,21.87,29.88,14.6,0.06,44.19,1.69
2010-05-26,18.03,21.99,14.57,13.94,65.87,1.81
2010-05-27,18.77,23.82,13.68,9.38,61.38,2.41
2010-05-28,19.94,25.59,14.41,0.63,55.82,1.5
2010-05-29,22.37,28.81,15.1,0.0,48.6,1.5
2010-05-30,23.97,29.69,18.42,0.0,45.65,1.45
2010-05-31,23.02,29.58,17.37,0.01,53.15,1.46
2010-06-01,22.72,27.15,17.97,0.33,58.32,2.24
2010-06-02,20.89,25.3,16.51,8.88,67.12,1.37
2010-06-03,18.45,21.73,14.55,12.11,70.02,1.03
2010-06-04,19.43,24.88,13.94,1.6,62.56,1.61
2010-06-05,21.05,27.76,13.42,0.0,54.0,1.77
2010-06-06,22.45,28.68,15.42,0.0,49.67,1.62
2010-06-07,24.08,31.06,16.65,0.0,47.39,1.83
2010-06-08,25.59,31.17,19.2,0.33,45.48,1.35
2010-06-09,26.65,33.05,18.32,0.0,44.51,1.75
2010-06-10,28.32,34.88,20.62,3.41,40.57,1.33
2010-06-11,27.67,35.32,20.36,2.58,42.0,1.75
2010-06-12,27.51,34.87,19.61,0.01,42.25,2.1
2010-06-13,26.97,34.21,19.91,0.0,45.16,2.14
2010-06-14,27.15,33.28,19.88,0.0,44.35,1.46
2010-06-15,27.15,34.09,19.53,0.0,45.09,1.86
2010-06-16,28.31,34.88,20.75,0.21,42.27,1.38
2010-06-17,25.93,32.22,21.78,1.56,50.1,2.5
2010-06-18,26.18,31.64,20.31,1.91,49.91,1.72
2010-06-19,27.14,33.46,20.77,0.37,46.76,2.08
2010-06-20,29.45,37.57,21.06,0.13,38.71,2.08
2010-06-21,29.83,38.21,22.88,1.61,35.44,2.5
2010-06-22,27.91,34.09,21.34,0.3,39.11,2.1
2010-06-23,25.71,32.41,20.29,0.01,44.11,1.82
2010-06-24,22.93,29.88,16.89,1.2,48.41,2.01
2010-06-25,23.47,28.35,17.18,0.75,47.69,1.51
2010-06-26,25.79,33.42,17.56,0.0,39.77,1.53
2010-06-27,28.47,36.3,20.02,0.0,30.38,1.82
2010-06-28,29.18,36.98,21.53,0.0,26.07,1.65
2010-06-29,29.23,36.63,22.15,0.0,27.4,2.07
2010-06-30,27.6,34.64,19.89,0.0,25.19,1.87
2010-07-01,28.41,36.12,19.07,0.0,22.05,1.71
2010-07-02,29.9,37.25,21.06,0.0,21.89,1.6
2010-07-03,30.35,37.25,22.13,0.0,19.8,1.71
2010-07-04,29.85,37.6,20.9,0.0,19.47,2.36
2010-07-05,28.81,35.91,22.07,0.21,22.82,1.46
2010-07-06,28.84,35.94,20.87,0.0,24.33,1.71
2010-07-07,30.55,38.54,22.22,0.0,22.63,2.06
2010-07-08,31.26,38.19,24.26,0.0,21.99,2.57
2010-07-09,31.64,39.5,22.68,1.06,22.23,2.26
2010-07-10,29.72,37.4,21.03,0.63,22.08,3.01
2010-07-11,26.49,33.89,18.67,0.0,21.41,3.63
2010-07-12,27.05,34.41,19.02,0.0,24.41,2.68
2010-07-13,29.55,36.34,21.78,0.0,21.88,1.79
2010-07-14,31.14,38.39,22.28,0.0,20.04,2.3
2010-07-15,31.79,36.93,26.24,0.0,22.28,1.87
2010-07-16,32.65,39.09,25.83,0.0,22.11,2.32
2010-07-17,31.82,38.54,25.37,0.02,25.62,2.53
2010-07-18,28.85,34.8,23.56,0.0,24.52,2.35
2010-07-19,28.32,34.88,21.53,0.0,28.06,2.11
2010-07-20,29.57,36.2,23.21,0.09,24.72,1.93
2010-07-21,22.69,28.54,16.7,3.18,39.87,2.55
2010-07-22,22.19,30.05,14.9,0.0,25.05,2.73
2010-07-23,22.53,30.82,13.97,0.0,27.94,2.19
2010-07-24,23.67,31.56,15.94,0.0,30.52,1.99
2010-07-25,23.59,30.74,16.72,0.0,31.41,2.06
2010-07-26,24.85,32.84,16.68,0.0,26.18,3.05
2010-07-27,26.49,35.51,17.65,0.0,24.0,2.66
2010-07-28,28.17,36.38,19.62,0.0,22.59,2.11
2010-07-29,27.66,34.44,20.44,0.0,24.22,2.19
2010-07-30,27.22,34.44,20.57,0.0,23.78,2.33
2010-07-31,23.89,30.69,17.68,0.04,25.57,2.08
2010-08-01,25.28,33.41,17.81,0.0,17.95,2.1
2010-08-02,27.84,36.8,20.2,0.0,12.92,1.88
2010-08-03,27.67,34.57,19.82,0.0,15.12,1.72
2010-08-04,30.15,36.52,23.4,0.01,21.77,1.83
2010-08-05,31.23,38.37,24.09,0.0,20.21,1.95
2010-08-06,32.18,39.31,25.1,0.0,20.93,1.77
2010-08-07,31.7,39.16,24.31,0.0,20.94,2.41
2010-08-08,29.73,37.3,22.46,0.0,18.5,2.47
2010-08-09,29.58,36.8,22.75,0.0,18.19,2.74
2010-08-10,29.11,37.58,21.63,0.0,21.63,2.92
2010-08-11,28.87,36.82,20.96,0.0,22.97,1.92
2010-08-12,31.23,39.2,23.22,0.0,18.66,2.2
2010-08-13,31.5,36.99,25.22,0.31,17.71,1.87
2010-08-14,29.86,37.14,22.6,0.4,22.59,1.96
2010-08-15,29.81,36.78,23.24,0.0,18.41,1.94
2010-08-16,29.82,37.2,22.42,0.0,20.95,2.03
2010-08-17,30.04,36.51,23.93,0.0,21.5,2.11
2010-08-18,28.67,35.92,22.58,0.0,21.8,2.27
2010-08-19,29.34,36.88,21.74,0.0,19.18,1.75
2010-08-20,30.72,38.18,23.63,0.0,13.79,1.92
2010-08-21,30.64,39.0,22.66,0.0,16.06,2.4
2010-08-22,30.47,37.54,24.06,0.0,23.46,2.98
2010-08-23,21.14,26.4,15.44,0.82,34.73,3.28
2010-08-24,20.02,27.42,13.22,0.0,28.3,1.75
2010-08-25,22.07,29.61,14.85,0.0,20.34,1.79
2010-08-26,23.68,31.84,15.35,0.0,16.23,1.86
2010-08-27,25.43,33.75,17.4,0.0,14.5,1.96
2010-08-28,27.36,35.55,20.9,0.0,13.65,1.91
2010-08-29,28.65,36.62,21.96,0.0,16.05,2.35
2010-08-30,29.04,37.29,20.3,0.0,18.55,2.08
2010-08-31,30.14,38.18,22.18,0.0,16.98,2.2
2010-09-01,31.13,38.07,24.76,0.0,17.03,1.87
2010-09-02,30.79,38.0,24.01,0.0,19.03,1.93
2010-09-03,30.46,37.81,23.42,0.0,20.93,1.76
2010-09-04,28.83,36.17,22.53,0.0,20.51,2.36
2010-09-05,28.02,35.64,20.87,0.0,20.4,2.22
2010-09-06,28.05,35.27,22.53,0.38,15.32,2.26
2010-09-07,28.73,36.18,23.42,0.0,14.05,2.04
2010-09-08,28.33,36.29,22.04,0.0,16.79,2.09
2010-09-09,26.66,34.41,19.95,0.0,16.18,2.13
2010-09-10,22.23,28.75,16.78,0.0,16.57,1.82
2010-09-11,19.73,25.63,14.71,0.0,25.95,2.63
2010-09-12,16.52,22.07,11.0,1.84,35.64,2.76
2010-09-13,15.93,23.16,10.28,0.0,25.46,1.76
2010-09-14,17.87,25.81,10.6,0.0,17.36,1.83
2010-09-15,17.34,23.73,11.91,0.22,23.23,1.81
2010-09-16,13.63,19.19,8.6,4.22,59.41,2.0
2010-09-17,13.05,20.09,6.79,0.11,55.19,1.62
2010-09-18,14.57,21.07,8.14,0.0,45.27,1.79
2010-09-19,15.73,22.64,9.13,0.0,34.89,1.56
2010-09-20,17.38,25.19,10.23,0.0,28.8,1.71
2010-09-21,19.89,26.93,14.18,0.0,25.34,1.44
2010-09-22,20.97,27.42,16.12,0.0,23.56,1.72
2010-09-23,20.43,28.26,14.01,0.0,27.84,1.74
2010-09-24,20.95,27.86,13.87,0.0,28.64,1.86
2010-09-25,20.33,27.47,13.99,0.0,26.03,1.94
2010-09-26,17.58,23.3,13.16,0.0,31.47,1.99
2010-09-27,15.91,22.09,10.66,0.0,33.98,1.68
2010-09-28,15.66,23.46,10.02,0.0,28.76,1.92
2010-09-29,17.52,25.61,11.27,0.0,21.46,1.66
2010-09-30,18.77,26.3,11.86,0.0,24.53,1.9
2010-10-01,20.33,28.7,14.08,0.0,26.5,1.71
2010-10-02,21.91,30.22,15.59,0.0,20.14,1.72
2010-10-03,22.16,31.36,15.1,0.0,19.07,2.05
2010-10-04,22.58,29.89,16.63,0.0,22.28,1.9
2010-10-05,22.54,29.44,17.02,0.0,25.61,2.11
2010-10-06,22.68,29.92,16.77,0.03,30.74,2.07
2010-10-07,17.22,22.46,13.42,0.57,51.05,1.21
2010-10-08,15.35,20.98,10.67,3.16,51.7,1.71
2010-10-09,14.5,21.34,10.42,0.0,45.62,1.6
2010-10-10,15.6,22.5,10.28,0.0,36.01,1.61
2010-10-11,17.54,24.41,12.76,0.04,32.04,1.39
2010-10-12,19.91,28.03,12.79,0.06,36.33,2.07
2010-10-13,15.8,20.39,10.64,5.82,58.8,3.03
2010-10-14,16.85,24.13,10.48,0.0,49.52,1.65
2010-10-15,16.79,22.51,13.62,0.11,54.45,2.17
2010-10-16,18.49,24.57,14.35,0.0,44.42,1.6
2010-10-17,20.89,28.04,15.47,0.0,34.88,1.58
2010-10-18,20.1,27.91,15.22,0.0,39.11,1.9
2010-10-19,18.48,25.3,13.81,0.9,48.43,1.99
2010-10-20,14.72,20.92,7.77,0.77,50.14,2.17
2010-10-21,4.7,8.68,0.53,0.99,63.73,2.54
2010-10-22,6.36,13.85,0.24,0.0,45.19,1.4
2010-10-23,8.71,15.96,3.95,0.0,32.65,1.46
2010-10-24,10.56,18.18,5.55,0.0,29.37,1.57
2010-10-25,11.97,18.5,8.5,0.0,29.18,1.35
2010-10-26,11.03,16.96,5.91,0.0,29.94,1.54
2010-10-27,12.15,18.23,7.93,0.0,28.86,1.14
2010-10-28,12.37,17.42,8.88,0.12,34.43,0.77
2010-10-29,12.6,17.69,9.27,0.48,61.21,1.12
2010-10-30,12.44,18.2,7.82,1.68,60.7,1.39
2010-10-31,15.1,22.73,9.16,0.0,46.19,1.91
2010-11-01,17.2,25.96,12.86,0.0,38.09,2.06
2010-11-02,11.62,15.57,6.81,2.37,72.77,1.88
2010-11-03,3.63,5.47,2.68,17.72,86.01,1.54
2010-11-04,5.71,11.85,1.84,0.04,62.79,1.22
2010-11-05,5.15,10.28,0.72,0.0,62.15,1.28
2010-11-06,6.52,12.3,1.85,0.0,60.82,0.99
2010-11-07,10.68,17.56,5.91,0.0,59.01,1.71
2010-11-08,13.25,21.29,9.26,0.0,33.96,1.58
2010-11-09,13.9,22.31,8.53,0.0,35.35,1.42
2010-11-10,14.24,21.38,10.95,0.0,35.21,1.35
2010-11-11,12.13,18.99,8.35,0.0,43.72,1.34
2010-11-12,10.97,17.36,7.4,0.0,49.57,1.33
2010-11-13,10.23,16.9,6.04,0.0,51.39,1.21
2010-11-14,9.33,16.3,4.73,0.0,54.45,1.53
2010-11-15,8.62,14.68,3.69,0.0,55.29,1.35
2010-11-16,7.55,13.84,3.39,0.0,52.65,1.25
2010-11-17,8.89,16.13,5.43,0.0,48.24,1.5
2010-11-18,7.46,12.96,2.74,0.0,56.77,1.46
2010-11-19,6.89,13.55,2.28,0.0,61.85,1.46
2010-11-20,6.58,11.87,2.71,0.0,67.69,1.5
2010-11-21,5.09,10.11,2.19,0.0,67.58,1.2
2010-11-22,6.25,12.14,3.39,0.0,47.56,0.98
2010-11-23,7.77,14.5,4.51,0.0,46.49,1.18
2010-11-24,8.96,15.06,6.35,0.0,37.16,1.14
2010-11-25,6.3,11.94,3.03,0.0,51.69,1.47
2010-11-26,7.48,13.6,4.72,0.0,50.64,1.3
2010-11-27,8.48,17.07,3.88,0.0,44.99,1.45
2010-11-28,8.89,15.57,5.2,0.0,36.73,1.38
2010-11-29,8.51,14.54,4.39,0.0,34.61,1.45
2010-11-30,6.59,12.48,3.17,0.0,41.16,1.16
2010-12-01,6.36,12.96,2.0,0.0,52.06,1.44
2010-12-02,8.59,14.8,4.26,0.01,44.16,2.17
2010-12-03,0.65,6.85,-8.65,6.19,72.29,2.04
2010-12-04,-5.97,-0.94,-9.71,0.0,55.49,1.33
2010-12-05,-0.6,4.95,-3.77,0.0,45.0,1.36
2010-12-06,-0.44,5.29,-3.53,0.0,46.1,0.95
2010-12-07,0.34,4.5,-1.93,0.0,47.17,0.68
2010-12-08,2.81,8.59,-0.32,0.0,47.8,1.1
2010-12-09,4.75,8.93,1.78,0.0,47.46,0.82
2010-12-10,4.29,8.2,1.57,0.0,49.05,0.93
2010-12-11,6.97,12.96,4.1,0.0,37.33,1.28
2010-12-12,8.94,15.52,5.72,0.0,30.91,1.37
2010-12-13,10.87,17.14,6.98,0.0,34.04,1.41
2010-12-14,11.8,18.23,7.1,0.0,37.99,1.48
2010-12-15,7.69,12.45,2.97,0.06,53.58,1.52
2010-12-16,4.46,9.12,0.84,3.25,78.63,1.2
2010-12-17,4.45,9.3,1.07,0.36,59.91,1.07
2010-12-18,5.0,13.33,0.22,0.0,50.28,2.0
2010-12-19,7.01,10.98,3.79,0.74,45.91,1.9
2010-12-20,4.64,8.69,1.63,1.7,69.35,1.89
2010-12-21,2.23,6.15,-1.58,0.07,70.34,1.06
2010-12-22,-3.64,0.06,-6.73,0.26,78.46,1.62
2010-12-23,-1.65,4.21,-5.99,0.0,52.54,1.08
2010-12-24,1.66,8.48,-1.2,0.0,42.47,1.31
2010-12-25,1.22,7.36,-2.0,0.0,47.85,1.1
2010-12-26,0.12,4.9,-2.31,0.0,55.69,1.04
2010-12-27,0.35,5.18,-1.81,0.0,58.57,0.8
2010-12-28,0.5,5.09,-1.68,0.0,61.16,0.57
2010-12-29,0.67,5.59,-1.68,0.0,60.71,0.94
2010-12-30,-0.31,4.7,-3.08,0.0,62.52,1.18
2010-12-31,-0.96,4.29,-4.34,0.0,65.7,0.97
2011-01-01,1.41,8.25,-2.59,0.0,38.43,1.18
2011-01-02,4.28,7.85,0.61,0.0,35.14,1.02
2011-01-03,1.21,5.64,-0.57,0.16,51.32,1.35
2011-01-04,-1.55,-0.33,-3.02,2.37,82.72,0.84
2011-01-05,-0.13,4.56,-3.09,0.0,77.82,0.95
2011-01-06,0.56,5.74,-2.18,0.0,63.45,0.9
2011-01-07,0.06,4.68,-2.47,0.0,54.92,1.33
2011-01-08,-1.97,3.05,-5.6,0.0,68.08,1.32
2011-01-09,-0.68,4.49,-3.52,0.0,53.81,1.01
2011-01-10,-0.14,5.19,-3.19,0.0,55.82,1.25
2011-01-11,-1.8,1.18,-3.78,0.0,61.68,1.3
2011-01-12,-1.7,3.27,-4.24,0.0,63.81,1.32
2011-01-13,-1.96,2.77,-4.36,0.0,61.73,1.37
2011-01-14,-5.18,-3.75,-6.16,0.03,72.87,1.19
2011-01-15,-3.6,0.56,-6.59,0.0,70.24,1.04
2011-01-16,-0.05,5.42,-3.58,0.02,42.63,1.23
2011-01-17,-0.27,2.95,-3.1,0.73,63.87,0.86
2011-01-18,-1.37,1.83,-2.97,1.1,86.56,1.36
2011-01-19,1.39,6.92,-3.01,0.0,59.2,1.12
2011-01-20,3.66,7.79,0.53,0.0,42.0,0.73
2011-01-21,0.11,3.43,-1.62,0.76,76.54,1.58
2011-01-22,-1.72,1.7,-3.92,3.08,82.44,1.45
2011-01-23,-4.13,-1.66,-8.22,4.77,76.07,1.23
2011-01-24,-3.97,1.75,-7.57,0.05,55.67,1.39
2011-01-25,-0.71,6.45,-5.63,0.0,34.44,1.47
2011-01-26,2.6,9.1,-0.98,0.0,33.38,1.31
2011-01-27,6.42,13.11,0.84,0.0,32.58,1.61
2011-01-28,5.75,11.66,1.32,0.02,62.55,1.72
2011-01-29,5.08,10.5,1.13,0.06,73.28,1.4
2011-01-30,4.53,8.53,2.61,1.12,86.75,1.25
2011-01-31,4.5,9.0,2.18,5.04,87.39,1.74
2011-02-01,7.71,13.07,3.21,2.56,77.27,2.51
2011-02-02,8.59,13.09,5.8,8.6,90.34,1.39
2011-02-03,6.6,11.66,3.06,6.37,75.89,2.0
2011-02-04,2.24,5.98,-4.43,5.95,79.12,2.68
2011-02-05,-2.57,1.77,-5.54,0.02,70.34,1.56
2011-02-06,-1.16,3.07,-3.44,0.04,68.97,1.67
2011-02-07,0.76,6.03,-3.63,0.23,65.54,1.69
2011-02-08,0.83,2.84,-2.16,9.7,85.05,2.42
2011-02-09,-3.57,-1.87,-6.47,2.58,80.02,1.38
2011-02-10,1.17,11.33,-6.56,0.0,43.88,1.91
2011-02-11,6.12,11.43,2.1,0.06,53.19,1.43
2011-02-12,4.2,9.53,2.08,2.08,83.92,1.1
2011-02-13,0.82,2.14,-0.74,4.1,93.99,1.92
2011-02-14,3.31,9.78,-1.49,0.31,73.47,1.6
2011-02-15,4.95,11.02,1.45,0.0,57.74,1.55
2011-02-16,6.49,13.06,0.79,0.0,49.03,1.98
2011-02-17,5.25,12.65,0.27,0.84,60.07,2.96
2011-02-18,-1.92,0.85,-6.47,20.61,90.33,1.55
2011-02-19,-6.47,-3.92,-9.95,3.31,93.22,1.2
2011-02-20,-3.33,1.24,-9.58,0.0,68.61,0.93
2011-02-21,3.01,6.29,-0.36,4.8,79.54,2.65
2011-02-22,3.18,7.39,-1.65,6.65,91.08,1.5
2011-02-23,-6.21,-2.25,-12.63,7.65,84.34,1.86
2011-02-24,-9.42,-3.02,-13.77,0.01,69.91,1.24
2011-02-25,-6.91,-1.59,-10.95,0.37,70.11,1.28
2011-02-26,-7.21,-3.11,-10.2,0.68,71.39,1.43
2011-02-27,-6.7,-0.4,-11.22,0.0,61.53,1.39
2011-02-28,-6.07,-1.49,-9.36,0.0,59.3,1.27
2011-03-01,-4.17,1.93,-9.9,0.0,51.87,1.47
2011-03-02,-1.68,3.77,-4.67,0.0,51.52,1.33
2011-03-03,-0.49,4.02,-3.66,0.01,58.01,1.13
2011-03-04,-1.42,2.37,-4.21,1.4,73.14,1.23
2011-03-05,-0.82,4.13,-4.29,0.14,67.97,1.13
2011-03-06,1.69,7.09,-1.78,0.0,60.17,1.15
2011-03-07,3.69,9.65,-0.12,0.0,60.65,1.44
2011-03-08,6.32,14.62,-0.44,0.0,53.56,1.67
2011-03-09,9.48,18.3,2.21,0.0,45.15,1.52
2011-03-10,10.97,19.04,5.89,0.0,49.92,2.2
2011-03-11,11.41,18.1,7.66,0.0,71.63,1.48
2011-03-12,12.72,18.67,8.21,0.0,56.14,1.27
2011-03-13,16.05,24.68,10.19,0.0,62.52,1.28
2011-03-14,15.73,25.25,9.32,2.25,66.08,2.61
2011-03-15,-0.06,8.1,-9.15,31.48,90.66,2.56
2011-03-16,-2.67,5.25,-11.53,0.05,65.16,1.37
2011-03-17,-1.38,1.81,-4.21,2.67,81.65,1.86
2011-03-18,3.48,10.96,-3.01,0.0,60.56,1.66
2011-03-19,3.95,10.31,-1.67,0.0,68.89,1.73
2011-03-20,5.88,12.18,0.81,0.0,56.84,1.39
2011-03-21,7.48,14.33,1.49,0.0,53.96,1.56
2011-03-22,8.01,15.07,2.79,0.0,52.15,1.53
2011-03-23,10.32,16.84,3.22,0.0,39.12,1.25
2011-03-24,14.62,23.2,7.16,0.0,51.87,2.32
2011-03-25,7.92,11.41,3.95,11.84,83.14,1.49
2011-03-26,9.8,14.76,5.3,1.66,73.26,1.39
2011-03-27,9.26,13.95,5.53,2.02,71.33,1.44
2011-03-28,9.8,16.9,3.96,0.0,73.46,1.7
2011-03-29,11.91,18.22,7.31,0.0,58.56,1.58
2011-03-30,11.05,17.06,5.38,0.05,67.21,2.29
2011-03-31,11.48,16.87,6.96,1.07,69.96,2.12
2011-04-01,11.88,17.71,6.42,0.0,52.4,1.57
2011-04-02,11.46,18.49,6.0,0.63,53.28,2.15
2011-04-03,4.31,9.21,-2.88,4.66,72.06,2.56
2011-04-04,2.63,10.32,-3.46,0.0,59.77,1.7
2011-04-05,7.74,15.29,1.25,0.0,46.17,1.99
2011-04-06,11.6,19.65,4.73,0.0,42.85,1.85
2011-04-07,14.55,22.94,8.25,0.0,39.16,1.6
2011-04-08,16.72,25.22,9.0,0.02,37.26,1.57
2011-04-09,14.23,19.69,10.53,0.43,67.97,1.66
2011-04-10,16.47,21.86,10.74,2.95,64.56,1.25
2011-04-11,17.71,24.15,12.48,0.01,58.95,1.24
2011-04-12,18.78,26.21,11.94,0.0,51.31,1.65
2011-04-13,20.96,28.64,13.57,0.0,45.07,1.34
2011-04-14,19.18,28.92,12.5,0.32,53.3,2.51
2011-04-15,12.24,16.82,7.89,8.14,85.99,1.99
2011-04-16,11.48,17.39,7.25,0.89,74.39,1.66
2011-04-17,13.12,20.57,6.81,0.0,54.19,1.49
2011-04-18,16.02,23.25,9.88,0.0,41.79,1.64
2011-04-19,12.19,19.25,5.2,2.03,59.99,2.7
2011-04-20,13.14,21.56,4.39,0.3,55.19,1.26
2011-04-21,18.49,27.01,9.55,0.0,32.16,1.51
2011-04-22,21.26,30.1,12.67,0.0,39.32,1.64
2011-04-23,22.54,31.13,15.05,0.0,46.31,2.23
2011-04-24,24.87,33.04,15.6,0.0,42.57,1.42
2011-04-25,22.35,29.43,15.94,0.0,52.91,3.02
2011-04-26,21.42,28.41,16.17,0.0,58.66,2.54
2011-04-27,20.35,28.57,14.76,0.0,66.26,2.7
2011-04-28,18.81,26.48,14.09,0.81,74.59,2.07
2011-04-29,17.39,22.87,12.64,1.76,65.56,1.71
2011-04-30,17.76,24.71,11.68,0.0,47.68,1.86
2011-05-01,20.7,28.98,12.24,0.0,36.96,1.59
2011-05-02,23.57,32.83,15.13,0.0,34.48,1.62
2011-05-03,25.34,34.17,17.07,0.0,33.89,1.85
2011-05-04,26.15,33.89,20.21,0.0,33.93,2.05
2011-05-05,20.91,26.75,16.52,3.93,61.49,2.66
2011-05-06,16.4,19.34,12.05,16.78,78.34,2.63
2011-05-07,18.11,24.24,11.61,0.47,63.49,1.44
2011-05-08,18.63,24.96,13.04,1.44,58.37,2.21
2011-05-09,18.4,25.01,12.99,0.14,56.55,1.87
2011-05-10,17.42,23.74,12.62,2.68,57.64,1.74
2011-05-11,16.9,23.42,12.21,1.16,57.47,2.22
2011-05-12,19.56,26.01,12.24,0.0,32.27,1.69
2011-05-13,21.45,29.35,12.95,0.0,35.81,1.53
2011-05-14,24.55,33.45,17.62,0.0,39.01,2.53
2011-05-15,28.1,35.28,20.88,0.01,41.97,1.39
2011-05-16,28.07,37.25,20.66,0.13,43.54,2.64
2011-05-17,25.32,32.79,19.43,0.0,45.37,1.92
2011-05-18,22.18,28.58,16.84,0.16,44.39,2.88
2011-05-19,19.18,24.47,13.21,0.58,50.27,2.35
2011-05-20,17.58,24.49,11.51,0.29,43.78,1.99
2011-05-21,18.91,26.91,11.63,0.0,36.28,2.41
2011-05-22,21.16,30.12,12.16,0.0,31.99,1.68
2011-05-23,23.33,31.06,15.94,0.0,29.96,2.01
2011-05-24,25.65,32.47,19.39,0.0,24.87,1.79
2011-05-25,25.05,32.06,18.24,0.05,27.53,2.57
2011-05-26,20.72,26.61,13.51,0.48,30.63,3.02
2011-05-27,20.96,29.45,13.14,0.0,26.04,1.88
2011-05-28,23.34,30.95,15.9,0.0,23.83,2.0
2011-05-29,22.28,28.85,16.36,2.86,35.76,2.09
2011-05-30,23.69,31.51,16.67,0.01,31.98,2.89
2011-05-31,19.27,24.76,13.9,0.0,33.54,2.54
2011-06-01,20.56,27.68,12.21,0.0,29.98,1.99
2011-06-02,23.19,30.32,14.65,0.0,22.78,2.05
2011-06-03,22.68,31.0,14.96,1.31,31.75,3.11
2011-06-04,21.84,27.06,17.04,2.78,48.55,2.0
2011-06-05,25.3,32.51,18.81,0.0,31.64,1.51
2011-06-06,26.22,33.31,19.24,0.0,30.05,2.06
2011-06-07,27.97,35.72,19.76,2.5,30.42,1.72
2011-06-08,27.79,34.14,22.08,0.84,33.36,2.13
2011-06-09,26.88,33.16,21.05,0.53,33.43,2.15
2011-06-10,25.63,31.35,20.09,1.76,40.43,1.01
2011-06-11,27.05,34.35,20.44,3.46,40.02,2.13
2011-06-12,25.88,32.31,20.66,1.45,47.16,1.47
2011-06-13,27.85,34.28,19.75,3.63,37.9,1.41
2011-06-14,28.75,35.47,21.32,0.5,32.43,1.71
2011-06-15,30.13,37.36,22.92,0.31,27.08,2.07
2011-06-16,26.95,32.84,21.75,1.61,38.75,2.75
2011-06-17,27.94,33.15,22.33,2.9,36.27,2.04
2011-06-18,28.63,34.39,22.09,1.81,35.26,2.21
2011-06-19,26.22,32.45,20.33,0.34,35.32,2.1
2011-06-20,26.5,34.25,19.32,0.0,27.47,2.31
2011-06-21,26.33,34.29,18.08,0.0,21.83,2.43
2011-06-22,27.23,34.26,20.43,0.0,24.84,2.25
2011-06-23,28.91,36.55,21.42,0.0,22.73,2.06
2011-06-24,31.18,38.37,24.12,0.0,20.48,1.88
2011-06-25,26.48,31.68,20.37,0.72,34.89,2.33
2011-06-26,25.7,32.43,18.92,0.0,33.93,2.01
2011-06-27,26.94,34.42,19.35,0.0,25.35,2.59
2011-06-28,27.14,34.43,19.86,0.0,24.79,2.34
2011-06-29,28.07,33.96,22.05,0.0,25.27,2.42
2011-06-30,27.0,33.03,21.43,0.07,28.89,2.93
2011-07-01,27.08,33.87,19.47,0.0,28.25,2.65
2011-07-02,27.02,33.37,19.89,0.0,27.08,3.46
2011-07-03,27.85,36.63,18.26,0.0,23.4,2.66
2011-07-04,29.24,37.78,19.64,0.0,16.85,2.35
2011-07-05,30.9,37.85,24.23,0.0,14.56,1.91
2011-07-06,31.2,39.63,22.56,0.0,16.1,2.61
2011-07-07,31.7,38.73,24.96,0.0,18.12,2.17
2011-07-08,31.27,39.14,23.49,0.0,18.88,2.43
2011-07-09,29.3,37.54,20.68,0.0,18.5,2.51
2011-07-10,30.3,38.22,21.05,0.0,16.73,2.31
2011-07-11,31.54,39.1,23.93,0.0,13.91,2.02
2011-07-12,32.99,41.68,23.14,0.0,13.47,2.78
2011-07-13,30.33,37.38,22.73,0.0,23.26,3.56
2011-07-14,25.5,32.14,18.66,0.0,21.34,2.98
2011-07-15,24.31,32.12,15.72,0.0,17.87,3.27
2011-07-16,25.81,34.16,17.57,0.0,15.46,2.12
2011-07-17,28.34,35.74,20.65,0.0,16.7,1.93
2011-07-18,28.06,35.11,21.2,0.01,20.83,2.3
2011-07-19,27.35,33.62,20.99,0.4,22.82,2.2
2011-07-20,27.49,33.71,22.08,0.01,22.24,1.89
2011-07-21,28.74,35.59,22.19,0.0,21.99,1.98
2011-07-22,28.84,35.76,22.2,0.0,23.2,2.31
2011-07-23,26.87,33.62,20.31,0.0,23.74,2.71
2011-07-24,26.22,33.6,18.93,0.0,18.17,2.18
2011-07-25,24.7,30.87,19.43,0.0,28.33,2.14
2011-07-26,25.8,33.25,18.06,0.0,25.58,3.41
2011-07-27,27.83,36.41,17.62,0.0,21.72,2.35
2011-07-28,29.43,36.77,21.44,0.0,18.74,2.21
2011-07-29,30.09,37.62,21.83,0.05,17.37,2.22
2011-07-30,30.58,38.37,22.56,0.0,16.7,2.31
2011-07-31,30.66,38.71,21.84,0.0,18.5,2.28
2011-08-01,31.33,39.08,24.3,0.0,21.8,2.74
2011-08-02,32.44,40.98,23.59,0.0,20.09,2.87
2011-08-03,33.19,40.81,25.73,0.0,17.52,3.59
2011-08-04,32.38,40.28,24.38,0.0,18.81,3.9
2011-08-05,33.64,43.15,23.65,0.0,17.18,3.99
2011-08-06,34.53,43.72,26.62,0.0,15.8,2.83
2011-08-07,31.83,39.62,25.43,0.0,19.43,3.28
2011-08-08,26.06,31.69,20.9,0.0,23.01,2.93
2011-08-09,25.59,32.57,19.29,0.0,20.51,1.83
2011-08-10,25.48,32.99,18.49,0.0,24.31,2.8
2011-08-11,25.3,34.07,15.68,0.0,20.28,1.82
2011-08-12,27.26,35.72,18.35,0.0,11.83,1.98
2011-08-13,29.09,37.57,20.03,0.0,11.22,1.88
2011-08-14,30.51,38.49,22.33,0.0,10.64,2.04
2011-08-15,30.29,38.38,21.73,0.0,11.91,2.11
2011-08-16,30.23,38.26,21.4,0.0,13.61,2.13
2011-08-17,29.66,38.1,21.52,0.0,13.67,2.12
2011-08-18,30.2,37.42,24.3,0.0,12.96,1.84
2011-08-19,30.67,38.43,23.65,0.0,17.19,2.12
2011-08-20,29.21,35.7,23.65,0.06,25.19,2.4
2011-08-21,26.89,33.1,21.29,0.0,21.62,2.27
2011-08-22,27.49,35.71,20.61,0.0,18.32,1.75
2011-08-23,29.42,37.58,21.31,0.0,16.74,2.35
2011-08-24,29.31,36.34,23.16,0.0,22.65,2.63
2011-08-25,25.01,30.4,19.91,0.0,31.17,3.39
2011-08-26,23.6,29.88,18.12,0.0,22.99,2.71
2011-08-27,22.24,29.05,16.09,0.08,20.62,2.5
2011-08-28,19.31,23.65,15.18,0.28,25.75,2.34
2011-08-29,19.98,26.63,14.17,0.05,20.43,1.93
2011-08-30,20.48,27.33,15.41,0.09,16.21,1.91
2011-08-31,21.26,28.13,15.15,0.0,19.14,1.8
2011-09-01,23.44,31.79,15.76,0.0,14.59,1.84
2011-09-02,24.57,32.84,15.88,0.0,14.44,1.94
2011-09-03,26.16,34.71,17.62,0.0,13.01,1.92
2011-09-04,26.86,35.38,18.26,0.0,14.12,1.81
2011-09-05,27.7,35.75,20.11,0.0,13.97,1.83
2011-09-06,27.86,35.93,21.06,0.0,12.07,1.93
2011-09-07,27.26,34.7,20.81,0.0,13.14,2.1
2011-09-08,26.04,33.59,18.79,0.0,16.78,2.83
2011-09-09,22.81,30.85,16.23,0.0,23.2,2.35
2011-09-10,24.63,32.81,18.24,0.0,17.92,1.86
2011-09-11,24.59,33.25,17.13,0.0,15.09,1.9
2011-09-12,24.96,33.97,16.81,0.0,12.78,1.89
2011-09-13,25.98,35.13,17.42,0.0,11.71,2.02
2011-09-14,24.61,33.74,17.98,0.0,15.61,2.46
2011-09-15,21.13,27.78,15.86,0.19,29.85,2.7
2011-09-16,17.96,24.6,13.03,0.81,45.06,2.49
2011-09-17,19.17,27.56,12.46,0.0,24.17,1.72
2011-09-18,19.44,26.65,12.59,0.0,22.47,2.12
2011-09-19,20.67,27.67,13.93,0.0,23.58,1.87
2011-09-20,18.33,24.06,14.06,0.68,38.97,2.39
2011-09-21,15.67,20.89,10.37,0.06,41.76,2.28
2011-09-22,15.36,22.9,9.93,0.0,30.75,1.55
2011-09-23,16.67,23.93,11.79,0.0,20.34,1.52
2011-09-24,18.05,25.7,13.14,0.0,22.61,1.97
2011-09-25,19.03,27.4,13.15,0.0,20.42,1.63
2011-09-26,20.19,27.77,15.53,0.0,18.9,1.87
2011-09-27,19.78,27.95,12.16,0.0,19.58,2.18
2011-09-28,19.17,24.53,14.83,0.06,32.47,2.3
2011-09-29,15.3,19.65,11.43,0.03,42.94,1.74
2011-09-30,18.03,24.74,12.46,0.31,37.15,1.53
2011-10-01,21.2,28.64,14.43,0.0,28.84,1.68
2011-10-02,24.52,33.69,17.65,0.01,21.93,2.37
2011-10-03,19.94,25.1,16.17,0.95,43.5,1.77
2011-10-04,18.99,25.91,14.22,0.0,42.26,1.77
2011-10-05,11.27,14.76,8.25,5.06,60.25,1.94
2011-10-06,11.26,15.17,8.64,0.0,53.6,1.61
2011-10-07,12.61,19.53,7.38,0.0,45.65,1.4
2011-10-08,13.77,20.23,9.19,0.02,42.42,1.85
2011-10-09,14.71,22.92,9.4,0.0,37.51,1.64
2011-10-10,15.71,22.85,10.61,0.0,31.66,1.66
2011-10-11,18.8,26.18,13.66,0.0,28.74,1.88
2011-10-12,15.82,20.43,12.72,0.0,34.33,1.88
2011-10-13,16.11,21.3,12.69,0.11,34.38,1.36
2011-10-14,17.9,25.35,13.07,0.01,41.14,1.76
2011-10-15,19.51,26.49,12.98,0.0,35.87,1.89
2011-10-16,19.73,26.44,15.45,0.0,34.61,1.61
2011-10-17,17.92,25.09,13.64,0.24,36.45,1.84
2011-10-18,17.32,24.43,12.53,0.0,34.79,1.9
2011-10-19,16.61,23.12,12.01,0.0,35.43,1.56
2011-10-20,16.48,23.85,11.19,0.0,30.17,1.6
2011-10-21,17.42,24.93,11.67,0.0,35.85,1.58
2011-10-22,15.84,22.86,11.49,0.27,52.17,1.9
2011-10-23,10.97,14.67,8.91,4.55,70.36,1.95
2011-10-24,10.51,16.11,7.07,0.11,59.33,1.64
2011-10-25,11.29,17.37,8.05,0.0,48.77,1.41
2011-10-26,12.95,17.83,9.28,0.0,39.07,1.19
2011-10-27,10.18,16.17,3.98,4.22,58.56,0.8
2011-10-28,3.92,7.63,1.43,12.16,76.39,1.03
2011-10-29,1.98,5.83,-1.25,2.28,69.0,1.57
2011-10-30,2.82,9.32,-1.41,0.0,51.39,1.19
2011-10-31,4.04,8.2,1.07,0.26,55.82,1.26
2011-11-01,2.47,6.16,0.56,2.34,73.52,0.9
2011-11-02,4.33,10.12,1.37,0.0,56.09,1.46
2011-11-03,7.12,13.82,2.69,0.0,55.84,1.27
2011-11-04,4.18,8.16,0.9,0.87,80.49,1.27
2011-11-05,7.67,11.84,2.29,0.02,70.6,1.98
2011-11-06,8.38,13.33,3.84,0.47,70.1,1.99
2011-11-07,9.33,12.53,0.57,5.13,70.05,0.99
2011-11-08,-4.0,-0.43,-8.01,11.76,83.24,1.74
2011-11-09,-4.66,0.96,-8.96,0.04,66.46,1.5
2011-11-10,2.81,9.45,-2.41,0.0,64.21,0.85
2011-11-11,8.09,14.48,2.75,0.0,57.49,1.28
2011-11-12,9.47,14.75,5.83,0.0,61.88,0.88
2011-11-13,10.3,16.28,6.47,0.19,56.5,1.2
2011-11-14,1.58,7.9,-3.97,20.43,83.81,2.18
2011-11-15,-1.82,2.51,-6.51,0.77,67.15,1.44
2011-11-16,2.81,7.36,-2.16,3.7,72.42,1.45
2011-11-17,7.64,13.84,3.84,7.34,76.48,1.87
2011-11-18,5.95,8.73,4.3,13.96,84.98,1.59
2011-11-19,3.05,6.62,-0.29,1.72,79.02,1.07
2011-11-20,5.65,10.73,1.46,0.02,61.75,0.93
2011-11-21,7.92,11.12,5.29,8.18,88.7,2.31
2011-11-22,4.4,7.22,1.7,24.55,92.91,1.42
2011-11-23,4.25,7.47,1.73,12.81,90.47,0.93
2011-11-24,2.66,6.97,0.25,13.0,88.52,1.07
2011-11-25,3.0,5.31,1.47,0.81,89.61,0.89
2011-11-26,-1.86,1.05,-6.22,10.87,92.97,2.15
2011-11-27,-5.3,-1.98,-6.97,5.22,92.05,1.13
2011-11-28,-3.0,0.76,-5.84,3.29,88.08,1.07
2011-11-29,0.63,5.96,-4.54,0.12,63.31,0.94
2011-11-30,3.7,8.43,-1.31,0.0,55.74,0.96
2011-12-01,1.51,5.29,-1.39,0.21,74.87,1.35
2011-12-02,0.32,2.95,-1.58,7.25,93.54,1.65
2011-12-03,-1.57,3.09,-4.54,2.26,83.15,1.29
2011-12-04,-1.88,2.8,-4.37,0.85,71.49,0.83
2011-12-05,-3.51,-1.93,-4.89,1.48,89.88,0.82
2011-12-06,-3.91,0.37,-6.15,0.24,86.56,0.86
2011-12-07,-3.72,0.85,-6.13,0.0,74.57,1.02
2011-12-08,-3.24,1.32,-6.35,0.0,67.81,0.63
2011-12-09,-0.66,4.38,-4.61,0.0,54.89,0.71
2011-12-10,2.83,4.96,1.06,0.0,42.45,0.63
2011-12-11,3.14,8.0,-0.77,0.0,53.78,1.28
2011-12-12,-0.38,4.41,-2.81,4.01,77.22,1.66
2011-12-13,-1.15,2.1,-3.08,0.35,81.46,1.24
2011-12-14,-0.65,2.46,-4.3,0.0,67.26,0.54
2011-12-15,-3.59,0.39,-5.81,0.08,77.82,0.82
2011-12-16,-4.5,-0.12,-7.07,0.08,66.07,0.86
2011-12-17,-1.67,3.77,-6.01,0.0,51.3,0.99
2011-12-18,-3.11,0.9,-11.46,0.01,67.28,0.93
2011-12-19,-11.72,-5.77,-14.98,0.0,77.32,1.97
2011-12-20,-11.13,-5.29,-15.07,0.09,77.31,1.16
2011-12-21,-9.35,-5.6,-13.13,0.0,77.51,1.01
2011-12-22,-5.81,-0.63,-9.78,0.0,67.78,0.87
2011-12-23,-1.23,4.53,-5.62,0.0,51.92,0.98
2011-12-24,2.93,7.92,-2.34,0.02,43.43,1.39
2011-12-25,2.73,3.69,1.9,3.45,81.87,1.87
2011-12-26,1.17,2.99,-0.84,2.98,96.73,1.35
2011-12-27,-2.89,-0.75,-4.86,3.72,92.78,0.87
2011-12-28,-2.67,0.75,-4.9,2.0,87.69,1.72
2011-12-29,-0.09,3.45,-2.83,2.22,80.09,2.14
2011-12-30,-2.8,-0.18,-7.17,4.29,86.0,1.56
2011-12-31,-3.93,2.14,-8.01,0.0,57.03,1.26
2012-01-01,-0.95,3.37,-4.16,0.0,46.54,0.74
2012-01-02,1.79,6.63,-2.51,0.0,52.3,1.55
2012-01-03,1.78,4.6,-0.08,0.77,75.36,0.86
2012-01-04,1.83,6.25,-1.33,0.15,75.05,0.99
2012-01-05,-3.48,-1.41,-5.88,5.08,92.99,1.94
2012-01-06,-6.43,-3.2,-8.7,0.58,90.35,2.08
2012-01-07,-6.61,-2.99,-8.88,0.0,89.42,1.03
2012-01-08,-3.51,1.41,-5.89,0.0,72.18,0.86
2012-01-09,-1.72,4.38,-4.96,0.0,52.58,1.35
2012-01-10,-0.55,7.61,-5.54,0.0,51.59,1.57
2012-01-11,1.46,5.57,-1.5,0.35,69.1,2.12
2012-01-12,2.39,6.76,-0.85,0.55,71.92,1.64
2012-01-13,2.01,4.92,-0.62,3.08,76.03,2.47
2012-01-14,0.23,4.71,-2.15,1.89,87.82,1.6
2012-01-15,-2.66,-0.65,-4.37,3.71,91.79,1.17
2012-01-16,-3.13,1.42,-5.6,0.45,81.89,1.05
2012-01-17,-2.75,2.27,-5.49,0.0,64.78,1.27
2012-01-18,-4.07,1.5,-7.67,0.0,61.57,1.21
2012-01-19,-4.14,1.12,-6.78,0.0,51.84,0.98
2012-01-20,-6.25,-0.7,-9.89,0.0,65.69,0.69
2012-01-21,-4.36,1.18,-7.82,0.0,51.11,1.09
2012-01-22,-5.76,-2.2,-9.76,0.0,63.19,0.73
2012-01-23,-3.99,0.93,-7.55,0.0,76.43,1.39
2012-01-24,0.71,5.22,-1.88,0.0,57.39,0.93
2012-01-25,0.38,4.2,-1.62,0.79,64.44,1.34
2012-01-26,-3.06,-0.79,-5.86,3.73,87.01,1.44
2012-01-27,-2.88,2.87,-6.34,0.0,61.58,1.13
2012-01-28,-0.99,4.12,-5.58,0.0,52.79,1.29
2012-01-29,3.37,10.1,0.48,0.22,62.98,1.44
2012-01-30,-1.76,0.91,-5.23,13.78,95.92,2.73
2012-01-31,-4.2,-0.51,-6.76,1.01,78.76,1.46
2012-02-01,0.45,6.09,-5.14,0.02,58.01,1.17
2012-02-02,3.27,8.27,0.02,0.77,68.17,1.48
2012-02-03,-0.51,4.68,-6.77,5.54,84.95,1.65
2012-02-04,-12.47,-7.49,-16.0,4.01,89.05,1.69
2012-02-05,-13.22,-9.18,-16.64,1.08,80.1,1.36
2012-02-06,-11.09,-5.49,-14.55,0.01,84.87,1.26
2012-02-07,-9.16,-2.96,-13.51,0.0,80.84,1.3
2012-02-08,-5.06,2.58,-10.0,0.0,59.1,1.25
2012-02-09,-0.9,4.11,-7.27,1.19,62.14,1.89
2012-02-10,-2.48,0.32,-4.86,6.42,92.8,1.4
2012-02-11,-1.4,4.03,-4.94,0.01,78.55,1.23
2012-02-12,-3.84,0.32,-7.46,0.05,84.47,1.46
2012-02-13,-5.86,-2.08,-8.57,0.98,85.23,1.52
2012-02-14,-5.71,-1.44,-8.32,0.47,80.8,1.79
2012-02-15,-3.09,1.73,-6.47,0.0,76.12,1.4
2012-02-16,-1.52,4.83,-6.14,0.0,64.54,1.25
2012-02-17,1.75,6.14,-2.63,0.01,62.1,1.51
2012-02-18,3.22,9.39,-0.04,1.58,89.39,1.58
2012-02-19,4.43,11.56,1.15,11.11,90.63,1.33
2012-02-20,-0.21,2.83,-5.33,10.6,94.63,1.79
2012-02-21,-5.79,-3.61,-7.35,1.4,81.33,1.66
2012-02-22,-6.02,-3.53,-7.54,0.08,75.66,1.16
2012-02-23,-6.31,-2.58,-9.71,0.0,78.51,1.16
2012-02-24,-3.62,2.13,-8.56,0.0,61.25,1.31
2012-02-25,1.6,8.13,-4.63,0.0,49.02,1.73
2012-02-26,4.35,10.2,0.87,0.02,61.89,1.56
2012-02-27,0.87,2.92,-0.97,6.43,93.96,2.5
2012-02-28,1.88,6.55,-1.78,1.83,77.68,1.63
2012-02-29,2.56,7.52,-0.69,0.0,57.19,1.3
2012-03-01,6.16,14.21,-0.35,0.0,55.48,1.43
2012-03-02,7.96,15.57,3.17,0.0,62.88,1.72
2012-03-03,9.92,17.19,4.6,0.75,66.21,1.59
2012-03-04,3.48,6.0,-0.45,6.2,87.91,2.21
2012-03-05,2.19,8.7,-2.82,0.0,63.78,1.53
2012-03-06,2.69,7.64,-0.39,0.04,74.81,2.42
2012-03-07,-0.24,3.31,-2.12,4.04,84.87,2.19
2012-03-08,1.6,6.39,-2.04,0.72,74.92,2.56
2012-03-09,-0.7,0.96,-3.88,3.62,84.12,1.53
2012-03-10,-1.39,2.17,-3.76,2.32,87.34,1.53
2012-03-11,-1.14,1.52,-2.94,2.21,88.51,1.7
2012-03-12,-2.51,-0.85,-4.09,2.59,84.07,1.21
2012-03-13,-0.81,2.98,-3.25,0.43,77.92,1.31
2012-03-14,2.68,7.57,-1.34,4.38,85.91,2.28
2012-03-15,8.98,15.91,1.59,0.13,69.42,2.12
2012-03-16,6.47,7.93,3.62,12.39,91.61,2.25
2012-03-17,8.29,15.51,1.35,0.23,70.17,1.19
2012-03-18,0.94,3.98,-4.77,16.65,92.43,2.78
2012-03-19,-4.49,-1.8,-8.39,4.14,88.28,2.23
2012-03-20,-3.55,2.13,-8.74,0.03,73.76,1.56
2012-03-21,1.64,8.02,-4.18,0.0,64.45,1.56
2012-03-22,6.0,12.28,0.65,0.0,53.07,1.3
2012-03-23,8.24,14.66,3.6,0.0,51.41,2.03
2012-03-24,6.45,11.62,3.14,0.89,66.77,1.55
2012-03-25,8.11,13.04,4.19,2.41,65.28,1.47
2012-03-26,7.23,13.22,1.85,0.65,69.02,1.76
2012-03-27,10.01,17.36,3.26,0.0,59.03,1.45
2012-03-28,13.63,22.68,5.5,0.0,51.74,2.44
2012-03-29,10.16,15.79,7.07,6.44,83.27,1.35
2012-03-30,12.42,17.88,7.02,1.41,79.85,1.26
2012-03-31,17.44,26.9,10.69,1.15,69.07,2.36
2012-04-01,12.57,16.65,9.57,12.88,86.18,2.05
2012-04-02,13.92,20.62,8.25,0.22,67.27,1.47
2012-04-03,16.1,22.3,11.28,0.0,52.08,1.45
2012-04-04,16.69,22.63,11.78,0.0,49.0,1.45
2012-04-05,15.55,21.5,10.94,0.0,62.09,2.16
2012-04-06,15.33,21.19,9.49,0.0,68.54,1.41
2012-04-07,16.04,21.53,10.48,1.08,63.88,1.25
2012-04-08,15.35,22.14,9.11,0.0,66.96,1.83
2012-04-09,15.71,20.61,9.67,0.0,65.01,1.42
2012-04-10,15.73,21.46,9.7,0.01,66.86,1.57
2012-04-11,15.55,20.82,10.95,6.45,63.31,1.2
2012-04-12,14.19,20.16,8.84,0.0,72.94,1.86
2012-04-13,14.53,20.72,8.73,0.01,71.23,1.59
2012-04-14,15.37,21.94,10.37,0.01,64.11,1.67
2012-04-15,15.68,22.97,8.79,0.0,59.23,1.33
2012-04-16,16.23,23.5,9.27,0.0,61.22,2.12
2012-04-17,18.01,25.01,11.57,0.0,58.51,1.69
2012-04-18,18.66,25.52,12.6,0.0,60.67,1.58
2012-04-19,19.62,26.05,13.44,0.0,61.05,1.63
2012-04-20,17.24,21.85,14.34,0.0,74.4,2.05
2012-04-21,20.17,26.72,14.0,0.0,70.31,1.64
2012-04-22,18.9,23.95,13.55,0.0,75.59,2.69
2012-04-23,18.49,23.05,14.08,0.0,74.91,2.03
2012-04-24,17.44,23.21,11.7,0.09,77.98,2.72
2012-04-25,15.92,17.83,13.81,9.84,87.48,1.94
2012-04-26,17.47,21.6,13.49,2.15,77.89,1.47
2012-04-27,17.17,21.68,12.18,0.3,71.21,1.65
2012-04-28,15.7,20.47,11.79,0.51,73.35,2.3
2012-04-29,13.31,16.62,10.02,6.57,80.52,1.65
2012-04-30,14.48,20.66,8.46,0.0,63.56,1.58
2012-05-01,16.41,22.33,11.09,0.0,56.86,1.47
2012-05-02,15.71,19.87,11.18,0.69,62.04,2.87
2012-05-03,15.18,21.69,8.37,0.31,54.64,2.79
2012-05-04,17.59,23.8,11.39,0.18,48.69,1.18
2012-05-05,17.0,22.24,12.23,0.23,58.79,1.39
2012-05-06,16.34,21.07,11.74,4.38,76.73,1.68
2012-05-07,18.25,23.79,12.19,0.0,69.43,1.51
2012-05-08,19.2,24.74,13.37,0.0,65.07,1.69
2012-05-09,20.17,25.81,14.37,0.0,62.88,1.51
2012-05-10,20.02,24.14,15.61,0.01,65.07,1.31
2012-05-11,15.08,16.88,12.24,2.28,82.0,2.33
2012-05-12,16.86,20.97,12.23,0.28,65.39,1.35
2012-05-13,18.5,25.08,12.62,0.24,57.81,2.06
2012-05-14,18.91,24.59,12.43,0.86,58.19,1.79
2012-05-15,20.74,27.59,14.33,0.02,52.21,1.8
2012-05-16,21.44,27.59,13.84,0.12,48.81,1.76
2012-05-17,21.18,27.0,14.58,1.14,57.06,1.22
2012-05-18,17.14,20.42,14.37,4.0,79.47,2.57
2012-05-19,18.3,24.72,13.11,1.44,64.32,2.4
2012-05-20,18.42,24.27,13.25,0.0,55.93,1.81
2012-05-21,18.51,24.65,11.3,0.02,56.89,1.72
2012-05-22,20.16,26.62,12.49,0.36,54.2,1.42
2012-05-23,21.42,28.03,14.01,0.0,49.52,1.57
2012-05-24,23.32,31.12,14.59,0.0,42.91,1.36
2012-05-25,22.24,28.41,16.58,0.0,50.54,1.94
2012-05-26,22.62,29.21,17.19,0.0,57.88,1.98
2012-05-27,19.14,21.62,16.06,0.9,71.84,2.67
2012-05-28,24.45,31.47,16.75,0.86,51.04,1.82
2012-05-29,22.56,27.35,17.65,1.52,57.8,2.11
2012-05-30,23.73,30.21,17.34,0.0,51.2,1.86
2012-05-31,23.87,31.3,16.62,0.0,44.05,2.5
2012-06-01,24.4,31.87,17.57,0.0,39.76,2.04
2012-06-02,25.34,32.86,18.02,0.0,37.73,2.38
2012-06-03,25.75,33.19,18.41,0.0,37.67,1.59
2012-06-04,25.59,31.93,19.82,0.0,36.26,1.86
2012-06-05,24.59,30.5,18.94,0.09,42.53,1.26
2012-06-06,24.28,32.13,16.96,0.0,40.12,2.39
2012-06-07,25.3,33.02,17.53,0.0,38.77,1.96
2012-06-08,26.25,34.65,17.93,0.0,34.9,1.87
2012-06-09,25.58,32.84,19.01,0.0,30.52,2.02
2012-06-10,23.02,28.72,17.3,0.0,33.07,2.55
2012-06-11,24.21,30.35,17.19,0.0,36.44,1.77
2012-06-12,23.23,29.4,17.26,0.18,43.1,2.51
2012-06-13,23.29,30.15,16.75,0.8,42.59,1.8
2012-06-14,24.76,31.7,18.23,0.0,33.38,1.99
2012-06-15,26.15,34.29,17.77,0.0,33.03,2.34
2012-06-16,28.51,35.56,20.65,0.0,30.11,2.2
2012-06-17,28.63,36.66,20.57,0.0,30.13,2.75
2012-06-18,28.78,37.32,19.7,0.0,30.69,1.89
2012-06-19,30.32,37.83,21.83,0.06,24.95,1.89
2012-06-20,31.14,39.18,22.29,0.75,28.14,2.17
2012-06-21,30.61,37.6,22.76,0.27,29.68,2.25
2012-06-22,25.98,30.09,21.42,0.67,47.1,1.69
2012-06-23,26.57,31.84,20.1,0.04,42.64,1.52
2012-06-24,27.27,33.41,21.44,1.04,33.52,1.73
2012-06-25,26.01,31.97,17.92,1.64,36.83,1.5
2012-06-26,26.47,32.72,19.73,0.15,36.13,1.68
2012-06-27,27.27,33.9,19.25,0.0,33.11,1.5
2012-06-28,27.38,32.84,21.99,2.59,33.81,1.71
2012-06-29,27.53,33.82,21.39,0.51,36.42,1.79
2012-06-30,29.12,36.83,21.59,0.0,29.75,2.07
2012-07-01,29.39,37.09,21.2,0.0,24.71,3.1
2012-07-02,30.05,38.51,22.11,0.0,21.0,2.25
2012-07-03,30.18,38.59,22.39,0.0,23.05,2.72
2012-07-04,28.28,37.24,20.08,0.0,26.38,2.89
2012-07-05,27.22,35.85,17.75,0.0,30.86,2.49
2012-07-06,28.94,37.15,20.01,0.0,26.96,1.76
2012-07-07,29.79,37.37,21.09,0.0,23.92,2.05
2012-07-08,30.16,37.59,22.21,0.0,21.54,2.24
2012-07-09,29.27,35.71,23.22,0.0,24.46,2.18
2012-07-10,29.03,35.88,21.92,0.0,26.33,2.65
2012-07-11,27.36,35.04,19.03,0.0,23.94,3.62
2012-07-12,23.95,32.02,15.63,0.0,27.39,3.23
2012-07-13,25.22,33.34,16.47,0.0,27.17,2.54
2012-07-14,27.21,35.32,18.52,0.0,25.23,1.99
2012-07-15,28.64,36.63,19.9,0.0,22.4,2.06
2012-07-16,29.99,37.26,21.01,0.0,18.45,2.03
2012-07-17,30.87,38.43,22.07,0.0,18.31,1.95
2012-07-18,31.26,38.77,24.36,0.0,19.59,2.52
2012-07-19,30.48,37.68,22.74,0.02,19.83,2.1
2012-07-20,31.42,39.07,23.12,0.0,20.03,2.47
2012-07-21,32.08,39.76,24.51,0.0,18.13,3.23
2012-07-22,30.85,39.02,23.42,0.2,20.73,2.4
2012-07-23,31.11,38.17,23.7,0.0,20.67,2.94
2012-07-24,30.23,37.04,22.38,0.04,24.29,1.89
2012-07-25,29.83,36.73,22.7,0.06,25.21,2.33
2012-07-26,27.89,34.07,21.88,2.4,28.02,2.19
2012-07-27,23.62,29.34,18.19,0.77,42.07,2.12
2012-07-28,23.65,30.13,17.95,0.0,33.23,1.86
2012-07-29,25.34,33.24,16.85,0.0,29.63,2.56
2012-07-30,28.22,35.84,20.81,0.0,26.65,1.93
2012-07-31,28.74,36.13,22.16,0.0,23.47,2.24
2012-08-01,25.32,31.34,18.83,0.0,23.57,2.9
2012-08-02,24.15,30.65,18.17,0.0,22.79,2.22
2012-08-03,24.7,32.17,18.25,0.0,28.33,2.71
2012-08-04,26.24,34.82,17.63,0.0,22.79,2.26
2012-08-05,28.16,36.55,20.31,0.0,19.79,2.43
2012-08-06,29.08,37.21,20.56,0.0,18.14,2.2
2012-08-07,30.49,37.96,21.56,0.0,17.67,1.9
2012-08-08,30.34,38.64,21.64,0.0,18.59,2.06
2012-08-09,30.73,38.39,22.6,0.0,17.27,1.98
2012-08-10,31.0,38.17,23.91,0.0,17.2,1.92
2012-08-11,31.63,39.63,23.81,0.0,18.32,2.38
2012-08-12,30.93,37.88,24.11,0.0,19.18,2.41
2012-08-13,30.11,37.39,22.55,0.58,21.3,1.83
2012-08-14,30.4,38.9,22.15,0.0,20.14,2.37
2012-08-15,30.36,38.14,23.19,0.0,16.88,2.33
2012-08-16,31.39,39.53,24.02,0.0,18.6,1.92
2012-08-17,32.05,40.68,23.42,0.0,15.66,2.15
2012-08-18,32.47,40.45,24.2,0.0,15.3,2.15
2012-08-19,33.69,42.16,24.74,0.0,12.65,2.02
2012-08-20,33.93,41.49,27.57,0.0,13.84,2.07
2012-08-21,32.83,41.02,23.97,0.0,14.42,2.1
2012-08-22,32.24,40.0,25.22,0.0,11.28,2.16
2012-08-23,29.19,36.5,23.16,0.0,16.65,2.34
2012-08-24,25.57,32.31,19.48,0.03,28.8,2.85
2012-08-25,23.99,31.38,17.43,0.0,26.58,2.27
2012-08-26,24.63,31.78,19.0,0.0,26.05,2.03
2012-08-27,24.72,32.05,18.34,0.0,27.1,2.22
2012-08-28,24.91,32.47,17.98,0.0,25.61,2.55
2012-08-29,25.93,34.56,18.87,0.0,22.01,1.61
2012-08-30,26.19,34.45,17.87,0.0,14.61,2.04
2012-08-31,27.31,35.83,20.15,0.0,13.52,2.19
2012-09-01,27.44,35.68,20.32,0.0,13.8,2.0
2012-09-02,27.19,36.35,18.76,0.0,13.81,2.44
2012-09-03,22.96,30.19,16.53,0.0,26.24,2.79
2012-09-04,19.95,27.68,13.59,0.0,22.79,2.93
2012-09-05,18.43,26.84,11.51,0.0,23.3,1.96
2012-09-06,21.14,29.33,15.17,0.0,16.78,1.57
2012-09-07,21.69,28.1,16.96,0.0,17.83,1.8
2012-09-08,22.3,29.85,16.07,0.0,21.19,1.83
2012-09-09,23.85,31.79,17.63,0.0,19.13,1.94
2012-09-10,24.47,32.3,18.96,0.0,18.02,1.9
2012-09-11,25.52,34.46,18.64,0.0,14.92,2.29
2012-09-12,24.62,33.3,18.47,0.0,22.58,2.77
2012-09-13,20.65,27.28,15.32,0.0,36.68,1.91
2012-09-14,19.15,26.77,13.68,0.0,23.13,1.89
2012-09-15,19.64,28.28,12.95,0.0,19.95,2.45
2012-09-16,20.44,28.71,13.71,0.0,16.71,1.91
2012-09-17,20.3,27.56,13.48,0.0,20.83,2.18
2012-09-18,20.87,28.15,14.36,0.0,20.21,2.4
2012-09-19,21.17,28.04,15.76,0.0,17.92,1.87
2012-09-20,20.11,27.69,14.84,0.0,22.58,2.1
2012-09-21,18.02,25.1,12.46,0.0,24.62,1.88
2012-09-22,17.7,26.47,10.38,0.0,22.45,2.21
2012-09-23,18.29,27.0,10.62,0.0,15.02,1.86
2012-09-24,19.27,27.53,11.79,0.0,13.41,2.15
2012-09-25,19.4,27.64,12.71,0.0,13.94,1.83
2012-09-26,19.52,27.68,12.69,0.0,13.48,1.78
2012-09-27,21.02,29.27,15.43,0.0,13.34,1.89
2012-09-28,20.53,27.68,16.16,0.0,16.42,1.77
2012-09-29,19.22,25.18,13.66,0.04,22.9,2.06
2012-09-30,13.78,19.49,8.6,0.41,33.93,1.7
2012-10-01,13.87,22.86,6.47,0.0,16.73,1.6
2012-10-02,14.78,21.32,9.4,0.0,15.86,1.89
2012-10-03,14.86,21.59,8.69,0.0,19.25,1.6
2012-10-04,15.41,20.72,11.43,0.0,27.82,1.75
2012-10-05,13.64,20.16,7.62,0.0,27.32,1.77
2012-10-06,12.47,20.73,6.95,0.0,20.32,1.75
2012-10-07,15.72,24.66,10.0,0.0,7.45,1.75
2012-10-08,16.27,23.66,11.56,0.0,10.05,1.81
2012-10-09,17.14,25.06,10.94,0.0,9.82,1.67
2012-10-10,17.12,25.75,10.35,0.0,10.71,1.79
2012-10-11,17.99,25.43,12.46,0.0,12.17,1.5
2012-10-12,17.33,24.47,12.22,0.0,16.8,1.63
2012-10-13,18.48,26.78,13.19,0.0,18.6,1.8
2012-10-14,17.24,25.12,11.4,0.03,27.39,2.19
2012-10-15,14.46,19.46,11.32,1.08,65.43,1.65
2012-10-16,15.07,22.01,10.61,0.0,51.01,1.65
2012-10-17,11.83,15.98,7.37,0.33,44.21,1.15
2012-10-18,7.1,12.25,1.31,0.0,44.76,1.88
2012-10-19,6.03,14.1,0.35,0.0,34.9,1.75
2012-10-20,8.53,17.18,3.38,0.0,17.33,1.64
2012-10-21,7.58,14.83,2.42,0.0,22.38,1.97
2012-10-22,10.34,19.04,3.67,0.0,25.92,1.64
2012-10-23,12.44,19.31,8.24,0.0,24.71,1.4
2012-10-24,12.95,20.56,8.06,0.0,18.68,1.67
2012-10-25,13.8,21.33,8.02,0.0,19.15,2.03
2012-10-26,13.28,19.42,8.17,2.91,50.8,1.94
2012-10-27,14.62,20.58,10.54,0.1,57.09,1.86
2012-10-28,15.98,22.08,12.3,0.05,53.94,1.29
2012-10-29,17.55,24.8,11.33,0.0,44.07,1.51
2012-10-30,19.59,27.03,14.36,0.0,37.39,1.86
2012-10-31,19.85,26.94,15.28,0.0,34.35,1.22
2012-11-01,14.47,17.64,10.66,0.0,56.58,2.62
2012-11-02,12.01,15.61,9.2,0.0,83.05,1.88
2012-11-03,14.08,19.91,10.33,0.4,66.84,1.33
2012-11-04,7.5,11.03,1.79,18.76,76.21,1.9
2012-11-05,6.29,12.74,1.55,0.0,47.77,1.42
2012-11-06,8.79,16.44,4.68,0.0,38.2,1.54
2012-11-07,9.33,17.45,4.52,0.0,39.33,1.42
2012-11-08,9.84,17.97,5.04,0.0,36.94,1.49
2012-11-09,12.06,18.97,6.96,0.0,31.79,1.57
2012-11-10,13.41,20.96,9.33,0.0,42.85,1.41
2012-11-11,13.33,21.62,8.85,0.0,43.94,1.55
2012-11-12,5.33,9.08,0.76,4.93,70.79,1.65
2012-11-13,0.06,5.54,-3.19,0.27,58.84,1.42
2012-11-14,5.22,13.21,-0.06,0.0,31.18,1.23
2012-11-15,8.95,15.52,6.09,3.02,48.76,1.68
2012-11-16,3.47,5.53,0.68,7.07,86.26,1.27
2012-11-17,4.52,9.14,1.57,0.0,64.12,1.24
2012-11-18,4.74,9.51,1.23,3.01,66.11,1.73
2012-11-19,-0.38,3.26,-6.16,6.17,85.12,1.3
2012-11-20,-5.47,-0.78,-8.01,0.02,69.62,1.72
2012-11-21,-1.43,6.4,-6.14,0.0,43.18,1.23
2012-11-22,-0.49,4.06,-3.09,0.0,45.03,0.81
2012-11-23,-1.94,3.12,-4.58,0.0,61.64,1.1
2012-11-24,-0.68,4.84,-3.79,0.0,53.92,1.11
2012-11-25,2.22,7.78,-0.46,0.0,47.33,1.04
2012-11-26,1.8,5.97,-0.86,0.0,58.74,1.73
2012-11-27,5.8,12.44,1.69,0.0,69.4,1.45
2012-11-28,2.53,7.5,-0.45,5.54,80.96,1.29
2012-11-29,-0.94,0.6,-2.15,7.05,92.22,2.3
2012-11-30,2.08,6.71,-1.09,0.29,66.89,1.26
2012-12-01,4.0,10.07,1.05,0.0,51.84,1.48
2012-12-02,4.83,10.57,2.11,0.0,55.32,1.19
2012-12-03,5.48,12.28,2.05,0.0,50.08,1.16
2012-12-04,7.87,15.02,3.18,0.0,38.87,1.28
2012-12-05,10.32,17.01,6.7,0.0,32.5,1.31
2012-12-06,10.93,19.95,6.68,0.0,37.17,1.62
2012-12-07,10.6,18.66,5.46,0.0,42.75,1.56
2012-12-08,6.07,9.43,3.48,1.71,86.07,1.88
2012-12-09,7.05,13.76,3.35,1.7,61.71,1.27
2012-12-10,7.13,10.05,4.31,0.0,53.4,1.02
2012-12-11,3.85,7.16,1.33,10.75,86.9,1.67
2012-12-12,-0.28,2.84,-3.35,3.38,90.28,0.98
2012-12-13,-5.29,-1.98,-9.57,0.29,81.73,1.12
2012-12-14,-8.39,-4.21,-10.78,0.08,63.16,1.03
2012-12-15,-7.72,-4.64,-10.14,0.75,55.42,0.85
2012-12-16,-10.65,-7.16,-13.04,1.71,61.84,1.2
2012-12-17,-3.08,2.58,-8.76,0.39,67.37,1.33
2012-12-18,-7.38,-3.57,-9.09,7.57,87.9,2.18
2012-12-19,-9.67,-6.1,-13.99,1.07,80.73,1.22
2012-12-20,-7.52,0.69,-13.91,0.0,42.74,1.23
2012-12-21,0.5,6.14,-6.56,0.0,34.91,1.56
2012-12-22,5.34,10.24,1.32,0.25,54.58,1.9
2012-12-23,1.54,3.61,-0.28,6.02,93.86,2.11
2012-12-24,0.33,4.02,-1.94,0.84,80.35,1.33
2012-12-25,1.54,5.56,-8.38,7.17,70.66,1.63
2012-12-26,-7.56,-3.54,-10.14,1.96,78.36,1.12
2012-12-27,-9.3,-6.03,-14.54,0.2,69.77,1.31
2012-12-28,-11.84,-6.39,-15.13,0.22,81.23,1.72
2012-12-29,-6.47,-0.91,-11.16,0.0,52.85,1.08
2012-12-30,-0.09,5.23,-4.34,0.0,31.89,0.97
2012-12-31,-0.2,3.98,-5.59,0.0,50.79,0.98
2013-01-01,-6.27,-4.75,-7.91,2.72,89.78,1.89
2013-01-02,-2.76,2.91,-8.16,0.02,55.97,1.45
2013-01-03,-3.12,-1.33,-5.39,3.53,79.48,1.93
2013-01-04,-6.07,-3.94,-7.97,3.14,83.6,1.87
2013-01-05,-3.76,3.61,-9.26,0.02,60.63,1.32
2013-01-06,0.43,5.84,-4.68,0.0,47.23,1.48
2013-01-07,1.71,7.82,-1.87,0.0,50.11,1.74
2013-01-08,2.52,9.93,-0.92,0.0,54.95,1.64
2013-01-09,3.46,9.59,-1.36,0.0,51.15,1.86
2013-01-10,4.95,11.82,1.33,0.03,58.28,2.13
2013-01-11,6.15,12.32,0.0,10.09,77.58,2.45
2013-01-12,-4.09,-0.63,-5.72,11.98,84.1,3.16
2013-01-13,-3.51,2.41,-7.24,0.03,56.41,1.38
2013-01-14,0.06,6.55,-6.22,0.0,39.01,1.3
2013-01-15,-0.87,1.45,-3.68,3.18,72.92,2.18
2013-01-16,-4.51,-1.95,-6.97,2.13,89.38,1.18
2013-01-17,-5.14,-0.21,-7.82,0.16,70.38,1.33
2013-01-18,-3.46,2.97,-7.21,0.0,55.54,1.25
2013-01-19,0.47,5.28,-5.36,0.1,54.78,1.52
2013-01-20,1.32,5.49,-1.47,0.09,62.24,1.88
2013-01-21,3.36,10.28,-0.81,0.0,57.61,2.39
2013-01-22,0.7,3.69,-1.02,8.39,92.3,2.08
2013-01-23,2.92,9.03,-1.78,0.56,66.41,1.75
2013-01-24,5.53,12.16,0.54,0.0,48.27,1.6
2013-01-25,6.03,11.69,2.0,1.08,65.06,2.5
2013-01-26,7.68,14.86,1.82,0.53,62.42,1.47
2013-01-27,7.93,13.33,3.88,2.65,78.28,3.44
2013-01-28,5.28,10.39,1.06,0.51,73.95,1.45
2013-01-29,6.48,12.26,2.92,0.04,63.38,1.78
2013-01-30,8.58,13.25,4.42,0.28,66.56,1.3
2013-01-31,5.65,6.89,3.59,3.59,85.94,2.02
2013-02-01,9.03,16.67,3.4,0.03,64.57,1.89
2013-02-02,4.6,7.97,1.92,12.67,90.36,2.59
2013-02-03,4.92,11.83,0.81,0.07,76.83,2.14
2013-02-04,0.75,3.02,-1.94,4.12,89.01,2.07
2013-02-05,-1.5,2.95,-4.26,0.25,77.91,1.46
2013-02-06,1.45,7.69,-2.49,0.0,55.05,0.96
2013-02-07,5.85,13.35,0.95,0.0,43.0,1.6
2013-02-08,7.47,11.42,2.96,0.93,43.68,1.02
2013-02-09,3.2,7.0,-0.49,3.85,74.04,1.88
2013-02-10,0.44,5.83,-2.25,0.14,81.94,1.33
2013-02-11,1.97,8.15,-1.98,0.0,55.34,1.52
2013-02-12,3.57,10.66,-1.42,0.0,45.93,1.75
2013-02-13,4.62,11.24,0.66,0.0,46.54,1.47
2013-02-14,5.68,11.61,1.88,0.0,45.39,1.33
2013-02-15,2.55,8.56,-1.48,0.0,57.83,1.45
2013-02-16,1.82,8.4,-2.44,0.0,57.24,1.42
2013-02-17,5.51,12.94,-0.37,0.0,43.72,1.45
2013-02-18,3.26,6.66,1.02,3.53,75.09,2.17
2013-02-19,3.79,8.97,0.99,1.23,79.08,0.95
2013-02-20,4.46,9.61,1.02,1.52,78.94,1.18
2013-02-21,3.71,5.92,0.36,0.77,80.32,1.03
2013-02-22,2.33,8.16,-1.61,0.12,79.99,1.48
2013-02-23,1.76,3.97,0.35,1.78,77.1,1.31
2013-02-24,4.06,7.45,1.63,2.66,81.23,1.37
2013-02-25,6.04,11.38,3.11,0.6,70.39,1.49
2013-02-26,2.49,7.9,-1.49,0.26,82.13,1.61
2013-02-27,-1.2,0.22,-2.68,4.21,83.92,2.06
2013-02-28,2.67,7.8,-2.86,0.39,65.68,2.61
2013-03-01,6.52,11.79,0.63,0.39,63.39,2.66
2013-03-02,11.95,19.25,7.19,2.14,61.45,2.52
2013-03-03,7.03,11.39,3.05,14.21,90.44,1.14
2013-03-04,7.7,14.48,1.44,1.4,70.57,1.85
2013-03-05,13.69,22.8,6.51,0.0,57.25,2.5
2013-03-06,14.29,21.91,8.25,0.04,64.77,2.0
2013-03-07,-0.46,8.06,-7.05,17.93,88.82,3.49
2013-03-08,-4.01,0.26,-9.15,5.84,87.96,1.7
2013-03-09,-2.83,1.29,-5.93,4.58,81.24,1.61
2013-03-10,3.98,12.06,-3.1,0.0,55.65,1.33
2013-03-11,8.42,15.39,3.01,0.42,65.35,2.29
2013-03-12,8.91,12.74,5.49,4.26,82.99,0.92
2013-03-13,8.43,11.83,5.17,8.04,84.23,1.02
2013-03-14,10.89,18.72,4.13,0.0,61.27,2.02
2013-03-15,8.17,11.56,4.94,8.05,82.93,1.76
2013-03-16,6.34,11.15,3.04,2.7,80.22,1.97
2013-03-17,7.12,12.3,3.93,0.02,70.29,1.75
2013-03-18,7.24,13.38,3.03,0.04,65.96,1.31
2013-03-19,11.26,18.47,3.46,0.0,48.97,1.32
2013-03-20,13.93,23.56,6.69,0.1,53.32,1.91
2013-03-21,7.53,11.58,4.86,7.41,84.21,2.2
2013-03-22,9.23,15.58,3.44,0.01,69.96,1.93
2013-03-23,9.69,15.07,5.77,0.0,77.12,1.26
2013-03-24,12.03,16.8,8.67,0.0,73.79,1.27
2013-03-25,14.77,21.9,7.6,0.09,59.72,2.04
2013-03-26,8.52,11.62,5.9,11.63,86.53,1.44
2013-03-27,10.17,17.43,4.97,0.0,66.93,1.43
2013-03-28,13.4,20.23,8.01,0.0,53.73,1.58
2013-03-29,15.92,21.55,10.53,0.0,52.67,1.36
2013-03-30,15.96,22.75,9.15,0.1,59.62,1.63
2013-03-31,8.96,12.32,4.21,16.45,87.71,2.17
2013-04-01,3.52,6.94,0.99,11.69,87.39,2.42
2013-04-02,4.89,10.97,0.02,0.01,77.58,1.24
2013-04-03,9.2,16.27,2.51,0.0,57.19,1.49
2013-04-04,11.61,17.6,6.09,0.0,58.79,1.43
2013-04-05,13.22,18.83,7.93,0.0,61.74,1.47
2013-04-06,12.46,18.33,6.58,0.0,70.83,1.64
2013-04-07,13.45,18.8,7.87,0.0,65.57,1.58
2013-04-08,14.92,21.35,10.27,0.0,64.69,1.78
2013-04-09,16.6,23.83,10.57,0.0,56.62,1.46
2013-04-10,17.73,24.97,11.14,0.0,55.33,1.72
2013-04-11,19.87,26.61,13.47,0.0,53.33,1.61
2013-04-12,20.98,26.75,15.64,0.03,54.93,1.46
2013-04-13,18.47,21.67,15.65,0.05,65.93,1.31
2013-04-14,18.71,24.5,12.32,0.41,60.5,1.14
2013-04-15,11.74,13.9,7.55,13.34,89.25,2.23
2013-04-16,10.69,15.22,5.62,1.65,66.38,1.39
2013-04-17,8.74,13.56,2.98,4.85,73.01,2.1
2013-04-18,7.4,14.27,1.49,0.32,62.05,1.83
2013-04-19,9.7,17.43,1.66,0.0,55.78,1.65
2013-04-20,12.22,18.24,5.59,0.0,57.25,1.68
2013-04-21,14.74,21.11,8.49,0.0,54.23,1.45
2013-04-22,19.93,27.91,11.86,0.08,55.63,1.91
2013-04-23,16.48,22.48,11.67,2.0,70.9,1.72
2013-04-24,14.75,20.06,11.26,1.9,73.47,2.27
2013-04-25,14.77,20.59,9.06,2.43,74.5,1.84
2013-04-26,11.76,14.19,9.18,2.94,79.08,1.76
2013-04-27,13.69,19.57,7.88,0.41,58.47,1.49
2013-04-28,9.12,11.12,5.29,3.52,76.33,1.42
2013-04-29,10.11,17.06,3.57,0.0,62.6,2.58
2013-04-30,12.61,19.37,5.68,0.02,67.75,1.97
2013-05-01,15.05,21.45,7.81,0.01,67.34,2.34
2013-05-02,17.01,23.48,10.57,0.0,61.3,1.68
2013-05-03,17.06,23.18,11.83,1.1,61.76,1.97
2013-05-04,16.13,23.15,9.96,0.0,55.12,2.41
2013-05-05,16.49,24.05,9.03,0.0,57.68,1.97
2013-05-06,17.9,25.29,10.63,0.0,55.97,1.72
2013-05-07,20.16,27.36,12.38,0.0,51.32,1.75
2013-05-08,21.61,28.38,13.3,0.0,44.2,1.68
2013-05-09,17.59,23.33,12.05,0.0,52.94,2.08
2013-05-10,16.98,24.13,10.19,0.0,49.72,2.42
2013-05-11,17.6,24.84,11.2,0.03,55.65,1.59
2013-05-12,17.46,20.96,12.9,0.28,54.42,1.12
2013-05-13,18.64,25.65,11.71,0.02,55.2,1.6
2013-05-14,20.6,27.78,14.31,0.0,48.01,1.67
2013-05-15,22.05,29.91,13.24,0.0,44.75,1.5
2013-05-16,24.33,31.31,17.14,0.0,40.39,1.83
2013-05-17,25.53,31.86,19.7,0.0,37.44,1.66
2013-05-18,26.27,34.9,17.97,0.0,39.66,1.16
2013-05-19,21.06,25.15,17.42,2.76,57.98,3.23
2013-05-20,20.23,25.41,14.92,6.33,60.13,2.9
2013-05-21,14.76,20.5,9.18,4.35,55.68,1.93
2013-05-22,17.0,25.51,8.27,0.13,42.63,1.73
2013-05-23,21.12,28.71,14.01,0.08,42.86,1.38
2013-05-24,20.92,27.2,15.34,0.73,45.11,1.73
2013-05-25,19.21,24.6,14.07,0.61,52.09,1.43
2013-05-26,18.56,24.99,11.08,0.29,53.53,1.55
2013-05-27,20.25,26.84,13.54,0.06,46.23,1.78
2013-05-28,21.39,28.68,12.78,0.0,41.36,1.88
2013-05-29,23.51,32.13,13.98,0.0,36.7,1.91
2013-05-30,26.09,34.26,16.45,0.0,35.74,1.83
2013-05-31,28.07,36.17,19.28,0.0,31.61,1.53
2013-06-01,26.63,35.54,18.94,0.0,33.96,2.87
2013-06-02,26.73,33.65,20.28,0.2,38.89,1.99
2013-06-03,25.54,31.85,19.74,0.67,38.19,1.8
2013-06-04,26.31,33.46,19.87,1.2,35.1,1.91
2013-06-05,26.15,33.33,20.1,2.33,39.98,2.96
2013-06-06,23.73,30.22,17.8,0.0,39.32,1.98
2013-06-07,25.65,33.81,17.31,0.0,30.45,1.5
2013-06-08,28.78,37.48,20.24,0.0,23.87,1.84
2013-06-09,30.21,38.0,21.38,0.0,22.73,2.73
2013-06-10,28.38,35.14,21.7,0.0,28.41,2.65
2013-06-11,26.74,33.82,20.08,0.0,30.27,2.68
2013-06-12,26.06,33.57,18.52,0.0,28.25,2.95
2013-06-13,24.97,32.11,17.27,0.0,28.91,2.33
2013-06-14,23.78,31.13,15.47,0.81,34.28,2.11
2013-06-15,24.5,32.08,15.81,0.0,26.32,2.22
2013-06-16,24.42,32.15,15.86,0.33,32.6,3.35
2013-06-17,21.47,30.3,13.71,0.02,33.13,3.9
2013-06-18,21.87,31.58,11.25,0.0,23.82,1.89
2013-06-19,25.67,34.71,16.12,0.0,19.39,2.19
2013-06-20,28.29,36.91,17.59,0.0,15.64,2.0
2013-06-21,30.74,39.83,20.47,0.0,13.85,2.06
2013-06-22,32.91,39.97,26.93,0.0,14.04,2.11
2013-06-23,32.88,40.07,25.58,0.0,15.09,2.8
2013-06-24,32.95,40.61,24.59,0.0,16.03,2.99
2013-06-25,30.67,37.44,23.85,0.0,21.37,3.4
2013-06-26,29.58,36.3,23.53,0.0,23.65,3.21
2013-06-27,28.38,33.8,22.85,0.35,25.99,2.61
2013-06-28,25.58,30.75,19.74,3.44,33.27,2.16
2013-06-29,25.86,32.18,19.61,2.21,35.56,2.74
2013-06-30,25.83,32.31,20.26,0.46,34.41,1.96
2013-07-01,27.47,34.84,18.84,0.0,27.79,2.13
2013-07-02,29.8,36.71,22.29,0.0,24.24,1.64
2013-07-03,25.2,29.74,19.96,0.03,31.14,2.57
2013-07-04,23.72,27.93,18.0,0.13,31.75,1.51
2013-07-05,24.56,31.41,18.15,0.0,25.84,2.99
2013-07-06,24.41,32.2,16.12,0.0,23.2,2.97
2013-07-07,25.03,31.87,17.07,0.0,27.1,3.38
2013-07-08,26.24,33.5,18.13,0.0,23.7,3.05
2013-07-09,26.86,33.6,19.86,0.0,24.68,2.63
2013-07-10,27.47,33.78,20.82,0.41,26.07,2.26
2013-07-11,28.25,35.55,19.41,0.04,24.88,2.08
2013-07-12,29.86,37.1,21.4,0.0,20.66,1.94
2013-07-13,30.72,38.05,25.5,0.08,22.57,2.94
2013-07-14,28.57,34.92,21.04,1.29,34.38,2.82
2013-07-15,27.61,34.45,21.27,0.26,26.26,2.65
2013-07-16,26.65,34.03,19.02,0.0,23.22,3.03
2013-07-17,29.05,36.39,21.5,0.0,21.09,2.12
2013-07-18,28.22,35.3,21.66,0.0,19.15,2.46
2013-07-19,30.16,37.86,22.13,0.0,17.18,2.6
2013-07-20,32.27,40.02,24.34,0.08,18.48,2.3
2013-07-21,27.53,33.37,21.65,0.77,24.8,2.73
2013-07-22,27.0,33.89,20.21,0.0,25.95,2.04
2013-07-23,28.51,35.7,20.77,0.0,24.42,2.78
2013-07-24,29.52,36.81,22.75,0.0,23.55,3.23
2013-07-25,29.93,38.54,21.03,0.0,24.34,2.27
2013-07-26,31.1,39.6,21.79,0.0,21.57,2.02
2013-07-27,33.4,40.61,24.25,0.0,18.81,2.4
2013-07-28,32.99,40.23,26.47,0.0,20.39,3.19
2013-07-29,34.04,42.65,24.58,0.0,15.69,3.55
2013-07-30,36.15,45.35,26.71,0.0,13.57,2.46
2013-07-31,36.08,45.59,26.89,0.0,13.4,2.73
2013-08-01,32.27,40.15,24.96,0.0,21.67,3.5
2013-08-02,30.69,38.57,23.34,0.0,22.62,2.65
2013-08-03,29.83,37.25,23.12,0.0,23.79,3.56
2013-08-04,28.99,36.27,21.87,0.0,21.42,2.94
2013-08-05,30.46,38.45,22.36,0.0,19.0,2.32
2013-08-06,31.88,39.98,22.95,0.04,18.73,2.38
2013-08-07,27.8,32.94,22.87,0.47,33.61,2.06
2013-08-08,26.82,32.68,21.6,0.01,36.38,2.38
2013-08-09,27.43,33.81,22.25,0.02,30.08,2.32
2013-08-10,25.73,30.56,21.1,1.87,38.41,1.71
2013-08-11,25.55,32.21,18.63,0.0,33.81,2.04
2013-08-12,25.57,30.95,21.28,0.41,30.37,1.69
2013-08-13,24.59,30.55,19.54,0.3,35.21,2.05
2013-08-14,25.68,32.75,19.19,0.0,26.75,1.99
2013-08-15,27.02,34.55,20.09,0.0,25.43,2.04
2013-08-16,27.52,35.38,19.56,0.0,23.84,2.31
2013-08-17,27.96,35.27,21.18,0.0,20.99,2.49
2013-08-18,29.11,36.81,21.26,0.0,19.98,2.28
2013-08-19,29.41,37.41,22.06,0.0,18.93,2.35
2013-08-20,29.65,35.9,24.39,0.0,15.21,1.77
2013-08-21,29.42,36.91,23.05,0.0,15.73,2.14
2013-08-22,29.16,37.08,22.54,0.0,15.23,2.13
2013-08-23,28.56,34.94,23.35,0.01,20.9,2.39
2013-08-24,26.1,32.1,21.21,0.0,30.9,2.06
2013-08-25,25.68,32.46,20.01,0.0,25.53,2.39
2013-08-26,26.63,34.66,19.62,0.0,18.74,1.64
2013-08-27,26.23,33.72,19.8,0.0,18.83,2.18
2013-08-28,27.27,34.34,21.04,0.0,17.27,1.85
2013-08-29,23.66,30.87,15.64,0.13,26.45,3.26
2013-08-30,17.52,24.59,11.83,0.0,29.08,3.47
2013-08-31,20.0,28.95,11.24,0.0,13.37,1.72
2013-09-01,22.76,31.84,13.37,0.0,10.17,2.0
2013-09-02,24.98,33.34,17.67,0.0,10.2,2.11
2013-09-03,24.87,34.12,17.16,0.0,12.45,2.47
2013-09-04,25.22,33.33,18.83,0.0,12.92,2.0
2013-09-05,25.45,32.73,19.73,0.0,17.24,2.07
2013-09-06,26.29,34.98,19.54,0.0,16.43,2.54
2013-09-07,26.27,35.73,18.1,0.0,14.82,1.72
2013-09-08,27.65,37.02,19.46,0.0,13.26,2.16
2013-09-09,28.63,38.61,19.78,0.0,13.67,3.13
2013-09-10,29.62,38.93,21.34,0.0,12.8,2.35
2013-09-11,26.38,32.61,19.51,0.0,23.44,3.01
2013-09-12,21.77,27.59,16.89,0.0,27.64,2.89
2013-09-13,20.98,27.45,15.35,0.0,31.13,1.9
2013-09-14,21.01,26.63,16.97,0.04,32.74,2.04
2013-09-15,18.65,23.71,14.03,3.43,41.56,2.05
2013-09-16,17.84,24.87,12.28,0.0,34.75,1.65
2013-09-17,19.56,27.37,13.31,0.0,21.69,1.43
2013-09-18,21.04,28.94,14.04,0.0,18.06,1.96
2013-09-19,22.79,31.72,15.73,0.0,15.65,1.75
2013-09-20,26.92,35.28,21.07,0.0,12.4,1.68
2013-09-21,24.67,31.96,18.85,0.0,17.56,1.97
2013-09-22,24.22,31.31,17.41,0.0,17.88,1.71
2013-09-23,25.48,33.5,19.94,0.0,15.34,1.93
2013-09-24,25.71,33.99,19.2,0.0,13.81,1.66
2013-09-25,27.78,38.19,20.16,0.0,13.38,2.42
2013-09-26,26.7,34.23,21.15,0.0,17.96,2.51
2013-09-27,19.82,25.05,13.39,0.0,34.15,2.91
2013-09-28,19.42,27.85,12.33,0.0,24.9,1.68
2013-09-29,21.58,29.4,15.81,0.0,19.73,1.88
2013-09-30,21.72,30.37,14.27,0.0,15.84,1.63
2013-10-01,21.4,28.31,15.63,0.0,22.51,2.0
2013-10-02,20.54,28.17,15.29,0.0,29.09,1.62
2013-10-03,23.1,30.85,16.36,0.0,20.62,1.66
2013-10-04,24.38,33.22,17.54,0.0,16.23,2.28
2013-10-05,24.85,32.57,19.83,0.0,20.57,1.69
2013-10-06,24.98,34.52,17.72,0.0,17.35,1.89
2013-10-07,23.27,31.71,18.07,0.0,20.44,1.76
2013-10-08,20.24,26.96,15.36,0.0,24.47,1.63
2013-10-09,16.24,22.8,10.29,0.0,28.04,2.47
2013-10-10,9.77,13.66,6.14,0.37,47.06,1.85
2013-10-11,10.94,18.72,5.45,0.01,33.91,1.74
2013-10-12,13.01,20.48,7.85,0.0,19.6,1.51
2013-10-13,14.74,21.65,8.81,0.0,19.3,1.73
2013-10-14,15.23,21.47,10.79,0.0,21.78,1.32
2013-10-15,14.34,20.02,10.04,0.0,22.33,1.41
2013-10-16,14.23,21.04,9.63,0.02,30.96,1.85
2013-10-17,15.4,22.49,11.56,0.0,31.06,1.57
2013-10-18,17.05,24.92,11.69,0.0,26.71,1.51
2013-10-19,18.09,25.85,13.84,0.0,21.92,1.55
2013-10-20,18.85,27.0,13.06,0.0,15.51,1.65
2013-10-21,18.3,27.53,12.26,0.0,18.04,2.53
2013-10-22,12.82,18.1,9.61,0.14,56.04,2.63
2013-10-23,10.01,12.42,7.71,0.33,65.1,1.26
2013-10-24,12.47,19.19,7.89,0.0,50.85,1.42
2013-10-25,12.98,18.84,7.16,0.23,53.08,2.16
2013-10-26,3.24,6.38,0.47,5.79,80.03,3.13
2013-10-27,1.97,7.46,-1.96,0.94,71.76,1.84
2013-10-28,6.54,14.6,-0.03,0.0,38.92,1.46
2013-10-29,11.68,19.53,5.28,0.0,27.49,1.49
2013-10-30,8.67,12.75,5.46,0.7,56.69,2.03
2013-10-31,6.92,11.24,4.37,1.2,77.58,1.08
2013-11-01,7.47,12.85,4.27,0.0,66.55,1.28
2013-11-02,8.0,13.92,3.56,0.0,59.82,1.6
2013-11-03,9.21,15.95,5.02,0.0,48.12,1.46
2013-11-04,10.08,16.95,5.87,0.0,38.22,1.28
2013-11-05,10.01,16.73,5.93,0.0,39.62,1.54
2013-11-06,8.72,15.28,4.23,0.0,42.09,1.38
2013-11-07,8.58,15.99,3.04,0.0,39.29,1.58
2013-11-08,8.24,16.04,3.02,0.0,39.42,1.46
2013-11-09,7.49,14.94,2.21,0.0,41.25,1.62
2013-11-10,7.4,13.13,3.89,0.0,38.16,1.78
2013-11-11,6.28,12.92,0.26,0.0,40.63,2.0
2013-11-12,3.63,10.91,-2.29,0.0,46.58,1.78
2013-11-13,6.67,14.34,2.67,0.0,29.37,1.47
2013-11-14,8.6,16.38,4.96,0.0,21.79,1.42
2013-11-15,11.52,19.58,6.87,0.0,14.93,1.22
2013-11-16,11.98,18.55,7.92,0.01,24.66,1.53
2013-11-17,10.77,16.67,6.94,0.03,55.54,1.3
2013-11-18,9.94,12.85,7.24,0.36,67.58,1.57
2013-11-19,9.2,13.44,4.58,3.61,78.97,1.96
2013-11-20,-0.18,3.57,-4.6,11.1,78.71,2.63
2013-11-21,-0.62,6.15,-5.66,0.0,56.49,1.54
2013-11-22,4.34,12.41,-0.76,0.0,32.35,1.3
2013-11-23,6.09,11.4,1.0,0.0,38.39,1.11
2013-11-24,3.34,5.58,0.04,0.03,55.63,1.14
2013-11-25,6.2,11.33,2.41,0.0,65.05,0.98
2013-11-26,9.85,15.12,5.37,0.06,73.19,1.0
2013-11-27,8.95,15.42,4.19,0.0,70.45,1.59
2013-11-28,9.4,16.36,5.38,0.0,54.34,1.88
2013-11-29,8.39,10.71,6.32,1.2,75.59,2.9
2013-11-30,12.04,17.97,6.97,0.4,72.46,1.7
2013-12-01,7.72,13.15,0.88,1.57,83.15,2.48
2013-12-02,2.95,7.31,-0.03,0.1,67.91,1.15
2013-12-03,6.37,13.54,2.06,0.0,41.88,1.26
2013-12-04,8.97,19.03,1.47,2.33,54.21,2.78
2013-12-05,-2.4,0.98,-8.12,14.3,77.78,1.7
2013-12-06,2.24,6.37,-5.59,0.84,47.14,1.01
2013-12-07,2.4,4.87,-0.19,5.12,92.17,1.85
2013-12-08,3.45,9.61,-1.06,0.08,71.5,1.24
2013-12-09,7.28,13.51,3.67,0.0,59.47,1.37
2013-12-10,8.39,16.98,2.95,0.14,52.3,1.91
2013-12-11,3.12,6.56,-0.99,1.58,81.72,1.84
2013-12-12,2.04,7.52,-0.85,0.0,62.18,1.2
2013-12-13,5.6,12.14,1.18,0.0,43.37,1.35
2013-12-14,8.41,12.71,3.84,0.0,56.46,1.98
2013-12-15,8.48,17.85,2.41,3.68,74.28,3.08
2013-12-16,-0.54,2.32,-4.03,6.85,83.07,1.96
2013-12-17,-4.23,-1.04,-7.13,0.35,66.47,1.45
2013-12-18,-4.73,-1.3,-7.36,0.07,57.48,0.77
2013-12-19,-1.82,3.64,-5.24,0.0,42.28,1.16
2013-12-20,-0.57,5.26,-3.08,0.0,50.19,0.97
2013-12-21,-3.53,-1.1,-6.0,1.73,71.55,1.3
2013-12-22,-5.12,-0.9,-7.51,1.24,72.08,1.14
2013-12-23,-2.42,1.06,-5.38,0.0,56.59,1.11
2013-12-24,-2.96,-1.49,-5.45,0.4,79.54,2.47
2013-12-25,-1.79,3.25,-6.07,0.04,64.47,1.34
2013-12-26,-0.59,2.06,-2.49,0.86,64.14,1.27
2013-12-27,-2.64,0.61,-4.61,3.07,83.58,1.52
2013-12-28,-5.67,-4.15,-7.39,0.58,88.76,2.18
2013-12-29,-6.78,-3.61,-9.58,0.47,87.53,1.19
2013-12-30,-7.93,-4.12,-10.34,0.17,89.02,1.32
2013-12-31,-7.83,-3.87,-10.18,0.0,81.28,0.98
2014-01-01,-3.36,3.04,-7.61,0.0,61.87,1.04
2014-01-02,1.18,7.84,-3.88,0.0,41.45,1.17
2014-01-03,0.03,2.36,-3.12,0.14,61.53,0.79
2014-01-04,-2.48,1.23,-4.61,1.26,81.26,0.88
2014-01-05,-3.32,-0.13,-6.14,0.21,78.81,0.95
2014-01-06,-4.17,0.54,-6.18,0.78,74.89,0.97
2014-01-07,-2.95,3.04,-5.99,0.0,51.64,1.41
2014-01-08,-2.73,1.11,-4.62,0.0,54.64,0.94
2014-01-09,-3.86,0.03,-6.12,0.0,66.89,1.31
2014-01-10,-2.56,3.95,-6.54,0.0,51.99,1.43
2014-01-11,1.39,7.31,-3.18,0.0,38.07,1.55
2014-01-12,4.22,9.3,0.21,0.01,33.68,1.0
2014-01-13,2.46,6.69,-0.11,0.11,65.08,1.7
2014-01-14,4.39,10.16,0.7,0.01,54.84,1.05
2014-01-15,0.35,5.52,-3.77,4.82,80.91,1.42
2014-01-16,-2.05,1.03,-3.82,0.52,74.76,1.54
2014-01-17,-0.37,5.25,-4.11,0.0,51.37,1.17
2014-01-18,4.21,10.93,0.73,0.0,36.94,1.1
2014-01-19,5.55,8.98,2.9,0.0,44.18,1.27
2014-01-20,5.07,7.88,2.12,1.75,70.86,1.02
2014-01-21,1.16,4.03,-0.36,7.9,94.31,1.27
2014-01-22,-0.51,1.85,-2.56,8.26,94.98,0.65
2014-01-23,1.35,5.82,-2.68,2.08,89.85,1.47
2014-01-24,4.12,5.66,2.49,4.71,93.39,2.76
2014-01-25,2.05,4.44,-0.42,2.09,90.95,1.24
2014-01-26,2.89,8.52,-1.66,0.19,82.52,2.31
2014-01-27,2.46,5.21,0.68,1.61,94.73,1.29
2014-01-28,4.96,9.59,1.65,0.37,81.88,1.85
2014-01-29,7.43,11.24,5.49,2.23,75.37,2.59
2014-01-30,2.15,5.71,0.31,6.97,89.29,2.08
2014-01-31,-2.18,0.28,-5.17,0.42,84.3,2.02
2014-02-01,-6.98,-5.34,-9.18,1.31,84.46,1.76
2014-02-02,-10.02,-8.58,-12.22,1.6,79.04,2.71
2014-02-03,-12.3,-10.78,-13.4,0.56,77.17,2.28
2014-02-04,-13.26,-10.84,-16.37,0.12,69.46,1.84
2014-02-05,-10.75,-3.89,-16.48,0.0,58.22,1.17
2014-02-06,-6.46,-1.32,-10.02,0.01,49.16,1.4
2014-02-07,-6.01,-3.68,-9.07,0.68,78.88,2.7
2014-02-08,-7.25,-6.07,-9.64,2.04,80.67,2.23
2014-02-09,-7.58,-1.55,-11.48,0.11,62.84,1.34
2014-02-10,-5.01,0.86,-8.78,0.0,50.89,1.15
2014-02-11,-4.21,1.9,-8.63,0.0,56.95,1.27
2014-02-12,-1.91,3.93,-5.39,0.0,52.86,1.15
2014-02-13,-1.51,4.25,-4.97,0.0,54.3,1.16
2014-02-14,-1.46,3.64,-4.79,0.0,54.96,1.18
2014-02-15,-1.19,4.04,-4.22,0.0,58.56,1.11
2014-02-16,1.3,8.47,-2.39,0.0,51.73,1.18
2014-02-17,7.21,15.06,0.61,0.0,38.32,1.26
2014-02-18,5.69,8.49,1.55,0.01,48.58,1.2
2014-02-19,3.22,9.1,-0.26,1.52,80.05,1.72
2014-02-20,0.74,2.68,-0.83,0.28,86.62,2.02
2014-02-21,2.63,7.76,-2.49,0.0,58.17,1.93
2014-02-22,5.12,11.84,-1.27,0.24,67.8,3.27
2014-02-23,-2.21,0.15,-5.73,0.17,77.32,2.01
2014-02-24,-3.52,1.8,-6.9,0.0,63.16,1.59
2014-02-25,-1.04,5.4,-4.46,0.0,47.07,1.31
2014-02-26,-1.94,3.9,-5.31,0.0,53.91,1.41
2014-02-27,-0.15,6.33,-3.74,0.0,46.3,1.27
2014-02-28,2.99,10.05,-1.32,0.0,40.89,1.33
2014-03-01,4.7,11.65,-0.4,0.0,38.48,1.55
2014-03-02,6.14,12.93,1.65,0.0,37.55,1.5
2014-03-03,6.51,12.8,2.62,0.0,40.48,1.64
2014-03-04,5.07,9.37,1.25,0.0,52.35,1.44
2014-03-05,7.6,14.58,3.1,0.0,46.44,1.25
2014-03-06,9.04,17.24,1.96,0.06,45.36,1.57
2014-03-07,6.36,8.87,4.62,1.58,89.96,2.5
2014-03-08,3.57,8.92,-2.38,1.92,85.52,2.39
2014-03-09,-2.3,3.07,-5.71,1.31,71.04,1.62
2014-03-10,-0.56,5.57,-5.31,0.0,56.84,1.47
2014-03-11,3.09,9.98,-1.17,0.0,49.67,1.5
2014-03-12,7.68,16.13,0.97,0.0,38.43,1.72
2014-03-13,13.41,22.37,6.08,0.07,49.65,3.37
2014-03-14,7.31,11.66,2.43,0.24,71.69,2.22
2014-03-15,5.01,9.18,1.79,0.0,66.97,1.41
2014-03-16,8.44,14.35,3.28,0.0,60.59,1.67
2014-03-17,7.78,12.11,3.68,1.6,73.13,2.14
2014-03-18,10.98,19.03,3.17,0.0,58.72,2.84
2014-03-19,13.19,21.43,6.93,1.38,54.7,2.94
2014-03-20,8.6,12.4,4.34,0.6,76.38,1.66
2014-03-21,9.44,15.82,5.01,0.24,62.73,1.56
2014-03-22,10.65,16.5,5.58,1.02,70.42,1.6
2014-03-23,6.83,8.22,2.92,1.14,81.12,2.33
2014-03-24,2.71,6.84,-0.25,4.08,81.24,2.54
2014-03-25,4.68,10.95,-1.27,0.68,78.02,2.17
2014-03-26,7.73,15.25,0.8,0.13,65.21,1.59
2014-03-27,5.24,8.92,2.13,1.91,79.15,1.45
2014-03-28,8.24,16.15,2.42,0.0,54.6,1.4
2014-03-29,11.36,19.29,4.43,0.0,40.44,2.09
2014-03-30,15.36,23.05,8.36,0.0,43.95,2.5
2014-03-31,17.94,27.0,9.63,0.0,37.19,2.11
2014-04-01,17.13,28.22,8.35,0.0,41.43,2.85
2014-04-02,6.87,11.45,3.58,0.19,65.53,2.17
2014-04-03,11.77,19.26,3.83,0.0,50.58,1.54
2014-04-04,9.45,11.9,4.95,0.04,68.72,1.43
2014-04-05,8.69,15.78,3.05,0.39,72.14,1.56
2014-04-06,9.8,15.63,4.87,0.09,68.08,1.71
2014-04-07,6.16,11.47,0.89,4.52,59.8,1.91
2014-04-08,8.06,16.1,0.11,0.0,39.35,1.38
2014-04-09,14.45,22.74,5.29,0.0,35.72,2.1
2014-04-10,12.89,17.53,8.72,1.57,68.36,2.52
2014-04-11,12.58,17.88,8.16,1.4,65.53,1.63
2014-04-12,10.38,14.75,3.38,7.31,70.69,1.82
2014-04-13,4.53,11.08,-1.7,1.66,59.94,1.96
2014-04-14,6.54,15.76,-2.01,0.0,36.46,1.64
2014-04-15,11.6,19.95,5.46,0.0,30.77,1.54
2014-04-16,12.3,20.88,3.4,0.0,31.81,1.79
2014-04-17,11.93,19.52,3.09,0.0,35.07,2.13
2014-04-18,13.42,20.99,5.25,0.0,36.02,1.76
2014-04-19,15.01,21.28,9.56,0.0,33.01,1.2
2014-04-20,14.89,22.56,6.67,0.0,38.47,1.69
2014-04-21,15.62,23.68,8.2,0.0,39.48,1.87
2014-04-22,15.76,23.73,8.64,0.0,36.25,2.74
2014-04-23,16.05,24.71,7.93,0.0,32.24,1.5
2014-04-24,19.38,29.29,11.04,0.0,46.03,2.43
2014-04-25,14.79,19.07,10.32,0.82,67.96,3.76
2014-04-26,11.59,17.15,6.41,1.53,61.76,1.32
2014-04-27,17.68,25.86,10.09,0.13,48.37,2.55
2014-04-28,15.91,21.94,10.65,6.93,70.94,1.33
2014-04-29,15.14,23.76,7.58,0.29,53.81,1.92
2014-04-30,20.67,29.72,11.3,0.0,32.63,1.51
2014-05-01,22.35,27.95,17.51,0.0,41.69,1.6
2014-05-02,22.65,30.09,16.36,0.0,40.02,1.8
2014-05-03,24.18,32.2,17.04,0.0,36.71,1.58
2014-05-04,24.39,32.42,16.1,0.0,38.26,1.89
2014-05-05,25.37,32.72,18.09,0.0,36.47,1.88
2014-05-06,26.61,34.07,19.57,0.0,34.53,1.6
2014-05-07,25.84,33.56,19.13,0.0,40.82,1.89
2014-05-08,25.06,31.92,17.6,0.0,37.79,1.99
2014-05-09,25.08,33.4,16.32,0.0,27.04,1.91
2014-05-10,22.92,31.32,15.51,0.0,25.71,2.05
2014-05-11,20.35,29.21,12.34,0.0,25.89,2.68
2014-05-12,18.34,27.7,9.36,0.0,23.74,2.28
2014-05-13,20.53,29.61,10.61,0.0,18.28,1.91
2014-05-14,22.18,31.38,12.93,0.0,18.12,2.33
2014-05-15,24.31,33.05,15.48,0.0,17.61,2.42
2014-05-16,23.91,32.83,15.05,0.0,19.92,2.25
2014-05-17,25.9,35.07,16.45,0.0,16.1,2.23
2014-05-18,25.74,34.57,16.6,0.0,20.83,2.98
2014-05-19,24.71,32.5,18.89,0.23,33.18,3.38
2014-05-20,19.5,25.85,11.75,0.19,24.07,2.61
2014-05-21,17.3,23.92,11.54,0.0,20.27,3.08
2014-05-22,16.53,24.3,7.59,0.0,20.53,3.16
2014-05-23,20.19,28.1,11.6,0.0,25.59,2.65
2014-05-24,22.98,30.61,15.18,0.0,22.95,1.75
2014-05-25,25.54,33.83,16.48,0.0,18.22,1.85
2014-05-26,27.89,35.28,20.26,0.0,17.1,1.95
2014-05-27,27.56,34.27,20.94,0.0,19.86,1.96
2014-05-28,28.6,35.7,19.71,0.0,18.84,1.71
2014-05-29,25.78,30.85,21.94,1.45,33.95,2.22
2014-05-30,20.33,24.28,14.51,19.89,62.12,2.65
2014-05-31,18.98,27.3,11.17,0.01,50.2,2.28
2014-06-01,18.18,26.41,10.92,0.07,34.62,1.92
2014-06-02,19.4,25.96,13.65,0.22,32.28,1.77
2014-06-03,19.8,27.16,12.93,0.0,32.56,2.04
2014-06-04,21.63,30.08,12.25,0.0,30.84,1.63
2014-06-05,25.32,32.58,18.89,0.0,25.29,1.52
2014-06-06,24.43,29.64,18.67,0.0,32.82,1.77
2014-06-07,24.95,32.83,17.65,3.55,42.29,2.58
2014-06-08,25.1,32.26,18.18,0.01,28.3,2.03
2014-06-09,25.56,32.57,18.17,0.0,29.01,2.37
2014-06-10,25.46,32.88,19.46,0.0,29.95,1.93
2014-06-11,28.16,35.7,19.4,0.02,26.11,1.81
2014-06-12,30.06,37.81,21.22,0.0,23.59,1.82
2014-06-13,32.21,40.29,23.66,0.0,19.39,2.45
2014-06-14,32.76,40.56,25.8,0.01,19.06,2.94
2014-06-15,25.36,30.27,19.88,3.23,38.74,2.86
2014-06-16,27.21,35.28,18.28,0.0,31.38,1.72
2014-06-17,27.97,35.4,20.23,0.23,32.4,2.24
2014-06-18,28.29,34.9,20.34,0.0,27.88,1.97
2014-06-19,29.9,37.3,21.41,0.0,22.28,2.38
2014-06-20,30.53,37.46,22.82,0.0,19.62,2.74
2014-06-21,30.9,38.86,22.36,0.01,16.66,2.86
2014-06-22,30.12,38.41,20.96,0.0,14.11,2.88
2014-06-23,30.3,38.51,21.62,0.0,14.91,2.9
2014-06-24,28.16,34.66,21.37,0.0,20.07,3.18
2014-06-25,29.4,37.55,20.0,0.0,20.49,1.82
2014-06-26,31.75,39.76,22.39,0.0,17.99,1.89
2014-06-27,33.42,40.74,25.77,0.0,16.08,1.83
2014-06-28,33.49,40.99,24.34,0.0,16.01,2.97
2014-06-29,32.3,38.62,25.65,0.0,17.22,3.82
2014-06-30,32.28,41.06,22.73,0.0,18.87,2.32
2014-07-01,31.87,39.24,24.74,0.0,18.21,3.87
2014-07-02,25.97,33.23,18.69,0.01,16.25,3.73
2014-07-03,25.56,32.81,16.19,0.0,23.33,3.59
2014-07-04,26.85,33.89,19.4,0.0,26.11,2.83
2014-07-05,27.38,34.52,20.37,0.0,21.71,2.04
2014-07-06,28.22,35.6,20.42,0.0,19.65,2.06
2014-07-07,28.75,36.07,21.68,0.0,18.77,1.79
2014-07-08,29.62,37.6,21.07,0.0,17.5,1.68
2014-07-09,30.95,38.74,21.09,0.0,13.79,2.27
2014-07-10,32.35,39.69,25.03,0.0,13.7,2.37
2014-07-11,33.2,40.65,26.05,0.0,13.2,2.0
2014-07-12,31.23,37.99,24.45,0.0,19.33,2.98
2014-07-13,28.76,35.76,22.26,0.0,20.64,2.83
2014-07-14,27.88,34.61,21.19,0.01,17.7,2.68
2014-07-15,25.98,32.77,19.44,0.0,14.79,2.97
2014-07-16,25.17,32.68,17.12,0.0,18.04,3.03
2014-07-17,24.43,32.16,16.31,0.0,18.14,2.43
2014-07-18,25.96,33.91,17.94,0.0,16.25,1.91
2014-07-19,27.61,34.85,20.61,0.0,15.0,1.59
2014-07-20,30.07,37.31,22.81,0.0,13.21,1.54
2014-07-21,30.17,37.64,23.28,0.0,16.24,2.91
2014-07-22,30.46,38.66,21.6,0.0,17.14,2.43
2014-07-23,30.02,37.6,23.01,0.0,16.0,3.18
2014-07-24,26.38,33.3,19.68,0.0,16.05,3.47
2014-07-25,27.17,36.09,17.98,0.0,15.46,3.03
2014-07-26,28.74,37.87,19.49,0.0,14.45,2.35
2014-07-27,30.8,38.54,22.52,0.0,13.54,2.24
2014-07-28,28.18,34.38,19.3,0.08,18.76,3.67
2014-07-29,22.91,30.33,15.64,0.0,17.05,2.92
2014-07-30,23.05,30.64,16.09,0.0,17.8,2.69
2014-07-31,24.18,32.82,14.99,0.0,15.54,2.77
2014-08-01,25.92,34.7,17.72,0.0,14.14,1.97
2014-08-02,26.82,34.93,17.71,0.0,14.07,2.14
2014-08-03,27.55,35.73,19.39,0.0,12.86,2.22
2014-08-04,27.73,35.09,21.45,0.0,14.68,1.96
2014-08-05,27.98,35.83,20.07,0.0,14.07,1.46
2014-08-06,29.62,38.24,20.23,0.0,12.77,1.91
2014-08-07,31.21,39.6,23.93,0.0,14.72,2.57
2014-08-08,28.38,36.73,19.74,0.0,17.33,2.1
2014-08-09,29.12,37.37,21.24,0.0,16.33,2.15
2014-08-10,29.48,37.41,21.28,0.0,15.69,2.01
2014-08-11,29.82,38.28,21.18,0.0,13.99,2.15
2014-08-12,30.57,38.4,22.5,0.0,11.56,2.74
2014-08-13,31.71,40.41,21.99,0.0,12.9,2.49
2014-08-14,29.95,36.75,23.32,0.0,20.4,2.74
2014-08-15,25.26,30.83,19.01,0.0,25.91,3.04
2014-08-16,22.67,29.37,16.17,0.01,32.13,2.04
2014-08-17,24.6,30.78,17.4,0.01,26.34,1.33
2014-08-18,26.25,34.21,18.74,0.0,22.83,1.88
2014-08-19,28.27,36.29,19.12,0.0,16.84,1.76
2014-08-20,29.72,38.38,20.61,0.0,14.33,2.01
2014-08-21,30.42,38.47,21.52,0.0,14.59,2.11
2014-08-22,30.67,39.21,22.38,0.0,14.87,2.4
2014-08-23,31.66,39.43,24.83,0.0,14.88,2.44
2014-08-24,31.39,39.31,24.36,0.0,15.14,2.96
2014-08-25,31.2,39.16,24.98,0.0,14.15,2.45
2014-08-26,27.57,34.33,20.14,0.0,20.87,4.08
2014-08-27,25.91,34.55,17.67,0.0,18.5,2.05
2014-08-28,27.09,35.71,19.06,0.0,14.97,2.25
2014-08-29,26.93,35.68,18.27,0.0,12.38,2.02
2014-08-30,27.9,36.9,19.08,0.0,9.81,2.21
2014-08-31,27.65,36.44,20.5,0.0,9.4,2.22
2014-09-01,27.5,35.71,20.43,0.0,11.88,2.31
2014-09-02,25.49,33.9,17.63,0.0,20.53,2.25
2014-09-03,24.58,31.16,19.36,0.0,20.29,1.93
2014-09-04,24.26,31.54,19.33,0.0,18.24,1.75
2014-09-05,23.66,30.97,17.63,0.0,16.37,1.89
2014-09-06,21.9,29.02,15.07,0.0,15.89,2.67
2014-09-07,22.92,31.46,15.41,0.0,15.07,1.84
2014-09-08,23.04,31.23,16.55,0.0,12.79,2.17
2014-09-09,23.2,31.62,16.77,0.0,13.49,2.32
2014-09-10,21.89,29.4,16.17,0.0,15.33,2.38
2014-09-11,20.39,28.85,13.52,0.0,15.62,1.99
2014-09-12,19.99,29.04,12.08,0.0,15.85,2.02
2014-09-13,20.79,29.47,13.3,0.0,14.94,1.94
2014-09-14,21.58,29.56,13.7,0.0,11.28,2.17
2014-09-15,22.02,28.83,17.04,0.0,19.97,1.81
2014-09-16,22.39,30.51,14.79,0.0,24.31,1.7
2014-09-17,26.74,34.53,18.84,0.0,18.63,1.57
2014-09-18,21.31,25.82,14.86,0.0,31.13,2.37
2014-09-19,15.36,21.07,9.14,0.0,20.53,3.38
2014-09-20,16.05,24.46,8.98,0.0,11.49,1.66
2014-09-21,18.41,27.72,9.9,0.0,7.3,1.84
2014-09-22,21.39,29.71,14.35,0.0,7.51,1.93
2014-09-23,24.49,32.62,17.65,0.0,15.12,1.97
2014-09-24,22.61,27.2,19.49,0.03,30.15,1.65
2014-09-25,22.9,31.09,15.7,0.02,32.33,1.64
2014-09-26,24.9,32.48,18.59,0.0,20.42,2.03
2014-09-27,18.5,22.76,13.41,3.74,47.64,2.39
2014-09-28,17.12,23.24,13.39,0.34,48.27,2.07
2014-09-29,18.32,24.67,14.02,0.0,33.33,1.36
2014-09-30,21.12,30.62,14.58,0.28,34.73,2.75
2014-10-01,18.17,22.89,14.09,0.99,50.27,1.53
2014-10-02,17.6,21.98,14.09,2.29,54.39,1.79
2014-10-03,17.87,24.66,12.69,2.61,55.22,1.85
2014-10-04,11.49,16.81,6.74,3.21,58.6,2.21
2014-10-05,13.4,21.11,6.28,0.02,45.66,1.44
2014-10-06,17.2,24.26,13.21,0.18,40.12,1.57
2014-10-07,14.72,20.01,8.82,0.18,41.63,2.09
2014-10-08,7.31,11.16,2.23,11.26,64.89,1.81
2014-10-09,6.87,14.12,1.85,0.0,47.31,1.83
2014-10-10,10.59,18.67,4.77,0.0,33.6,1.79
2014-10-11,10.78,18.07,4.6,0.0,36.41,1.72
2014-10-12,11.31,18.75,6.79,0.0,36.91,1.55
2014-10-13,11.77,18.78,7.81,0.0,38.47,1.31
2014-10-14,12.83,20.76,6.1,0.0,39.4,1.62
2014-10-15,13.38,21.3,6.46,0.0,40.29,1.75
2014-10-16,14.77,23.35,8.22,0.0,38.89,1.59
2014-10-17,15.72,23.58,8.79,0.0,37.13,1.67
2014-10-18,17.07,26.88,10.78,0.05,35.71,1.99
2014-10-19,16.74,22.07,13.34,1.46,65.3,1.67
2014-10-20,18.84,25.62,13.93,0.33,56.56,2.26
2014-10-21,12.07,17.58,6.71,11.05,69.44,1.78
2014-10-22,17.55,25.67,12.29,0.05,58.46,1.63
2014-10-23,13.36,17.61,10.35,2.94,80.17,1.36
2014-10-24,13.62,19.77,9.33,1.87,70.1,1.29
2014-10-25,15.4,21.47,11.52,0.0,57.9,1.51
2014-10-26,8.92,14.79,0.2,13.09,70.07,2.5
2014-10-27,-0.67,4.63,-4.44,0.45,68.25,1.71
2014-10-28,0.24,6.74,-4.03,0.0,55.11,1.29
2014-10-29,1.76,8.07,-1.58,0.0,52.59,1.14
2014-10-30,3.52,10.19,-0.54,0.0,50.1,1.29
2014-10-31,7.38,15.4,2.67,0.0,39.5,1.37
2014-11-01,11.26,18.85,5.91,0.0,33.7,1.12
2014-11-02,11.86,16.4,9.55,0.88,60.08,1.03
2014-11-03,10.76,13.49,8.21,10.66,86.39,2.38
2014-11-04,12.06,19.1,7.49,0.03,69.73,1.21
2014-11-05,7.05,10.8,1.65,2.79,80.5,1.79
2014-11-06,1.4,3.91,-0.22,11.25,88.7,2.0
2014-11-07,2.21,7.11,-1.73,3.7,77.74,1.4
2014-11-08,0.15,3.66,-2.97,4.87,78.19,1.63
2014-11-09,1.35,8.42,-3.15,0.0,59.54,1.37
2014-11-10,5.1,11.59,1.58,0.0,44.12,1.29
2014-11-11,5.49,12.6,1.24,0.0,49.7,1.36
2014-11-12,4.88,10.28,0.65,0.0,52.66,1.21
2014-11-13,3.3,9.02,0.0,0.0,55.24,0.97
2014-11-14,2.07,4.86,0.27,0.1,58.9,0.7
2014-11-15,5.02,11.67,0.91,0.01,60.17,1.08
2014-11-16,7.21,12.8,4.11,0.0,49.09,1.14
2014-11-17,8.63,15.19,2.87,0.06,48.93,1.89
2014-11-18,6.36,8.68,3.37,3.26,77.38,0.9
2014-11-19,6.97,11.19,3.68,3.28,84.58,0.89
2014-11-20,2.6,4.47,1.02,6.13,91.15,1.3
2014-11-21,1.68,5.89,-0.19,1.8,80.83,1.1
2014-11-22,2.81,8.34,-0.12,0.08,61.39,1.08
2014-11-23,6.55,12.74,0.58,0.0,51.36,1.62
2014-11-24,5.75,9.15,1.92,4.68,78.78,2.49
2014-11-25,-0.83,1.53,-4.67,2.71,86.44,1.46
2014-11-26,1.34,6.41,-3.47,0.36,51.49,0.74
2014-11-27,-1.86,2.74,-3.89,4.79,85.48,1.22
2014-11-28,-1.73,3.62,-4.49,0.64,70.01,1.01
2014-11-29,0.48,5.25,-2.4,0.0,60.76,0.66
2014-11-30,-0.6,3.7,-3.14,0.05,74.54,0.78
2014-12-01,1.66,6.39,-1.54,2.06,70.14,1.08
2014-12-02,6.67,14.86,0.48,0.05,54.97,1.62
2014-12-03,1.2,5.5,-1.49,6.53,82.24,1.62
2014-12-04,-3.1,-1.26,-5.47,4.07,84.26,1.19
2014-12-05,-2.15,4.53,-5.99,0.02,62.88,1.16
2014-12-06,0.54,4.82,-2.46,0.36,64.51,2.13
2014-12-07,-6.88,-1.63,-10.26,3.0,76.49,2.51
2014-12-08,-6.25,-0.56,-10.86,0.0,53.64,1.46
2014-12-09,-1.58,4.11,-4.53,0.0,45.68,1.01
2014-12-10,0.1,6.0,-3.58,0.0,45.92,1.21
2014-12-11,0.18,5.73,-2.57,0.0,42.15,1.04
2014-12-12,0.32,5.32,-2.31,0.0,40.66,1.01
2014-12-13,0.31,5.13,-2.01,0.0,45.95,1.05
2014-12-14,0.7,5.75,-2.03,0.0,48.79,0.98
2014-12-15,1.24,7.63,-2.84,0.0,44.43,1.27
2014-12-16,4.5,9.62,1.41,0.0,37.12,1.08
2014-12-17,5.22,7.55,2.34,0.0,38.65,0.53
2014-12-18,1.68,4.45,-1.69,0.03,60.19,0.71
2014-12-19,1.11,5.31,-1.57,0.36,75.33,0.87
2014-12-20,5.2,9.38,2.39,0.07,61.03,1.13
2014-12-21,3.83,7.74,1.5,0.34,84.05,1.63
2014-12-22,3.77,9.11,-0.15,0.0,81.42,1.31
2014-12-23,3.0,7.69,-0.29,0.0,86.78,1.38
2014-12-24,4.73,9.74,1.52,1.34,75.47,1.01
2014-12-25,3.11,7.0,-0.35,4.48,88.55,2.6
2014-12-26,2.9,8.76,-0.39,0.59,67.82,2.05
2014-12-27,5.17,12.45,0.6,0.0,42.13,1.94
2014-12-28,6.1,13.37,0.82,0.0,42.63,1.37
2014-12-29,7.84,12.68,4.99,0.0,44.39,1.23
2014-12-30,5.45,10.51,3.14,0.0,59.62,1.27
2014-12-31,5.17,11.11,0.58,0.0,58.3,1.32
2015-01-01,5.85,11.48,1.58,0.02,57.8,2.02
2015-01-02,1.56,4.77,-1.19,5.08,84.4,1.77
2015-01-03,0.12,3.68,-1.82,2.56,84.68,1.21
2015-01-04,2.48,5.08,-0.13,3.14,76.73,1.01
2015-01-05,3.96,9.74,0.49,2.33,81.43,1.87
2015-01-06,4.83,10.25,2.23,1.24,77.81,1.74
2015-01-07,7.13,15.28,2.56,0.0,52.57,1.62
2015-01-08,9.36,16.69,4.25,0.01,44.64,2.73
2015-01-09,2.22,8.5,-2.27,9.93,84.43,1.93
2015-01-10,1.54,6.35,-2.8,0.24,73.33,1.09
2015-01-11,0.37,2.29,-2.61,16.28,86.78,0.99
2015-01-12,0.15,5.12,-2.93,0.03,81.42,1.04
2015-01-13,-0.07,4.68,-3.64,0.0,77.32,1.06
2015-01-14,0.65,3.96,-3.18,0.19,75.0,1.42
2015-01-15,-1.45,3.5,-4.98,0.72,70.31,1.1
2015-01-16,3.3,10.55,-0.7,0.0,48.37,1.64
2015-01-17,5.41,11.84,1.57,0.0,50.51,1.56
2015-01-18,3.93,9.63,0.19,0.35,71.89,1.64
2015-01-19,1.98,6.1,-0.23,1.21,89.47,2.02
2015-01-20,-1.76,1.02,-7.3,8.64,92.34,1.62
2015-01-21,-3.21,1.55,-7.44,0.02,70.22,1.13
2015-01-22,-3.62,0.37,-6.48,0.18,83.87,1.54
2015-01-23,-1.4,0.89,-3.19,2.34,78.05,0.69
2015-01-24,-4.84,-2.55,-8.64,9.24,94.9,1.25
2015-01-25,-9.07,-4.28,-13.73,0.85,86.11,1.21
2015-01-26,-9.55,-4.35,-12.18,0.05,74.56,1.22
2015-01-27,-8.35,-1.23,-12.82,0.01,79.93,1.52
2015-01-28,-4.84,0.92,-9.53,0.0,57.84,1.12
2015-01-29,-2.62,2.77,-5.42,0.0,67.72,1.03
2015-01-30,0.21,4.23,-5.31,0.88,80.91,2.19
2015-01-31,2.21,6.32,-0.88,2.61,89.69,1.94
2015-02-01,-2.05,1.7,-5.25,7.72,91.77,1.6
2015-02-02,-3.27,1.76,-5.82,0.09,83.11,1.04
2015-02-03,-2.5,2.72,-6.17,0.0,73.46,0.88
2015-02-04,0.78,7.81,-3.47,0.0,52.26,1.45
2015-02-05,5.1,13.81,-0.46,0.0,59.73,1.78
2015-02-06,6.6,14.59,0.45,1.85,68.76,1.68
2015-02-07,0.92,4.53,-1.56,3.12,89.63,1.45
2015-02-08,4.73,12.13,-0.79,0.0,55.98,2.75
2015-02-09,7.98,12.71,5.08,0.04,61.72,2.68
2015-02-10,9.25,14.19,6.31,0.28,77.46,2.18
2015-02-11,11.37,17.59,8.11,6.11,72.05,2.68
2015-02-12,6.59,9.67,2.18,20.35,93.64,1.31
2015-02-13,4.76,11.26,-0.08,0.5,66.77,1.35
2015-02-14,6.17,10.65,1.96,1.62,76.39,1.71
2015-02-15,5.48,8.96,2.54,7.23,83.04,1.77
2015-02-16,1.33,3.27,-2.06,13.9,92.4,1.48
2015-02-17,1.93,7.62,-2.45,0.4,78.62,1.21
2015-02-18,2.73,8.43,-0.88,0.0,68.22,1.49
2015-02-19,3.78,7.24,1.0,0.0,66.63,0.89
2015-02-20,5.66,9.49,1.94,0.0,67.67,1.24
2015-02-21,7.32,11.43,3.31,2.49,81.02,1.38
2015-02-22,8.54,11.54,6.32,6.15,93.3,1.37
2015-02-23,10.47,17.73,5.24,1.01,83.64,1.73
2015-02-24,1.43,4.85,-1.45,3.77,89.87,3.22
2015-02-25,-1.06,1.21,-2.51,2.78,89.68,2.62
2015-02-26,0.08,4.7,-3.28,0.5,81.57,1.25
2015-02-27,0.71,5.8,-3.47,0.01,79.76,1.49
2015-02-28,1.79,7.3,-1.93,0.0,76.5,1.41
2015-03-01,4.83,11.52,0.44,0.0,64.88,1.33
2015-03-02,3.8,6.72,-0.02,0.0,73.39,1.16
2015-03-03,6.03,10.93,1.21,0.0,71.36,1.4
2015-03-04,7.35,12.53,4.01,0.0,66.8,1.35
2015-03-05,7.08,11.87,2.92,0.0,71.84,1.42
2015-03-06,6.25,10.37,4.0,0.83,76.46,1.18
2015-03-07,2.55,4.63,-0.63,4.49,88.84,2.72
2015-03-08,1.49,6.01,-1.33,0.32,75.39,1.35
2015-03-09,3.57,8.06,0.45,3.8,74.85,1.75
2015-03-10,-0.92,0.55,-2.94,10.74,87.87,1.4
2015-03-11,-0.18,4.71,-3.99,0.31,69.27,1.3
2015-03-12,2.48,9.3,-3.78,0.0,59.83,1.49
2015-03-13,6.91,13.78,2.27,0.0,51.48,1.08
2015-03-14,6.58,12.56,2.03,0.0,62.57,1.65
2015-03-15,2.82,7.7,-2.46,0.01,65.45,1.65
2015-03-16,3.71,11.31,-2.1,0.0,57.28,1.38
2015-03-17,6.96,13.54,2.6,0.0,54.03,1.49
2015-03-18,8.53,14.76,4.52,0.0,54.99,1.31
2015-03-19,9.33,15.62,3.96,0.26,64.56,1.44
2015-03-20,8.75,12.15,3.46,4.43,77.35,1.45
2015-03-21,11.16,18.51,2.67,0.01,56.12,1.12
2015-03-22,14.07,22.71,8.61,1.9,74.25,2.11
2015-03-23,16.4,24.5,12.97,0.78,72.69,2.05
2015-03-24,7.6,14.83,2.39,20.35,82.28,3.7
2015-03-25,6.51,11.44,2.51,0.0,70.92,1.36
2015-03-26,10.01,17.47,2.77,0.0,59.58,1.32
2015-03-27,8.93,12.8,4.08,0.29,69.67,1.33
2015-03-28,7.65,14.2,2.46,0.18,67.1,1.7
2015-03-29,0.78,6.4,-6.72,1.46,70.36,2.41
2015-03-30,-5.71,-1.01,-9.26,0.18,64.62,2.51
2015-03-31,1.12,10.12,-7.39,0.07,63.69,1.61
2015-04-01,4.47,9.11,0.68,2.27,79.5,1.55
2015-04-02,6.72,12.66,2.49,1.1,76.91,1.34
2015-04-03,9.67,15.92,4.64,0.01,66.58,1.2
2015-04-04,11.79,17.56,5.74,0.76,67.01,1.52
2015-04-05,14.45,21.21,7.42,0.0,61.48,1.76
2015-04-06,14.26,20.02,9.15,0.22,67.96,1.61
2015-04-07,11.65,16.04,8.65,1.24,77.01,1.47
2015-04-08,12.86,18.43,8.27,0.04,67.16,1.55
2015-04-09,14.26,21.95,6.65,0.0,59.38,1.73
2015-04-10,17.02,24.9,10.41,0.0,55.23,1.7
2015-04-11,18.17,25.3,11.38,0.0,51.98,1.57
2015-04-12,19.54,26.31,11.98,0.0,51.26,1.67
2015-04-13,18.37,24.36,12.83,0.02,65.79,1.86
2015-04-14,19.26,27.91,13.69,1.5,75.7,2.01
2015-04-15,13.89,19.07,7.7,2.31,70.88,1.68
2015-04-16,11.51,17.5,5.5,1.17,58.77,1.62
2015-04-17,14.49,20.74,7.09,0.08,55.0,1.45
2015-04-18,11.31,15.5,6.93,1.06,74.79,1.95
2015-04-19,13.97,20.25,7.81,0.0,63.52,1.33
2015-04-20,14.75,20.6,9.12,0.04,63.79,1.73
2015-04-21,17.96,25.02,9.35,0.0,54.06,1.6
2015-04-22,20.71,28.53,12.62,0.0,51.62,1.74
2015-04-23,22.3,30.44,13.71,0.0,43.95,1.91
2015-04-24,20.65,26.71,16.5,0.01,61.26,2.17
2015-04-25,23.65,31.59,16.03,0.03,53.67,1.89
2015-04-26,13.17,18.96,8.84,22.94,76.32,3.49
2015-04-27,12.16,18.25,6.77,0.72,72.55,1.9
2015-04-28,15.19,22.12,8.09,0.0,56.61,1.57
2015-04-29,17.39,23.59,11.54,0.0,56.87,1.37
2015-04-30,17.36,22.72,12.01,0.15,60.69,2.12
2015-05-01,15.99,19.79,11.55,0.61,67.04,1.85
2015-05-02,17.79,23.98,11.28,0.0,56.65,1.25
2015-05-03,19.61,26.98,11.09,0.0,49.89,1.17
2015-05-04,23.25,30.72,15.64,0.0,46.05,1.76
2015-05-05,22.44,28.48,16.84,0.11,50.71,2.21
2015-05-06,21.79,29.25,15.06,0.0,50.63,1.86
2015-05-07,23.59,31.79,17.07,0.06,57.69,2.01
2015-05-08,22.7,30.37,15.45,11.49,64.43,1.58
2015-05-09,17.38,22.62,13.02,7.15,68.24,1.92
2015-05-10,19.46,26.37,11.79,0.0,57.02,1.99
2015-05-11,21.55,26.7,16.51,0.01,63.21,1.35
2015-05-12,21.13,26.16,17.2,0.0,66.46,1.51
2015-05-13,22.01,28.15,15.8,0.04,56.3,1.69
2015-05-14,23.41,30.79,15.51,0.01,49.77,1.98
2015-05-15,25.87,33.4,18.07,0.08,45.23,1.49
2015-05-16,21.96,28.11,15.12,6.66,57.23,2.95
2015-05-17,18.05,23.1,13.59,2.3,62.98,1.7
2015-05-18,20.02,26.64,12.45,0.0,50.25,1.45
2015-05-19,19.85,25.09,14.62,1.03,53.69,2.02
2015-05-20,21.32,28.93,13.71,0.0,47.42,1.77
2015-05-21,20.7,27.64,12.89,0.03,44.48,2.75
2015-05-22,18.09,24.35,12.04,0.03,39.59,1.63
2015-05-23,18.87,24.33,13.91,0.03,41.94,1.99
2015-05-24,17.64,23.92,11.83,1.97,53.03,2.03
2015-05-25,18.02,25.16,10.9,0.12,56.34,1.83
2015-05-26,20.68,28.1,12.32,0.0,47.54,2.11
2015-05-27,22.98,30.22,15.58,0.0,43.54,1.64
2015-05-28,25.14,31.49,19.22,0.0,36.08,1.33
2015-05-29,25.93,32.78,17.6,0.0,34.66,1.7
2015-05-30,25.96,33.46,17.2,0.01,35.0,1.94
2015-05-31,25.3,33.27,17.96,0.0,34.24,2.67
2015-06-01,24.69,31.74,17.78,0.0,36.08,2.76
2015-06-02,24.63,32.43,16.94,0.0,39.45,2.02
2015-06-03,25.77,33.57,17.49,0.0,36.31,1.99
2015-06-04,28.03,35.34,20.48,0.0,29.34,1.76
2015-06-05,28.1,36.89,18.76,0.0,29.56,2.23
2015-06-06,30.16,38.19,22.12,0.16,29.94,2.07
2015-06-07,28.64,35.71,21.57,0.0,33.1,2.5
2015-06-08,26.66,37.94,16.37,3.01,37.76,3.56
2015-06-09,20.04,26.38,13.24,0.08,38.34,2.85
2015-06-10,24.87,33.75,14.3,0.0,26.64,2.13
2015-06-11,27.59,36.28,17.73,0.0,22.02,2.07
2015-06-12,29.04,37.32,20.21,0.0,18.54,2.32
2015-06-13,30.25,38.68,20.81,0.04,19.34,2.79
2015-06-14,25.37,30.96,16.92,0.21,29.55,3.83
2015-06-15,22.3,29.58,14.54,0.0,25.62,3.28
2015-06-16,24.39,33.78,14.1,0.0,22.45,1.95
2015-06-17,27.44,36.26,17.36,0.0,18.04,1.81
2015-06-18,30.19,39.24,19.31,0.0,15.67,1.82
2015-06-19,31.62,39.94,22.94,0.0,14.77,2.1
2015-06-20,32.04,39.87,24.12,0.0,15.55,2.12
2015-06-21,31.34,38.33,24.2,0.0,17.21,2.17
2015-06-22,30.86,38.26,23.38,0.0,20.83,2.03
2015-06-23,29.29,36.15,21.85,1.38,31.08,2.39
2015-06-24,28.73,35.27,22.77,0.69,33.09,2.06
2015-06-25,28.43,35.46,21.6,0.44,26.99,2.03
2015-06-26,27.77,34.13,20.49,0.82,30.62,1.96
2015-06-27,28.17,34.89,21.15,0.0,31.84,2.85
2015-06-28,30.72,38.33,21.9,0.0,24.84,1.76
2015-06-29,32.46,39.86,22.69,0.0,22.48,1.99
2015-06-30,32.84,40.09,24.92,0.27,23.39,2.52
2015-07-01,33.17,41.19,26.06,0.0,19.97,2.7
2015-07-02,33.26,41.21,24.68,0.0,16.03,2.18
2015-07-03,33.79,41.56,25.99,0.0,15.42,2.72
2015-07-04,31.97,40.01,23.36,0.0,16.86,3.0
2015-07-05,29.03,35.28,21.24,0.0,20.47,3.39
2015-07-06,26.52,34.16,18.4,0.0,16.8,2.68
2015-07-07,28.53,37.02,19.34,0.0,13.71,1.98
2015-07-08,30.54,38.15,22.98,0.0,15.75,2.7
2015-07-09,28.64,35.97,21.19,0.0,18.0,2.72
2015-07-10,26.57,33.52,18.6,0.0,15.0,2.84
2015-07-11,28.62,37.04,19.85,0.0,14.43,1.96
2015-07-12,30.93,39.38,21.46,0.0,12.87,2.19
2015-07-13,33.53,42.26,24.34,0.0,11.7,2.75
2015-07-14,34.65,43.72,24.94,0.0,11.2,2.99
2015-07-15,35.92,44.96,26.24,0.0,12.07,3.01
2015-07-16,36.37,44.79,27.83,0.0,14.04,3.67
2015-07-17,35.17,43.33,26.91,0.0,15.86,3.32
2015-07-18,32.26,37.56,26.54,0.01,20.96,2.7
2015-07-19,32.01,38.24,25.85,0.14,22.04,3.1
2015-07-20,31.91,38.96,23.35,0.0,23.97,2.48
2015-07-21,28.28,33.22,23.68,0.0,26.11,3.12
2015-07-22,28.68,35.22,22.08,0.0,28.22,3.17
2015-07-23,30.08,37.45,21.49,0.0,25.89,2.15
2015-07-24,32.06,39.68,24.27,0.0,25.85,2.65
2015-07-25,29.98,36.9,23.04,0.0,18.57,3.45
2015-07-26,29.85,38.64,20.64,0.0,17.74,2.4
2015-07-27,30.68,38.43,23.49,0.0,18.9,2.78
2015-07-28,27.74,33.95,21.88,0.06,21.7,1.5
2015-07-29,27.82,35.24,21.16,0.0,16.48,2.39
2015-07-30,28.77,36.7,21.16,0.0,14.09,2.47
2015-07-31,29.58,37.81,20.9,0.0,16.2,1.82
2015-08-01,31.62,39.58,23.43,0.0,16.54,2.27
2015-08-02,32.78,40.37,25.3,0.0,17.79,2.29
2015-08-03,32.93,40.45,25.07,0.0,18.18,2.12
2015-08-04,33.03,40.67,24.73,0.0,17.38,2.62
2015-08-05,32.37,40.01,24.9,0.0,13.78,3.22
2015-08-06,30.32,38.15,22.94,0.0,12.23,2.55
2015-08-07,31.43,39.48,23.68,0.0,14.88,2.8
2015-08-08,26.38,32.7,19.24,0.0,18.59,3.55
2015-08-09,24.69,32.34,17.4,0.0,17.73,2.33
2015-08-10,24.7,32.13,18.16,0.0,16.48,2.41
2015-08-11,25.34,32.87,17.54,0.0,14.92,2.63
2015-08-12,27.69,36.33,19.35,0.0,15.15,2.37
2015-08-13,28.1,35.42,21.45,0.01,24.22,3.08
2015-08-14,24.53,31.46,18.17,0.0,28.7,3.33
2015-08-15,25.83,34.37,16.15,0.0,17.44,1.89
2015-08-16,27.42,35.79,20.03,0.0,11.33,2.26
2015-08-17,28.1,36.58,19.56,0.0,10.84,2.12
2015-08-18,30.56,39.76,22.03,0.0,9.49,2.41
2015-08-19,32.68,42.67,22.72,0.0,9.76,2.57
2015-08-20,31.23,38.46,24.97,0.0,13.62,2.7
2015-08-21,27.33,34.16,20.36,0.0,19.76,2.41
2015-08-22,24.52,28.55,17.03,1.87,31.21,2.52
2015-08-23,21.83,29.18,15.02,0.0,25.84,1.96
2015-08-24,23.17,29.97,17.15,0.0,23.6,1.9
2015-08-25,21.48,27.04,16.52,2.68,33.0,2.01
2015-08-26,20.23,27.48,13.15,0.55,43.42,2.59
2015-08-27,20.3,24.76,15.74,0.35,35.48,2.12
2015-08-28,21.66,28.75,14.48,0.03,38.11,1.9
2015-08-29,23.25,29.5,18.4,0.0,32.73,1.71
2015-08-30,23.42,29.84,16.92,0.0,28.97,1.54
2015-08-31,23.19,30.48,16.09,0.0,24.68,2.07
2015-09-01,24.33,31.68,18.61,0.0,17.43,1.77
2015-09-02,21.41,28.68,16.06,0.94,38.32,2.57
2015-09-03,18.8,23.86,14.84,1.75,48.48,2.41
2015-09-04,19.55,26.87,12.76,0.0,29.33,2.04
2015-09-05,20.71,27.9,14.75,0.0,32.2,2.03
2015-09-06,21.0,27.97,14.4,0.0,32.64,1.7
2015-09-07,21.54,29.36,14.47,0.0,27.03,1.93
2015-09-08,22.44,31.26,14.96,0.0,22.7,2.0
2015-09-09,25.07,34.38,16.52,0.0,19.31,2.03
2015-09-10,25.91,34.03,18.59,0.0,18.69,2.12
2015-09-11,26.17,34.06,18.54,0.0,18.4,2.12
2015-09-12,26.23,34.43,19.32,0.0,18.79,2.29
2015-09-13,19.5,24.69,13.18,1.18,39.62,2.97
2015-09-14,17.34,24.8,11.35,0.0,27.68,2.2
2015-09-15,18.58,25.92,10.78,0.0,21.13,1.75
2015-09-16,20.31,27.97,13.46,0.0,17.54,2.05
2015-09-17,21.19,28.77,14.33,0.0,15.99,1.95
2015-09-18,21.52,27.21,16.06,0.62,20.88,1.74
2015-09-19,18.54,24.6,14.25,1.17,47.64,1.97
2015-09-20,18.14,24.46,13.27,0.2,42.7,1.62
2015-09-21,19.99,27.31,14.05,0.0,32.51,2.03
2015-09-22,20.65,28.22,15.01,0.0,35.48,2.55
2015-09-23,20.05,27.37,13.77,0.0,34.62,1.76
2015-09-24,19.23,26.84,13.46,0.0,29.73,2.19
2015-09-25,17.91,25.75,11.64,0.0,28.23,2.28
2015-09-26,16.43,24.51,9.98,0.0,30.78,1.8
2015-09-27,16.77,24.47,9.75,0.0,27.98,2.22
2015-09-28,17.47,24.3,12.78,0.02,31.17,1.72
2015-09-29,18.92,27.51,12.18,0.0,26.51,2.16
2015-09-30,18.42,25.26,13.12,0.0,28.18,2.29
2015-10-01,19.05,26.01,13.84,0.0,23.47,1.51
2015-10-02,19.48,26.85,13.11,0.0,20.78,2.21
2015-10-03,18.79,24.3,14.97,0.0,32.06,1.52
2015-10-04,19.44,26.55,13.71,0.36,34.74,2.6
2015-10-05,18.02,25.18,13.21,0.44,42.27,2.03
2015-10-06,19.88,27.5,13.96,0.0,28.31,1.64
2015-10-07,22.38,29.32,17.12,0.0,27.14,1.82
2015-10-08,25.28,33.53,18.9,0.0,20.31,2.19
2015-10-09,24.31,31.49,18.02,0.0,29.67,2.65
2015-10-10,19.17,25.06,13.12,0.01,49.89,2.04
2015-10-11,14.6,21.1,9.46,13.02,60.74,1.64
2015-10-12,11.9,16.0,9.24,3.88,66.03,1.2
2015-10-13,15.7,21.94,10.34,0.08,48.26,1.25
2015-10-14,12.19,16.77,9.75,3.84,75.53,1.44
2015-10-15,14.84,19.16,9.85,0.17,66.56,1.04
2015-10-16,15.65,17.9,12.92,4.08,66.78,1.36
2015-10-17,12.28,16.06,7.19,15.42,76.69,1.78
2015-10-18,5.59,7.57,3.45,18.95,82.41,1.5
2015-10-19,5.66,11.84,1.7,0.63,64.58,1.37
2015-10-20,8.61,15.3,3.28,0.0,50.54,1.32
2015-10-21,11.46,17.74,7.29,0.74,50.26,2.12
2015-10-22,4.59,8.66,-0.35,14.91,70.35,1.25
2015-10-23,3.01,9.36,-0.9,0.04,46.04,1.62
2015-10-24,6.17,14.25,0.89,0.0,37.41,1.89
2015-10-25,8.35,15.66,4.2,0.0,36.75,1.52
2015-10-26,10.52,18.25,6.26,0.0,38.5,1.42
2015-10-27,12.19,19.66,7.12,0.0,43.13,1.4
2015-10-28,13.8,20.35,8.42,0.0,49.25,1.38
2015-10-29,17.16,24.83,12.18,0.0,37.61,1.36
2015-10-30,12.86,15.59,9.85,0.08,63.51,1.58
2015-10-31,10.73,13.21,9.25,1.29,85.26,1.03
2015-11-01,5.49,8.86,1.16,15.29,88.93,1.65
2015-11-02,0.89,4.92,-2.13,1.71,71.0,1.18
2015-11-03,0.27,1.74,-2.74,4.73,76.98,1.05
2015-11-04,1.65,7.0,-3.58,0.07,69.79,2.04
2015-11-05,3.58,6.63,1.62,7.69,83.28,2.97
2015-11-06,5.57,10.95,1.54,0.16,69.09,2.12
2015-11-07,4.82,6.46,2.39,1.02,73.25,2.14
2015-11-08,3.13,7.33,0.33,0.01,61.1,0.97
2015-11-09,5.41,11.34,1.12,0.0,54.34,0.96
2015-11-10,9.07,14.36,4.19,0.01,53.09,1.35
2015-11-11,10.24,12.24,8.59,3.84,84.13,1.8
2015-11-12,10.18,13.03,6.24,8.59,83.99,1.7
2015-11-13,5.19,8.39,2.9,8.77,85.75,2.53
2015-11-14,5.73,12.36,-0.27,0.28,63.01,1.64
2015-11-15,2.81,6.57,-0.14,8.18,75.26,2.36
2015-11-16,3.29,9.12,-2.68,0.02,59.53,1.46
2015-11-17,7.6,11.44,5.07,0.01,58.17,1.76
2015-11-18,10.73,15.75,7.09,0.69,64.63,1.97
2015-11-19,7.89,10.89,3.98,5.58,82.47,1.17
2015-11-20,4.01,7.53,0.99,1.49,87.95,0.96
2015-11-21,4.43,9.79,0.89,1.07,84.34,1.02
2015-11-22,5.37,10.8,2.7,0.63,82.94,0.88
2015-11-23,4.37,10.44,-0.73,0.0,75.63,1.13
2015-11-24,1.83,7.23,-1.42,0.0,80.87,1.14
2015-11-25,2.31,7.57,-0.71,0.0,79.09,0.9
2015-11-26,3.99,9.77,0.61,0.0,71.47,0.93
2015-11-27,9.03,15.62,3.44,0.0,50.67,1.21
2015-11-28,9.34,14.66,5.17,0.0,52.69,1.14
2015-11-29,8.4,12.58,6.71,0.0,53.57,0.57
2015-11-30,9.32,15.14,5.23,0.0,50.57,0.84
2015-12-01,10.04,15.57,6.93,0.0,50.71,1.63
2015-12-02,10.79,17.44,5.64,0.01,53.49,1.64
2015-12-03,11.26,14.86,9.38,1.33,71.27,2.12
2015-12-04,14.0,20.4,10.38,0.22,66.26,2.72
2015-12-05,4.96,11.18,1.18,5.07,88.19,2.47
2015-12-06,1.11,5.34,-1.4,0.07,79.56,1.51
2015-12-07,1.22,4.84,-1.56,0.0,67.54,1.34
2015-12-08,2.99,8.24,0.31,0.6,67.96,1.39
2015-12-09,0.42,2.27,-0.94,8.07,90.57,3.6
2015-12-10,-3.59,-1.43,-5.66,4.49,88.14,1.8
2015-12-11,-5.26,-1.37,-7.97,1.04,73.93,0.99
2015-12-12,-3.3,1.87,-6.44,0.0,59.04,1.22
2015-12-13,-2.04,3.43,-5.2,0.0,57.52,1.08
2015-12-14,1.28,6.37,-2.39,0.0,41.47,1.05
2015-12-15,1.79,9.17,-1.51,0.0,47.4,1.62
2015-12-16,2.29,5.71,-1.39,0.05,50.65,1.37
2015-12-17,-0.94,2.08,-2.41,0.2,83.78,1.31
2015-12-18,0.04,3.22,-1.64,1.26,82.85,1.42
2015-12-19,-1.16,1.41,-2.85,2.69,88.63,1.48
2015-12-20,-3.5,-1.21,-8.41,8.22,88.1,3.49
2015-12-21,-0.78,5.07,-5.11,0.02,67.41,1.28
2015-12-22,-0.33,0.71,-1.47,2.95,85.04,2.03
2015-12-23,0.37,3.39,-1.52,1.91,86.4,2.48
2015-12-24,2.28,8.72,-2.09,0.05,56.05,1.54
2015-12-25,2.13,5.06,0.34,0.67,86.7,2.19
2015-12-26,1.68,3.02,-1.84,4.87,94.54,3.0
2015-12-27,0.12,4.81,-2.56,0.04,74.47,1.9
2015-12-28,2.55,8.21,-1.31,0.04,56.11,2.18
2015-12-29,2.77,5.49,0.95,0.99,77.79,1.7
2015-12-30,4.51,10.08,0.89,0.0,64.31,1.68
2015-12-31,5.97,11.33,2.75,2.27,64.48,2.18
2016-01-01,7.02,13.1,3.07,1.51,78.29,1.66
2016-01-02,9.96,16.44,4.83,0.21,68.32,1.85
2016-01-03,6.93,9.76,3.32,17.76,85.8,2.01
2016-01-04,0.67,3.12,-2.02,9.35,89.6,1.66
2016-01-05,1.11,5.93,-2.68,0.64,72.16,1.4
2016-01-06,5.58,10.46,-0.51,0.01,49.52,1.48
2016-01-07,5.65,7.51,2.41,3.1,72.29,1.71
2016-01-08,2.39,5.5,0.23,4.2,86.33,1.93
2016-01-09,5.53,10.3,0.47,0.0,59.5,1.92
2016-01-10,10.2,15.91,7.56,0.0,70.24,1.47
2016-01-11,3.94,7.77,-0.84,3.93,88.18,2.22
2016-01-12,1.13,5.7,-2.08,0.44,75.55,0.81
2016-01-13,5.39,10.18,1.77,0.0,54.54,1.05
2016-01-14,5.61,8.48,3.61,0.0,60.7,0.91
2016-01-15,7.0,14.52,2.14,0.0,53.77,1.59
2016-01-16,5.71,10.59,0.72,1.6,67.16,1.81
2016-01-17,-0.38,3.04,-3.77,0.76,82.17,1.25
2016-01-18,-1.03,4.29,-3.75,0.0,56.52,1.32
2016-01-19,3.45,11.04,-2.38,0.0,43.51,1.42
2016-01-20,8.04,15.39,2.21,0.0,38.02,1.4
2016-01-21,6.56,12.37,1.62,0.0,47.06,1.87
2016-01-22,4.93,9.9,1.1,0.0,59.39,1.24
2016-01-23,6.51,11.95,3.55,0.0,55.4,1.03
2016-01-24,8.69,14.83,3.86,0.0,51.98,1.47
2016-01-25,10.83,18.39,6.51,0.0,48.09,1.29
2016-01-26,5.5,10.47,1.66,1.14,81.37,2.16
2016-01-27,0.26,1.66,-1.92,7.66,92.37,1.42
2016-01-28,-0.98,2.54,-3.37,5.97,87.85,1.36
2016-01-29,-1.79,0.4,-3.54,3.9,89.33,1.63
2016-01-30,-2.52,1.05,-4.71,1.35,82.72,1.37
2016-01-31,-1.14,2.1,-2.84,0.57,75.19,1.69
2016-02-01,-0.71,4.17,-4.54,0.0,77.03,1.51
2016-02-02,0.93,7.05,-3.21,0.0,52.05,1.2
2016-02-03,4.56,12.0,-1.25,0.0,46.18,1.51
2016-02-04,1.7,5.67,-0.85,0.0,76.94,1.58
2016-02-05,3.19,9.03,-0.55,0.0,70.42,0.96
2016-02-06,6.5,13.36,1.55,0.0,49.77,1.49
2016-02-07,9.43,17.67,3.43,0.0,42.35,1.88
2016-02-08,8.7,13.54,5.75,0.01,54.12,1.43
2016-02-09,2.87,5.7,-1.22,4.11,87.85,1.66
2016-02-10,-2.38,0.6,-5.96,0.94,85.07,1.73
2016-02-11,-3.3,1.65,-6.73,0.05,73.07,1.64
2016-02-12,-1.78,3.23,-4.56,0.0,61.65,1.38
2016-02-13,-1.2,3.9,-3.6,0.0,63.75,1.08
2016-02-14,-1.16,3.49,-3.65,0.0,64.38,1.66
2016-02-15,1.27,6.03,-1.53,0.0,57.91,1.19
2016-02-16,0.85,5.25,-2.63,0.0,60.46,1.07
2016-02-17,2.53,8.72,-1.71,0.0,49.1,1.2
2016-02-18,5.78,13.02,1.94,0.0,44.34,1.3
2016-02-19,7.54,14.29,3.16,0.0,49.38,1.4
2016-02-20,7.27,11.05,5.12,0.0,62.82,1.82
2016-02-21,9.14,14.71,6.1,0.01,63.4,1.55
2016-02-22,12.53,18.51,7.48,0.48,57.77,1.41
2016-02-23,12.21,20.73,6.15,0.0,54.49,1.47
2016-02-24,13.38,21.77,7.97,0.0,43.75,1.67
2016-02-25,14.16,23.99,6.71,0.0,43.48,1.83
2016-02-26,13.25,19.58,7.95,0.0,47.7,1.59
2016-02-27,12.98,19.25,7.73,0.0,58.45,2.0
2016-02-28,12.28,19.23,7.85,0.0,62.41,1.28
2016-02-29,14.43,21.58,9.39,0.0,57.04,1.44
2016-03-01,12.64,17.21,9.59,0.0,63.09,1.3
2016-03-02,9.53,14.73,5.55,0.0,75.15,1.65
2016-03-03,11.52,18.4,6.54,0.0,61.73,1.28
2016-03-04,13.87,20.51,10.02,0.0,54.62,1.38
2016-03-05,13.46,19.92,7.11,0.0,58.48,1.53
2016-03-06,14.42,22.13,8.8,0.0,52.31,1.67
2016-03-07,16.55,23.71,11.63,0.0,47.9,1.48
2016-03-08,17.26,23.96,12.43,0.0,51.9,1.69
2016-03-09,12.41,18.24,8.02,0.48,81.81,2.02
2016-03-10,12.5,17.84,8.77,0.86,78.52,1.61
2016-03-11,10.7,13.83,6.71,0.04,79.32,1.3
2016-03-12,11.26,17.91,5.97,0.07,66.8,1.7
2016-03-13,8.74,15.72,4.7,1.84,71.81,2.25
2016-03-14,4.76,6.54,3.21,5.83,84.9,1.22
2016-03-15,9.76,18.06,1.98,0.56,55.98,2.17
2016-03-16,6.43,9.04,3.41,17.89,88.58,1.98
2016-03-17,3.32,5.33,1.89,7.31,84.48,1.76
2016-03-18,1.73,5.53,-2.21,7.43,84.23,1.27
2016-03-19,3.89,10.4,-2.78,0.4,66.21,1.38
2016-03-20,8.58,15.07,2.75,0.0,52.9,1.82
2016-03-21,11.62,18.73,4.62,0.0,52.49,2.47
2016-03-22,14.19,20.23,8.05,0.0,49.31,0.97
2016-03-23,14.66,21.83,10.45,0.0,60.2,2.02
2016-03-24,11.14,16.99,5.93,1.81,76.45,2.65
2016-03-25,8.49,14.3,5.21,2.27,77.69,1.94
2016-03-26,12.36,19.12,5.28,0.0,57.17,1.55
2016-03-27,15.7,24.2,9.38,0.0,55.94,1.77
2016-03-28,15.12,17.99,12.72,1.41,70.89,1.62
2016-03-29,15.63,20.23,11.04,5.28,78.41,1.63
2016-03-30,15.89,21.88,9.98,14.47,80.86,2.09
2016-03-31,11.25,14.94,6.79,16.79,83.55,1.64
2016-04-01,8.09,13.14,5.18,1.26,74.11,1.45
2016-04-02,8.22,13.28,4.73,2.63,74.13,1.87
2016-04-03,10.25,15.43,5.4,3.87,73.62,1.72
2016-04-04,10.48,15.63,4.64,0.04,67.93,1.87
2016-04-05,10.91,17.2,6.25,0.42,61.97,2.38
2016-04-06,9.97,15.08,5.72,0.75,72.23,1.6
2016-04-07,12.05,17.86,6.2,0.0,61.69,1.61
2016-04-08,11.5,15.98,6.17,0.92,69.59,1.45
2016-04-09,9.16,14.75,4.16,0.19,66.69,2.07
2016-04-10,9.32,16.15,3.86,0.0,61.92,1.75
2016-04-11,12.27,18.79,6.53,3.1,67.71,1.55
2016-04-12,9.29,13.69,6.27,6.57,78.82,1.67
2016-04-13,12.6,20.39,4.57,0.0,61.4,1.37
2016-04-14,16.77,24.87,7.85,0.0,50.51,1.66
2016-04-15,18.46,24.56,12.78,0.03,61.49,1.28
2016-04-16,22.31,29.28,14.95,0.0,59.48,1.35
2016-04-17,17.23,20.07,14.11,9.3,84.65,1.67
2016-04-18,15.95,20.01,11.74,1.61,76.57,1.49
2016-04-19,14.75,20.12,8.54,0.14,74.88,2.64
2016-04-20,11.99,16.72,8.12,8.13,79.23,1.9
2016-04-21,12.01,16.47,7.19,3.94,76.08,1.39
2016-04-22,14.26,19.28,8.39,0.0,67.57,1.72
2016-04-23,16.06,20.66,11.5,0.0,66.58,1.48
2016-04-24,14.99,18.83,11.18,0.21,76.94,1.72
2016-04-25,16.41,21.32,9.84,0.0,70.74,1.6
2016-04-26,18.35,23.25,11.66,0.0,61.29,1.23
2016-04-27,20.52,25.27,14.49,0.03,49.54,1.2
2016-04-28,21.15,27.54,13.54,0.21,52.62,1.93
2016-04-29,21.73,26.56,18.07,0.56,66.61,2.08
2016-04-30,21.78,26.48,17.54,0.03,64.83,1.76
2016-05-01,24.2,31.58,16.23,0.61,56.13,2.46
2016-05-02,17.32,22.91,13.67,2.71,74.14,2.01
2016-05-03,16.89,22.61,12.6,0.29,73.52,1.51
2016-05-04,16.12,21.33,12.24,1.41,70.47,2.07
2016-05-05,17.88,23.86,11.26,0.03,57.82,1.44
2016-05-06,20.36,25.77,14.65,2.92,66.06,2.23
2016-05-07,22.18,28.95,14.76,0.0,45.71,1.29
2016-05-08,23.8,30.9,15.22,0.08,51.32,1.91
2016-05-09,19.7,24.54,14.84,4.02,67.28,2.27
2016-05-10,18.85,23.95,13.14,1.14,66.58,2.31
2016-05-11,17.97,25.15,11.34,0.92,65.41,1.21
2016-05-12,17.93,23.59,12.86,1.25,66.13,1.5
2016-05-13,20.76,25.77,15.1,0.04,57.35,1.75
2016-05-14,18.88,22.09,16.19,3.51,69.61,2.31
2016-05-15,21.97,27.49,16.65,8.37,58.51,1.53
2016-05-16,18.6,21.45,15.53,18.37,75.88,1.41
2016-05-17,19.44,24.6,15.6,5.57,71.99,2.08
2016-05-18,18.46,22.87,13.4,0.78,73.31,1.69
2016-05-19,19.25,25.78,13.24,0.0,62.67,1.5
2016-05-20,22.09,29.02,15.47,0.0,49.84,1.54
2016-05-21,24.34,31.56,15.32,0.02,44.95,1.66
2016-05-22,24.87,31.52,18.56,0.0,41.68,2.16
2016-05-23,18.92,22.41,15.3,1.56,62.08,1.89
2016-05-24,20.73,27.95,13.22,0.0,56.68,1.66
2016-05-25,22.16,29.27,15.02,0.0,46.65,1.89
2016-05-26,23.82,31.04,16.25,0.82,44.99,1.9
2016-05-27,23.14,29.88,16.57,0.59,45.51,2.58
2016-05-28,23.81,30.38,17.89,0.02,43.6,2.4
2016-05-29,22.31,28.55,16.35,0.26,45.92,2.27
2016-05-30,22.68,29.87,15.44,0.0,43.53,1.84
2016-05-31,24.14,31.76,16.56,0.0,41.17,1.9
2016-06-01,25.02,31.37,18.66,0.0,41.46,1.36
2016-06-02,27.15,36.28,20.2,0.06,40.24,2.37
2016-06-03,23.16,28.75,19.24,4.36,58.64,1.56
2016-06-04,25.52,32.48,17.47,0.01,47.23,1.87
2016-06-05,26.92,33.89,19.82,0.0,42.99,1.59
2016-06-06,27.93,35.49,20.03,0.0,39.74,2.06
2016-06-07,30.07,38.71,20.32,0.1,34.26,2.28
2016-06-08,29.56,37.61,23.02,0.0,39.16,2.25
2016-06-09,30.48,38.71,22.76,0.0,34.24,2.65
2016-06-10,30.85,38.1,23.89,0.0,32.74,2.59
2016-06-11,29.05,36.47,21.87,0.0,33.49,4.54
2016-06-12,29.16,37.42,20.89,0.0,32.95,2.9
2016-06-13,30.48,38.74,21.77,0.0,31.84,2.39
2016-06-14,31.69,39.49,24.27,0.3,31.68,2.2
2016-06-15,23.54,27.88,18.99,8.78,61.62,1.96
2016-06-16,21.13,24.93,17.43,3.16,67.23,1.68
2016-06-17,21.79,26.93,17.42,1.66,61.36,1.98
2016-06-18,24.16,31.44,16.6,0.0,47.49,2.94
2016-06-19,26.04,33.48,17.9,0.0,37.87,2.96
2016-06-20,25.55,33.62,18.35,0.0,36.6,2.48
2016-06-21,24.57,31.19,18.54,0.3,38.07,2.37
2016-06-22,21.96,26.92,17.28,1.26,45.09,2.29
2016-06-23,22.93,29.76,15.37,0.0,37.6,2.65
2016-06-24,23.92,31.0,16.03,0.0,34.65,2.22
2016-06-25,27.11,34.85,19.27,0.0,28.05,1.84
2016-06-26,28.7,36.69,20.77,0.18,30.09,2.73
2016-06-27,24.53,30.53,19.08,1.36,45.75,2.58
2016-06-28,25.68,33.2,17.52,0.0,28.79,2.01
2016-06-29,28.51,37.02,19.66,0.0,22.17,2.14
2016-06-30,29.96,38.38,20.93,0.0,23.61,2.79
2016-07-01,32.02,39.63,24.25,0.0,23.44,2.53
2016-07-02,29.72,35.96,22.44,0.0,22.13,2.91
2016-07-03,27.67,34.12,20.99,0.02,22.37,2.12
2016-07-04,26.58,34.6,19.6,0.81,39.27,2.54
2016-07-05,27.23,32.76,22.7,1.95,36.77,1.82
2016-07-06,27.71,33.22,21.98,0.19,30.58,2.11
2016-07-07,27.55,34.54,20.74,0.0,29.19,2.46
2016-07-08,29.16,37.05,21.64,0.0,26.32,1.77
2016-07-09,29.93,37.55,21.65,0.0,25.85,2.22
2016-07-10,31.17,39.37,22.51,0.0,25.54,2.6
2016-07-11,32.66,40.64,24.92,0.0,24.49,1.96
2016-07-12,32.7,40.6,24.35,0.0,24.0,2.36
2016-07-13,32.9,40.52,26.33,0.0,20.34,2.57
2016-07-14,26.09,30.66,22.21,0.31,39.95,3.14
2016-07-15,27.68,34.43,20.45,0.0,34.3,2.52
2016-07-16,29.31,36.58,21.07,0.0,27.92,2.85
2016-07-17,29.57,36.25,22.56,0.01,22.06,2.72
2016-07-18,28.14,33.75,22.44,0.05,22.48,2.37
2016-07-19,28.43,34.15,21.5,0.66,28.23,2.09
2016-07-20,30.61,37.22,22.99,0.02,24.74,2.68
2016-07-21,30.02,36.79,24.01,0.01,28.45,3.12
2016-07-22,27.9,34.43,21.75,0.1,28.53,2.85
2016-07-23,27.37,34.96,19.71,0.0,24.99,2.51
2016-07-24,30.77,38.96,22.17,0.0,22.91,3.41
2016-07-25,33.08,41.5,24.06,0.0,21.31,2.58
2016-07-26,34.21,42.24,27.36,0.0,19.51,2.98
2016-07-27,30.92,37.77,25.06,0.44,31.9,2.96
2016-07-28,28.07,34.35,22.97,2.1,39.96,2.7
2016-07-29,24.88,30.66,19.94,4.97,36.18,2.24
2016-07-30,23.39,27.65,19.21,0.99,44.12,1.68
2016-07-31,24.14,31.68,16.35,0.22,46.25,2.27
2016-08-01,26.15,33.76,18.97,0.0,32.72,2.29
2016-08-02,26.85,34.3,19.23,0.0,31.6,2.25
2016-08-03,28.36,35.51,21.77,0.0,31.0,1.76
2016-08-04,29.79,37.57,22.19,0.0,27.37,2.05
2016-08-05,30.15,37.12,23.32,0.0,26.88,1.96
2016-08-06,29.7,36.76,22.99,0.0,28.43,2.22
2016-08-07,28.54,35.87,21.89,0.0,33.12,2.58
2016-08-08,28.89,38.01,19.81,0.0,29.01,2.08
2016-08-09,30.7,39.02,22.21,0.0,20.79,2.17
2016-08-10,31.14,39.24,22.74,0.0,18.01,2.15
2016-08-11,31.29,39.4,23.3,0.0,18.16,2.23
2016-08-12,30.59,37.93,23.88,0.0,21.6,2.03
2016-08-13,30.48,38.05,23.24,0.0,22.02,2.25
2016-08-14,30.25,37.84,23.84,0.0,22.19,2.16
2016-08-15,30.13,37.74,22.28,0.05,23.58,2.68
2016-08-16,27.76,33.83,22.54,1.41,34.54,1.63
2016-08-17,27.35,32.95,22.01,0.0,33.81,1.84
2016-08-18,27.31,34.13,20.08,0.01,26.1,1.67
2016-08-19,28.12,34.21,22.34,0.0,22.21,1.63
2016-08-20,28.54,35.82,21.33,0.0,21.69,1.7
2016-08-21,28.42,35.75,21.12,0.0,21.41,2.16
2016-08-22,28.02,35.62,21.31,0.0,22.99,2.32
2016-08-23,25.56,33.17,18.35,0.0,27.59,2.13
2016-08-24,25.82,33.23,18.48,0.0,19.99,2.03
2016-08-25,25.86,33.51,18.94,0.0,18.06,2.33
2016-08-26,26.72,34.81,20.39,0.0,14.08,1.73
2016-08-27,27.78,35.53,21.32,0.0,13.48,1.77
2016-08-28,26.66,35.57,18.4,0.0,18.64,2.57
2016-08-29,28.35,34.43,22.38,0.0,21.19,1.96
2016-08-30,27.39,35.07,21.42,0.0,26.84,2.77
2016-08-31,27.14,34.91,19.56,0.0,22.03,1.88
2016-09-01,27.3,34.85,20.42,0.33,23.09,2.03
2016-09-02,26.86,34.85,20.04,0.0,21.08,2.26
2016-09-03,27.56,33.95,21.85,0.0,17.58,1.68
2016-09-04,26.36,33.79,20.02,0.0,22.81,3.0
2016-09-05,24.82,32.2,18.66,0.0,23.39,2.07
2016-09-06,25.12,33.07,17.17,0.0,22.64,1.93
2016-09-07,25.59,33.19,18.46,0.0,20.9,2.28
2016-09-08,26.73,33.89,21.44,0.0,17.8,1.9
2016-09-09,25.89,32.14,20.79,0.0,25.27,1.45
2016-09-10,26.74,34.39,20.27,0.0,25.79,2.36
2016-09-11,23.09,28.86,17.52,0.0,30.03,2.7
2016-09-12,20.69,27.5,15.23,0.0,30.39,2.11
2016-09-13,19.5,25.41,15.04,0.48,26.66,1.96
2016-09-14,21.66,30.19,14.22,0.0,24.42,1.69
2016-09-15,24.41,32.33,18.61,0.0,17.79,1.9
2016-09-16,26.48,34.65,17.87,0.0,17.97,1.93
2016-09-17,23.01,29.89,18.22,0.0,30.88,2.54
2016-09-18,24.57,31.85,18.5,0.0,27.74,2.26
2016-09-19,24.52,32.15,18.95,0.0,27.02,1.76
2016-09-20,25.71,33.31,20.2,0.0,26.21,2.2
2016-09-21,26.26,34.07,20.33,0.0,23.59,1.54
2016-09-22,25.84,34.14,18.94,0.0,20.17,2.07
2016-09-23,26.88,34.3,20.8,0.0,18.55,2.02
2016-09-24,24.73,32.89,18.39,0.0,21.15,2.08
2016-09-25,23.66,31.98,17.17,0.0,22.08,2.18
2016-09-26,24.92,33.41,18.25,0.0,24.15,2.32
2016-09-27,25.62,33.08,20.63,0.0,25.23,2.05
2016-09-28,21.57,27.19,15.46,0.0,29.72,2.01
2016-09-29,22.96,32.21,15.3,0.0,24.08,2.41
2016-09-30,16.32,20.27,12.12,1.72,49.14,1.91
2016-10-01,15.7,21.55,11.09,0.23,41.19,2.22
2016-10-02,12.43,17.04,8.03,2.26,47.97,1.91
2016-10-03,14.38,22.69,7.54,0.0,27.9,2.36
2016-10-04,16.1,24.49,10.28,0.0,23.79,1.7
2016-10-05,16.35,24.73,9.36,0.0,25.65,1.8
2016-10-06,16.69,23.87,10.48,0.0,26.3,1.85
2016-10-07,17.33,24.45,11.24,0.0,25.39,1.87
2016-10-08,16.28,24.07,9.8,0.0,25.55,1.98
2016-10-09,15.6,22.84,9.42,0.0,26.38,2.1
2016-10-10,16.36,24.32,9.94,0.0,24.99,1.84
2016-10-11,17.35,25.38,10.79,0.0,22.19,1.96
2016-10-12,17.21,22.55,10.72,0.05,21.37,1.87
2016-10-13,9.71,13.93,2.69,19.87,59.76,1.78
2016-10-14,6.35,12.51,1.94,2.04,62.52,1.24
2016-10-15,14.93,23.25,7.37,0.0,35.75,1.49
2016-10-16,15.09,20.35,10.06,0.41,53.95,2.17
2016-10-17,11.26,14.06,8.95,1.74,77.23,0.64
2016-10-18,4.49,10.79,-0.47,17.34,82.8,1.19
2016-10-19,2.44,8.18,-1.57,0.83,66.05,1.33
2016-10-20,4.46,10.37,1.21,0.03,46.71,1.38
2016-10-21,5.05,10.76,1.22,1.02,50.74,1.29
2016-10-22,3.02,8.04,-0.93,1.11,58.6,1.37
2016-10-23,3.41,10.04,-0.83,0.0,53.26,1.38
2016-10-24,2.66,7.48,-0.75,0.0,55.15,1.21
2016-10-25,2.98,8.81,-0.96,0.0,54.58,1.28
2016-10-26,3.31,9.5,-0.17,0.0,43.35,1.23
2016-10-27,7.59,16.0,0.94,0.0,33.97,1.49
2016-10-28,13.0,19.33,8.19,0.02,36.92,1.25
2016-10-29,12.51,18.47,9.92,0.11,56.97,1.13
2016-10-30,8.61,10.58,6.9,2.42,75.62,1.38
2016-10-31,14.98,23.98,7.55,0.12,64.23,1.96
2016-11-01,17.37,26.5,12.5,0.0,50.95,2.74
2016-11-02,18.12,27.61,11.82,0.0,44.54,2.5
2016-11-03,13.52,20.87,2.99,12.34,56.81,4.0
2016-11-04,2.37,7.28,-0.4,2.95,69.93,2.29
2016-11-05,6.16,14.9,0.13,0.0,38.32,1.68
2016-11-06,8.2,14.17,4.15,0.0,37.01,1.0
2016-11-07,6.48,13.0,2.74,0.0,51.96,1.66
2016-11-08,8.81,16.18,4.54,0.0,44.93,1.36
2016-11-09,8.39,14.64,5.13,0.0,48.87,1.5
2016-11-10,8.27,15.05,4.24,0.0,55.03,1.42
2016-11-11,7.69,14.05,3.73,0.0,56.08,1.57
2016-11-12,8.88,14.14,4.63,0.0,59.68,1.25
2016-11-13,9.57,15.88,5.47,0.01,58.33,2.31
2016-11-14,7.62,13.3,4.33,0.26,61.22,1.25
2016-11-15,10.16,16.7,6.23,0.0,39.46,0.99
2016-11-16,7.28,10.32,5.13,0.66,72.55,2.19
2016-11-17,4.53,8.89,1.04,6.05,82.47,1.25
2016-11-18,9.81,15.54,6.27,0.0,60.88,0.87
2016-11-19,5.12,10.17,1.05,6.77,78.52,2.37
2016-11-20,-2.5,1.67,-6.95,8.67,83.12,2.13
2016-11-21,-7.8,-4.72,-9.51,1.63,78.31,2.0
2016-11-22,-7.92,-2.7,-10.97,0.29,80.96,2.98
2016-11-23,-7.01,-2.35,-9.53,0.03,83.52,1.34
2016-11-24,-5.73,-1.81,-8.23,0.0,77.01,1.15
2016-11-25,-4.53,0.2,-6.96,0.23,74.93,1.49
2016-11-26,-7.55,-4.59,-10.1,3.91,82.22,1.6
2016-11-27,-3.61,4.47,-10.4,0.0,49.71,1.53
2016-11-28,2.42,8.38,-1.78,0.0,37.65,1.34
2016-11-29,5.07,10.22,1.58,0.0,42.55,1.02
2016-11-30,5.12,10.59,2.14,0.0,52.55,1.15
2016-12-01,6.08,14.5,2.16,0.0,51.54,2.27
2016-12-02,8.95,16.22,4.18,0.0,44.51,2.13
2016-12-03,12.61,17.84,9.56,1.48,66.13,2.93
2016-12-04,9.53,14.71,5.97,3.37,79.18,1.12
2016-12-05,10.01,17.06,5.28,0.03,54.97,1.21
2016-12-06,11.0,16.39,7.55,5.65,62.46,1.11
2016-12-07,5.81,10.71,1.33,15.06,90.83,1.75
2016-12-08,2.2,7.56,-0.77,1.74,80.0,1.25
2016-12-09,-1.46,0.35,-4.14,3.59,85.14,1.35
2016-12-10,-2.87,0.55,-4.95,2.43,74.08,1.03
2016-12-11,1.42,6.75,-3.3,0.26,68.85,1.44
2016-12-12,2.16,3.95,-0.62,3.01,79.01,1.92
2016-12-13,3.22,10.65,-1.71,0.12,62.29,1.63
2016-12-14,7.18,10.8,2.99,0.0,52.47,1.66
2016-12-15,9.47,15.55,4.61,0.0,40.47,1.26
2016-12-16,5.37,15.61,-0.38,6.43,65.42,2.45
2016-12-17,-0.14,3.79,-2.65,4.44,82.25,0.94
2016-12-18,-2.62,-0.06,-5.46,7.71,86.27,0.88
2016-12-19,-4.74,-0.81,-7.57,3.16,81.81,1.12
2016-12-20,-2.07,4.14,-6.61,0.0,57.5,1.25
2016-12-21,1.7,5.53,-1.29,0.52,61.48,1.09
2016-12-22,-0.99,1.53,-2.53,6.47,92.05,1.67
2016-12-23,-3.71,-1.37,-8.24,6.33,95.66,2.41
2016-12-24,-7.5,-2.04,-10.44,0.02,76.79,1.2
2016-12-25,-1.19,3.85,-7.24,0.0,45.05,1.27
2016-12-26,5.61,8.57,2.68,0.01,50.45,1.78
2016-12-27,1.69,5.11,-1.69,10.12,89.03,1.64
2016-12-28,1.92,9.17,-2.49,0.06,61.39,1.41
2016-12-29,2.36,4.53,-1.21,14.02,92.82,2.58
2016-12-30,2.74,8.29,-1.88,0.37,68.05,1.1
2016-12-31,2.22,7.26,-0.65,0.0,62.47,1.58
2017-01-01,3.4,9.35,-0.96,0.0,69.09,1.52
2017-01-02,5.69,13.13,0.67,4.59,69.74,2.04
2017-01-03,0.54,3.61,-2.18,7.0,82.94,1.5
2017-01-04,-1.55,1.2,-3.41,0.09,76.21,1.0
2017-01-05,-1.23,3.24,-4.11,0.04,86.15,0.91
2017-01-06,-1.5,2.97,-3.79,0.0,76.33,0.95
2017-01-07,-2.24,2.54,-4.96,0.0,84.49,1.21
2017-01-08,-1.54,2.98,-4.02,0.0,74.81,1.11
2017-01-09,-0.02,5.33,-2.94,0.0,59.57,1.28
2017-01-10,1.92,7.98,-1.53,0.0,48.68,1.58
2017-01-11,1.46,7.7,-1.54,1.14,60.31,1.92
2017-01-12,-1.44,0.81,-3.58,3.91,92.29,1.15
2017-01-13,-2.17,2.45,-4.58,0.5,86.37,1.4
2017-01-14,0.71,6.7,-2.08,0.0,54.57,1.39
2017-01-15,2.64,8.54,-0.8,0.0,46.36,1.14
2017-01-16,-1.19,1.55,-2.72,0.0,73.38,0.99
2017-01-17,-1.55,2.38,-3.75,0.0,75.86,0.94
2017-01-18,0.74,5.08,-1.08,0.0,66.56,1.02
2017-01-19,1.9,6.22,-0.82,0.0,62.98,1.09
2017-01-20,4.18,8.73,0.45,0.03,55.07,1.4
2017-01-21,1.67,3.76,0.23,6.93,90.22,1.02
2017-01-22,1.63,4.4,-0.05,6.23,95.4,1.42
2017-01-23,-0.99,0.77,-4.74,12.54,94.97,1.43
2017-01-24,-5.31,-1.2,-8.89,0.71,69.49,1.34
2017-01-25,-3.79,2.15,-7.46,0.0,62.53,1.74
2017-01-26,0.55,7.09,-5.27,0.0,47.91,1.44
2017-01-27,2.98,7.09,-0.22,1.55,73.5,1.99
2017-01-28,2.67,4.39,1.09,7.32,91.52,0.75
2017-01-29,3.85,8.18,0.52,3.74,84.74,1.7
2017-01-30,2.3,6.02,-2.25,7.27,81.48,2.0
2017-01-31,-1.37,2.72,-4.49,0.83,75.33,1.15
2017-02-01,1.68,5.63,-1.02,0.03,66.28,1.12
2017-02-02,1.96,5.87,-0.16,4.61,82.8,1.24
2017-02-03,-1.77,-0.2,-5.4,16.28,93.44,1.56
2017-02-04,-8.38,-4.31,-12.59,1.09,79.79,1.11
2017-02-05,-9.29,-2.99,-13.33,0.0,68.29,1.65
2017-02-06,-4.26,2.3,-9.45,0.0,56.25,1.28
2017-02-07,1.62,5.61,-4.46,0.0,47.9,1.3
2017-02-08,1.85,5.82,-1.08,0.02,64.14,2.05
2017-02-09,1.3,3.81,-1.16,0.49,74.64,1.78
2017-02-10,1.16,4.57,-1.6,1.2,80.3,0.7
2017-02-11,-3.32,-1.11,-4.97,7.29,91.01,1.55
2017-02-12,-2.17,0.73,-4.94,1.28,88.67,0.76
2017-02-13,-0.41,2.58,-2.52,4.49,88.49,0.9
2017-02-14,2.48,5.04,-0.72,12.21,92.28,1.63
2017-02-15,2.41,7.48,-2.0,2.34,79.26,1.14
2017-02-16,7.73,16.01,1.82,4.81,77.84,1.82
2017-02-17,4.71,7.39,2.91,27.32,94.62,1.2
2017-02-18,0.91,4.26,-5.02,28.06,94.91,1.33
2017-02-19,-6.98,-4.13,-10.77,3.72,90.87,1.42
2017-02-20,-5.37,1.24,-10.91,0.0,72.83,1.36
2017-02-21,-2.63,2.36,-7.07,0.0,69.77,1.12
2017-02-22,1.45,7.83,-3.27,0.0,58.29,1.11
2017-02-23,4.98,11.61,-0.58,0.0,49.1,1.69
2017-02-24,6.78,14.55,0.52,0.29,57.3,1.54
2017-02-25,3.66,7.21,-1.15,2.75,87.78,2.4
2017-02-26,5.04,12.49,-1.3,0.0,57.34,1.32
2017-02-27,8.88,15.38,2.78,0.0,46.16,1.25
2017-02-28,6.21,11.67,2.04,0.0,72.18,1.86
2017-03-01,3.77,7.98,0.5,2.83,86.92,1.57
2017-03-02,-0.86,2.53,-4.07,5.72,87.8,1.46
2017-03-03,-1.39,2.58,-4.32,0.0,78.1,1.32
2017-03-04,0.69,5.59,-2.91,0.0,70.64,1.42
2017-03-05,2.98,8.57,-0.94,0.0,62.39,1.3
2017-03-06,2.32,7.68,-2.28,0.27,68.47,1.34
2017-03-07,3.53,9.2,-0.65,0.0,64.45,1.47
2017-03-08,4.54,10.55,0.86,0.0,64.58,1.53
2017-03-09,2.1,7.33,-1.53,0.01,79.6,1.73
2017-03-10,-0.32,4.33,-4.14,0.02,78.3,1.62
2017-03-11,-1.58,2.77,-5.03,0.03,67.93,1.53
2017-03-12,-0.28,5.26,-4.14,0.0,64.09,1.7
2017-03-13,-1.97,1.75,-5.17,0.23,72.17,1.42
2017-03-14,0.24,6.4,-4.65,0.3,66.13,1.71
2017-03-15,4.08,8.08,-0.75,0.05,57.22,0.63
2017-03-16,5.25,10.77,1.17,1.69,76.73,1.22
2017-03-17,7.32,13.76,1.76,0.0,61.36,1.42
2017-03-18,5.26,7.43,3.04,0.81,72.03,1.51
2017-03-19,7.51,13.44,3.19,2.7,76.59,1.39
2017-03-20,11.56,18.69,3.76,0.0,58.47,1.39
2017-03-21,11.09,14.52,8.51,4.31,77.54,1.76
2017-03-22,11.28,16.82,7.71,1.83,81.72,1.66
2017-03-23,12.23,17.41,7.98,0.91,72.94,1.78
2017-03-24,11.44,17.95,7.13,0.13,73.17,1.24
2017-03-25,10.21,15.65,6.89,1.55,85.2,1.51
2017-03-26,7.12,9.82,4.85,10.94,88.87,1.38
2017-03-27,8.48,12.76,3.97,5.06,85.56,1.55
2017-03-28,12.87,19.67,5.76,0.03,68.92,1.68
2017-03-29,15.28,20.36,11.17,1.82,67.92,1.73
2017-03-30,9.19,13.38,3.67,10.78,77.77,2.21
2017-03-31,11.68,18.85,4.4,0.05,55.65,1.4
2017-04-01,11.62,17.06,7.57,6.9,69.91,1.6
2017-04-02,8.52,10.79,6.58,1.41,80.39,1.5
2017-04-03,5.2,8.56,1.55,7.09,85.39,1.67
2017-04-04,4.81,10.41,0.07,0.02,79.36,1.4
2017-04-05,5.13,10.53,1.14,0.23,75.83,1.87
2017-04-06,4.19,10.18,-1.15,0.0,74.21,1.48
2017-04-07,6.61,13.1,-0.36,0.0,68.64,1.73
2017-04-08,10.14,17.06,4.22,0.0,64.53,1.47
2017-04-09,13.16,20.12,6.57,0.0,58.84,1.56
2017-04-10,14.21,21.86,8.3,0.0,60.69,2.22
2017-04-11,14.92,20.08,10.85,0.74,73.29,2.81
2017-04-12,14.59,20.34,10.81,4.92,75.1,1.68
2017-04-13,9.23,11.86,5.6,18.38,84.8,2.99
2017-04-14,13.23,20.32,5.41,0.0,59.13,1.17
2017-04-15,19.38,28.13,11.67,0.0,50.64,1.43
2017-04-16,16.66,20.7,12.92,1.88,71.8,2.65
2017-04-17,14.65,19.26,11.51,8.65,84.04,1.36
2017-04-18,15.73,21.1,10.92,0.4,76.57,1.62
2017-04-19,16.97,22.63,11.66,0.25,63.35,1.41
2017-04-20,19.31,24.59,13.47,2.05,55.88,1.42
2017-04-21,15.02,19.3,11.31,1.01,72.67,2.05
2017-04-22,13.53,18.3,9.23,0.15,67.17,1.31
2017-04-23,14.73,21.44,7.79,0.0,67.92,1.58
2017-04-24,18.06,24.66,10.52,0.0,59.84,1.52
2017-04-25,20.46,26.49,14.16,0.0,54.74,1.56
2017-04-26,20.06,26.19,14.28,0.0,60.99,1.56
2017-04-27,12.03,15.68,8.67,4.22,83.87,2.47
2017-04-28,8.12,11.72,3.35,2.39,73.83,2.02
2017-04-29,7.29,11.66,2.39,1.12,68.98,1.66
2017-04-30,9.96,16.35,3.9,0.16,64.22,2.1
2017-05-01,14.09,20.88,7.44,0.0,55.58,2.25
2017-05-02,15.26,23.15,7.39,0.0,58.23,1.69
2017-05-03,18.32,25.91,10.06,0.0,50.81,1.56
2017-05-04,19.88,26.3,13.4,0.0,52.44,1.47
2017-05-05,20.05,27.26,12.14,0.12,55.75,2.48
2017-05-06,20.47,27.59,13.8,12.99,68.06,2.72
2017-05-07,17.71,23.3,11.41,3.16,69.67,1.22
2017-05-08,19.78,25.47,14.95,0.68,59.67,1.35
2017-05-09,20.85,26.51,13.76,0.06,61.48,1.18
2017-05-10,23.49,30.92,16.4,2.39,58.66,2.19
2017-05-11,22.7,28.91,17.19,0.0,57.87,1.78
2017-05-12,23.98,30.38,17.92,0.0,53.77,1.62
2017-05-13,24.86,31.3,19.24,0.0,54.33,1.65
2017-05-14,25.42,31.53,18.46,0.0,51.65,1.52
2017-05-15,24.68,31.26,19.5,0.0,56.88,2.19
2017-05-16,22.84,27.39,18.66,0.0,68.0,1.51
2017-05-17,22.74,27.99,17.42,0.76,60.77,1.78
2017-05-18,18.25,21.81,14.82,11.27,74.25,1.67
2017-05-19,18.82,24.51,13.73,2.68,62.36,1.56
2017-05-20,20.91,27.1,14.83,0.0,57.78,1.31
2017-05-21,23.31,29.84,17.58,0.0,54.1,1.51
2017-05-22,25.43,32.24,19.37,0.0,46.91,1.52
2017-05-23,22.41,27.12,17.68,0.15,61.58,1.98
2017-05-24,23.13,29.43,16.45,0.0,59.86,2.27
2017-05-25,24.15,30.87,17.97,0.26,59.51,2.9
2017-05-26,23.46,30.27,17.04,0.09,49.29,2.17
2017-05-27,25.92,33.07,18.09,0.29,45.19,1.54
2017-05-28,24.98,31.76,18.96,0.09,44.72,2.29
2017-05-29,24.68,35.63,17.25,0.22,42.36,3.06
2017-05-30,19.11,24.88,12.21,0.0,47.64,2.77
2017-05-31,20.01,27.12,11.61,0.0,39.0,1.47
2017-06-01,21.58,29.52,12.79,0.0,39.19,1.75
2017-06-02,24.05,31.65,16.82,0.0,38.46,1.65
2017-06-03,26.82,35.89,17.95,0.0,36.9,1.89
2017-06-04,22.44,25.47,16.46,2.36,58.08,2.5
2017-06-05,22.66,30.18,14.83,0.0,50.23,2.72
2017-06-06,21.28,28.35,14.47,0.07,46.77,2.95
2017-06-07,19.39,26.87,12.03,0.0,34.98,2.12
2017-06-08,23.1,32.13,14.26,0.0,31.68,1.82
2017-06-09,24.82,31.92,18.42,0.0,30.82,1.79
2017-06-10,25.56,33.86,16.86,0.01,32.71,2.82
2017-06-11,24.18,31.52,17.07,0.08,38.31,1.86
2017-06-12,26.57,34.56,18.45,0.08,32.69,2.02
2017-06-13,28.78,35.86,21.99,0.0,26.92,1.81
2017-06-14,28.47,36.88,21.21,0.07,32.03,3.06
2017-06-15,25.17,31.7,18.98,0.07,40.75,2.29
2017-06-16,27.38,35.19,19.37,0.0,34.5,2.01
2017-06-17,30.4,38.45,21.22,0.0,28.62,1.97
2017-06-18,31.67,39.59,24.06,0.05,28.96,2.67
2017-06-19,29.38,36.48,21.81,0.0,37.97,2.57
2017-06-20,28.27,35.14,21.61,0.01,36.12,2.37
2017-06-21,29.26,36.9,22.02,0.0,28.23,2.14
2017-06-22,30.9,38.66,21.95,0.0,24.78,2.2
2017-06-23,29.39,34.86,23.83,0.15,30.02,2.03
2017-06-24,27.33,33.2,21.77,0.21,35.37,2.53
2017-06-25,27.81,34.31,20.49,0.58,33.64,2.44
2017-06-26,29.13,36.67,21.88,0.17,29.98,2.45
2017-06-27,26.83,33.09,19.95,1.92,36.49,2.52
2017-06-28,25.8,32.67,18.79,0.0,32.37,3.04
2017-06-29,26.22,34.71,16.87,0.0,30.48,2.11
2017-06-30,27.79,35.56,18.95,0.0,27.24,1.99
2017-07-01,29.3,37.12,20.75,0.0,25.7,2.48
2017-07-02,29.87,37.75,21.3,0.0,26.14,2.44
2017-07-03,30.82,39.11,22.6,0.0,24.12,2.42
2017-07-04,32.16,40.19,23.28,0.0,20.12,2.62
2017-07-05,32.56,40.99,23.14,0.01,20.77,2.67
2017-07-06,33.4,41.77,24.83,0.0,18.4,2.62
2017-07-07,33.83,42.36,25.21,0.0,15.4,2.8
2017-07-08,35.04,43.78,25.85,0.0,15.79,2.54
2017-07-09,33.88,42.55,25.13,0.0,19.2,3.29
2017-07-10,31.19,38.64,23.75,0.0,21.33,3.89
2017-07-11,30.12,37.48,22.43,0.0,20.66,3.04
2017-07-12,29.8,37.03,22.98,0.0,22.69,2.57
2017-07-13,26.04,31.74,21.02,0.45,30.75,2.58
2017-07-14,24.9,31.0,19.54,0.03,24.45,2.65
2017-07-15,25.63,32.81,18.02,0.0,21.66,2.7
2017-07-16,26.7,34.34,19.41,0.0,21.31,2.59
2017-07-17,25.7,32.98,17.91,0.0,21.5,2.99
2017-07-18,26.44,34.11,18.19,0.0,19.47,3.02
2017-07-19,27.01,34.88,18.5,0.0,20.58,3.27
2017-07-20,27.74,36.22,18.99,0.0,21.89,2.19
2017-07-21,29.35,38.16,20.58,0.0,18.6,2.11
2017-07-22,30.04,38.96,21.51,0.0,18.0,2.2
2017-07-23,30.08,38.77,21.45,0.0,19.71,2.01
2017-07-24,31.79,39.81,23.69,0.0,18.3,2.66
2017-07-25,32.28,40.9,23.47,0.0,16.1,2.48
2017-07-26,33.63,42.2,25.58,0.0,10.99,2.46
2017-07-27,32.36,40.8,24.52,0.0,14.81,3.41
2017-07-28,30.99,38.37,23.35,0.0,20.32,3.22
2017-07-29,31.77,40.58,23.1,0.0,17.49,2.02
2017-07-30,32.03,41.13,24.1,0.0,16.72,2.37
2017-07-31,31.67,40.81,22.69,0.0,16.4,2.5
2017-08-01,31.03,39.59,22.47,0.0,18.71,2.12
2017-08-02,30.36,37.64,23.06,0.0,22.33,2.54
2017-08-03,29.77,37.0,22.82,0.09,25.14,2.78
2017-08-04,26.45,32.07,21.32,1.34,37.69,2.34
2017-08-05,27.8,35.35,19.87,0.0,31.02,2.47
2017-08-06,30.51,38.59,22.01,0.0,22.38,2.24
2017-08-07,32.07,40.55,23.13,0.0,19.93,2.82
2017-08-08,33.2,41.71,24.85,0.0,17.06,2.62
2017-08-09,32.04,40.42,23.93,0.0,18.05,2.44
2017-08-10,30.72,39.1,22.9,0.0,17.66,2.16
2017-08-11,25.48,31.19,19.38,0.72,27.06,2.98
2017-08-12,21.81,28.47,15.22,0.0,23.16,3.13
2017-08-13,22.54,30.45,14.82,0.0,20.38,1.95
2017-08-14,23.59,31.58,15.47,0.0,18.32,1.94
2017-08-15,24.68,32.34,16.49,0.0,17.77,2.22
2017-08-16,26.33,33.21,19.98,0.0,16.85,2.08
2017-08-17,23.9,31.3,15.92,0.06,22.89,2.24
2017-08-18,24.87,32.9,16.85,0.0,21.14,2.37
2017-08-19,26.08,33.61,19.17,0.0,19.88,2.06
2017-08-20,26.03,33.6,20.36,0.0,20.95,2.0
2017-08-21,25.88,34.25,18.62,0.0,20.78,2.02
2017-08-22,25.51,32.35,17.43,0.0,17.97,1.86
2017-08-23,26.17,34.0,18.68,0.0,14.94,2.09
2017-08-24,26.31,34.56,18.62,0.0,13.83,2.08
2017-08-25,25.83,34.31,18.41,0.0,15.62,2.41
2017-08-26,26.36,34.71,18.54,0.0,16.92,2.11
2017-08-27,27.44,35.25,19.0,0.0,15.53,2.06
2017-08-28,26.91,35.48,18.39,0.0,15.24,2.11
2017-08-29,27.07,35.81,18.27,0.0,17.33,1.82
2017-08-30,28.57,37.54,20.54,0.0,15.6,2.07
2017-08-31,28.24,37.18,20.9,0.0,16.6,2.42
2017-09-01,27.98,36.71,19.93,0.0,16.47,2.33
2017-09-02,28.38,37.38,20.57,0.0,17.53,2.51
2017-09-03,27.5,35.41,19.07,0.0,21.32,1.98
2017-09-04,27.0,34.72,19.85,0.09,21.55,2.42
2017-09-05,28.24,35.05,22.69,0.0,18.19,1.91
2017-09-06,26.51,32.75,20.59,0.0,22.97,2.39
2017-09-07,24.67,31.68,19.65,0.0,27.67,1.93
2017-09-08,25.81,34.0,19.19,0.0,22.64,1.73
2017-09-09,26.39,33.61,21.04,0.0,19.89,2.16
2017-09-10,25.82,32.27,20.23,0.0,24.97,2.53
2017-09-11,22.73,28.98,18.13,0.0,27.41,2.06
2017-09-12,20.91,27.24,14.1,0.0,26.24,2.34
2017-09-13,20.06,28.06,13.24,0.0,16.72,1.75
2017-09-14,20.82,28.99,14.09,0.0,15.87,2.0
2017-09-15,21.52,29.92,13.71,0.0,18.68,1.89
2017-09-16,22.4,29.62,15.82,0.0,16.82,1.78
2017-09-17,22.65,30.63,15.66,0.0,17.48,2.19
2017-09-18,23.22,30.21,16.19,0.0,18.67,1.88
2017-09-19,23.97,32.36,17.33,0.0,19.2,2.23
2017-09-20,23.98,32.09,17.22,0.0,20.79,2.1
2017-09-21,22.92,30.19,17.45,0.0,21.21,2.35
2017-09-22,23.02,30.61,16.35,0.0,18.44,1.82
2017-09-23,21.72,29.13,15.31,0.0,20.21,2.05
2017-09-24,18.51,25.9,12.65,0.0,23.56,1.89
2017-09-25,16.58,23.73,10.3,0.0,17.98,1.88
2017-09-26,18.82,26.76,10.99,0.46,15.62,1.73
2017-09-27,17.89,22.02,13.41,0.52,24.93,2.95
2017-09-28,11.72,17.43,6.29,3.13,46.21,1.7
2017-09-29,8.26,15.32,2.89,6.15,64.05,2.29
2017-09-30,6.02,12.57,1.05,1.57,57.36,1.6
2017-10-01,11.02,18.17,4.65,0.0,38.46,1.48
2017-10-02,16.8,24.24,10.59,0.83,42.54,1.71
2017-10-03,13.92,19.62,8.24,6.47,57.1,2.17
2017-10-04,8.74,12.79,5.84,4.05,69.4,1.41
2017-10-05,8.74,13.85,5.39,0.0,47.95,1.92
2017-10-06,10.38,17.18,5.82,1.81,54.27,1.22
2017-10-07,9.64,16.39,4.77,0.2,61.06,1.4
2017-10-08,13.51,21.61,7.51,0.0,47.24,1.63
2017-10-09,15.29,23.91,9.46,0.0,39.68,1.74
2017-10-10,16.37,23.88,11.27,0.0,36.95,1.53
2017-10-11,17.54,24.93,12.91,0.0,34.56,1.53
2017-10-12,16.95,23.93,12.74,0.0,33.29,1.44
2017-10-13,18.21,26.08,12.98,0.0,31.66,1.54
2017-10-14,16.03,22.67,11.72,0.0,42.55,1.62
2017-10-15,15.7,22.69,11.5,0.02,48.04,1.74
2017-10-16,16.18,22.25,11.18,0.67,45.77,2.04
2017-10-17,18.9,27.36,12.42,0.0,36.1,2.24
2017-10-18,8.16,11.94,5.11,8.36,69.61,3.03
2017-10-19,8.74,13.71,5.59,2.52,66.57,1.72
2017-10-20,11.35,19.15,5.48,0.0,47.24,1.51
2017-10-21,12.04,17.42,8.74,0.0,45.48,1.29
2017-10-22,11.77,19.05,6.66,0.0,47.23,1.58
2017-10-23,13.28,19.51,8.76,0.0,43.2,1.28
2017-10-24,12.15,18.19,8.78,0.0,51.7,2.07
2017-10-25,13.13,18.72,9.7,0.0,46.24,1.32
2017-10-26,12.53,19.68,6.96,0.0,51.94,1.42
2017-10-27,14.12,21.39,8.67,0.0,42.55,1.5
2017-10-28,15.66,24.36,10.75,0.0,43.12,2.36
2017-10-29,16.51,22.02,10.94,0.0,44.61,1.24
2017-10-30,20.95,28.08,14.97,0.0,39.92,1.98
2017-10-31,20.13,27.59,15.37,0.0,36.96,1.88
2017-11-01,18.7,26.28,13.89,0.0,36.95,1.82
2017-11-02,19.08,26.43,14.58,0.0,34.66,1.98
2017-11-03,12.5,15.66,10.0,0.0,62.94,1.05
2017-11-04,11.53,17.82,8.12,0.02,56.35,1.37
2017-11-05,14.36,20.33,10.84,0.0,46.24,1.44
2017-11-06,14.38,19.59,9.66,0.0,58.73,1.61
2017-11-07,10.71,16.2,5.65,0.0,56.49,1.52
2017-11-08,8.79,15.11,4.04,0.0,48.55,1.34
2017-11-09,9.35,15.05,5.03,0.2,42.05,1.34
2017-11-10,9.31,16.18,5.34,0.06,53.78,1.55
2017-11-11,11.82,19.73,7.92,0.0,26.88,1.33
2017-11-12,12.13,19.24,8.45,0.0,28.12,1.03
2017-11-13,10.84,16.36,7.29,0.0,34.4,1.29
2017-11-14,9.53,14.7,6.64,0.0,40.44,1.24
2017-11-15,6.8,12.77,1.89,0.0,51.99,1.54
2017-11-16,5.22,11.62,1.64,0.0,51.51,1.18
2017-11-17,5.17,11.35,1.64,0.0,40.19,1.1
2017-11-18,4.17,9.84,-0.82,0.31,52.17,1.75
2017-11-19,3.5,9.92,-0.19,0.21,53.39,1.22
2017-11-20,6.39,14.13,2.58,0.0,29.29,1.41
2017-11-21,8.92,17.1,5.97,0.0,23.0,1.45
2017-11-22,10.92,20.43,6.26,0.0,18.89,1.51
2017-11-23,12.28,18.45,7.28,0.0,16.3,1.33
2017-11-24,12.82,19.99,8.82,0.01,31.02,2.06
2017-11-25,11.45,18.85,7.23,1.46,67.23,1.7
2017-11-26,3.91,7.74,-0.36,22.53,90.28,1.72
2017-11-27,2.17,7.67,-1.06,0.09,64.59,1.51
2017-11-28,5.06,10.57,0.84,0.0,38.51,0.98
2017-11-29,3.99,7.67,1.39,1.06,59.48,1.08
2017-11-30,2.83,7.48,0.13,0.59,75.85,1.16
2017-12-01,1.53,4.24,-1.55,7.84,78.18,1.14
2017-12-02,-4.43,-1.75,-9.05,9.09,83.26,1.36
2017-12-03,-6.37,-1.41,-8.94,0.12,72.96,1.18
2017-12-04,-6.43,-1.39,-9.0,0.15,77.77,1.66
2017-12-05,-6.37,-1.16,-8.49,0.62,82.53,1.5
2017-12-06,-5.51,0.11,-9.03,0.0,63.65,1.08
2017-12-07,2.23,8.22,-5.54,0.0,40.58,1.73
2017-12-08,7.56,11.79,0.02,0.13,43.85,1.42
2017-12-09,1.08,5.93,-1.89,4.62,78.31,2.18
2017-12-10,-2.39,3.23,-7.03,2.04,67.16,1.26
2017-12-11,-1.26,4.89,-4.39,0.0,59.95,1.1
2017-12-12,-3.94,0.37,-6.73,0.05,72.67,1.21
2017-12-13,-3.72,1.0,-5.8,0.0,71.49,0.93
2017-12-14,-2.68,2.14,-5.18,0.0,68.92,0.92
2017-12-15,-1.59,3.52,-5.95,0.0,63.49,0.77
2017-12-16,0.4,5.28,-2.26,0.0,53.79,0.81
2017-12-17,2.03,5.88,-1.18,0.14,59.13,0.74
2017-12-18,4.56,8.13,1.87,0.31,72.39,0.85
2017-12-19,4.97,9.2,2.71,0.01,67.7,1.09
2017-12-20,3.15,5.37,1.95,0.23,76.64,0.75
2017-12-21,2.0,6.04,-0.09,0.51,83.62,1.37
2017-12-22,4.88,10.97,1.01,0.0,60.23,1.32
2017-12-23,7.22,12.89,4.16,0.02,65.08,1.34
2017-12-24,8.56,15.18,4.27,0.12,57.21,3.07
2017-12-25,8.32,11.51,5.44,2.82,82.51,2.26
2017-12-26,4.21,8.37,1.15,14.03,82.53,2.32
2017-12-27,-4.04,-0.38,-7.53,5.03,75.37,2.63
2017-12-28,-0.49,7.35,-5.42,0.0,46.06,1.4
2017-12-29,3.46,8.34,-1.18,0.0,38.07,1.01
2017-12-30,4.29,9.57,0.96,0.0,37.65,1.06
2017-12-31,4.85,10.14,1.61,0.0,39.06,1.17
2018-01-01,4.58,11.01,0.56,0.0,37.36,1.33
2018-01-02,4.5,12.66,0.65,0.0,37.14,1.77
2018-01-03,6.96,11.51,3.49,0.0,37.31,1.29
2018-01-04,0.67,4.58,-1.05,3.92,82.82,1.37
2018-01-05,1.19,6.35,-1.3,0.27,89.02,1.23
2018-01-06,3.62,8.97,0.61,0.0,61.59,1.18
2018-01-07,3.9,8.42,1.14,0.0,61.56,1.08
2018-01-08,1.65,5.12,-0.26,0.89,76.75,1.09
2018-01-09,1.08,5.45,-1.66,0.45,79.38,0.89
2018-01-10,3.33,9.59,-0.51,0.18,64.34,1.54
2018-01-11,-3.0,-0.65,-4.27,2.45,79.34,1.18
2018-01-12,-0.04,4.42,-3.8,0.63,64.7,0.95
2018-01-13,3.02,6.75,0.12,0.8,74.18,1.46
2018-01-14,1.21,4.02,-0.73,1.14,76.4,1.87
2018-01-15,0.44,3.17,-1.64,1.02,76.99,1.02
2018-01-16,-2.63,-0.98,-4.59,1.93,84.05,0.98
2018-01-17,-3.61,0.21,-5.37,1.14,74.33,1.2
2018-01-18,0.46,6.14,-3.94,0.0,60.61,1.17
2018-01-19,4.81,10.86,1.05,0.0,48.5,1.47
2018-01-20,6.51,15.85,1.67,0.0,49.86,2.03
2018-01-21,7.67,16.34,2.02,0.0,39.46,1.65
2018-01-22,2.86,6.33,-0.28,0.0,60.27,1.61
2018-01-23,3.96,9.13,1.26,0.0,58.13,0.98
2018-01-24,5.62,11.92,2.91,0.0,46.48,1.29
2018-01-25,1.73,6.64,-3.39,0.0,52.63,1.48
2018-01-26,-3.02,1.92,-7.39,0.0,61.73,1.47
2018-01-27,-7.73,-3.97,-10.84,0.0,60.57,1.63
2018-01-28,-9.92,-4.71,-13.69,0.0,64.24,0.96
2018-01-29,-6.45,0.74,-12.47,0.0,45.03,1.83
2018-01-30,-4.73,0.48,-9.25,0.0,59.57,1.76
2018-01-31,-1.03,5.39,-4.75,0.0,58.47,1.43
2018-02-01,1.06,6.6,-2.33,0.0,51.57,1.18
2018-02-02,1.66,6.83,-2.24,1.94,58.29,1.55
2018-02-03,-1.74,0.57,-3.34,1.46,85.48,1.56
2018-02-04,-1.54,4.19,-5.76,0.03,63.17,1.3
2018-02-05,-0.32,4.12,-3.1,0.0,52.62,1.07
2018-02-06,-3.89,0.36,-7.59,0.0,61.63,1.84
2018-02-07,-5.6,-0.55,-9.77,0.0,62.04,1.52
2018-02-08,-3.04,3.34,-8.36,0.0,44.17,1.48
2018-02-09,0.26,6.98,-4.43,0.0,40.83,1.19
2018-02-10,1.27,5.92,-0.94,0.0,49.56,1.47
2018-02-11,3.19,8.61,0.17,0.0,45.42,1.21
2018-02-12,5.35,11.5,1.41,0.0,44.16,1.2
2018-02-13,5.26,11.53,1.47,3.58,63.35,2.7
2018-02-14,3.66,7.41,0.89,17.87,93.99,1.95
2018-02-15,-2.16,0.75,-5.41,12.58,90.67,1.43
2018-02-16,-2.53,1.86,-5.18,0.0,74.05,0.93
2018-02-17,-2.14,3.14,-5.01,0.0,65.43,1.18
2018-02-18,-0.44,5.36,-3.78,0.0,52.47,1.22
2018-02-19,4.55,12.82,-2.1,0.0,35.93,1.42
2018-02-20,7.85,18.14,0.9,4.86,66.61,1.84
2018-02-21,2.06,5.83,-0.55,2.14,84.8,1.69
2018-02-22,4.7,10.87,0.42,0.01,71.79,1.58
2018-02-23,8.51,15.77,4.37,0.0,56.33,1.49
2018-02-24,6.81,13.37,2.97,0.51,70.81,1.3
2018-02-25,8.66,14.43,2.53,2.17,75.23,1.46
2018-02-26,11.9,18.56,8.26,2.37,71.58,1.35
2018-02-27,10.18,14.68,5.54,5.97,76.33,1.69
2018-02-28,10.26,15.27,6.67,1.76,71.44,1.43
2018-03-01,8.49,12.51,4.76,1.99,81.76,1.53
2018-03-02,4.84,9.59,-0.49,3.75,79.94,1.9
2018-03-03,5.76,11.59,-0.64,0.2,60.6,1.45
2018-03-04,5.61,9.52,3.35,8.34,82.49,1.59
2018-03-05,10.5,17.29,3.9,0.02,58.7,1.59
2018-03-06,11.78,17.4,6.35,3.36,66.63,2.47
2018-03-07,6.08,11.46,2.45,14.27,71.84,1.78
2018-03-08,11.17,18.64,4.02,0.0,51.52,1.35
2018-03-09,12.98,18.41,8.02,1.27,70.74,2.88
2018-03-10,16.17,23.97,11.95,0.27,61.32,3.69
2018-03-11,10.14,13.24,8.54,11.61,80.11,1.69
2018-03-12,7.64,11.45,3.15,3.58,81.93,1.41
2018-03-13,5.93,9.22,3.18,8.79,83.78,1.33
2018-03-14,2.35,5.04,-0.28,6.58,83.06,1.5
2018-03-15,1.06,5.55,-3.23,3.42,64.88,1.77
2018-03-16,0.59,7.11,-5.2,0.03,55.21,1.25
2018-03-17,8.17,16.7,1.03,0.0,38.35,1.28
2018-03-18,12.55,20.65,4.55,0.0,45.89,1.22
2018-03-19,14.0,19.87,9.87,0.0,62.1,1.51
2018-03-20,15.1,21.3,10.85,0.0,68.83,1.37
2018-03-21,16.09,22.77,10.56,0.0,66.71,1.57
2018-03-22,15.85,21.49,10.35,0.54,63.67,2.1
2018-03-23,11.91,17.44,8.1,2.35,68.05,1.73
2018-03-24,12.03,17.09,7.96,0.19,64.8,1.69
2018-03-25,17.0,25.2,10.49,0.0,52.09,2.35
2018-03-26,13.95,16.51,10.03,3.26,79.78,1.03
2018-03-27,10.57,15.22,7.09,5.84,77.06,1.96
2018-03-28,12.01,17.02,6.81,0.29,64.56,1.04
2018-03-29,14.07,20.13,9.64,0.01,62.66,1.67
2018-03-30,17.95,25.6,10.38,0.0,48.16,3.53
2018-03-31,18.96,27.26,11.02,0.17,63.67,3.14
2018-04-01,7.62,10.02,5.34,0.58,84.07,1.7
2018-04-02,10.79,16.81,4.16,0.0,72.79,1.09
2018-04-03,15.76,22.46,10.45,0.03,62.36,1.48
2018-04-04,16.63,23.75,10.97,0.0,59.2,1.78
2018-04-05,16.91,24.08,11.39,0.0,54.96,2.33
2018-04-06,15.74,23.09,10.93,1.49,62.5,1.84
2018-04-07,10.43,13.1,7.1,7.98,84.64,1.82
2018-04-08,10.51,16.75,4.75,0.01,63.55,2.28
2018-04-09,11.53,17.36,6.85,0.06,52.69,1.57
2018-04-10,9.51,14.84,3.17,1.27,54.15,2.15
2018-04-11,8.83,16.1,2.39,0.0,53.84,1.66
2018-04-12,13.57,21.48,6.98,0.0,44.51,1.56
2018-04-13,16.74,24.13,10.54,0.0,40.92,1.64
2018-04-14,18.15,25.23,12.1,0.0,40.53,1.56
2018-04-15,16.3,21.38,12.01,2.05,60.56,1.59
2018-04-16,13.36,18.56,9.59,4.53,71.28,1.56
2018-04-17,9.77,13.25,5.69,12.03,78.34,1.9
2018-04-18,6.94,11.44,3.66,7.2,74.42,2.22
2018-04-19,7.51,12.87,1.99,0.01,68.75,2.09
2018-04-20,11.13,17.28,4.16,0.0,55.58,1.42
2018-04-21,14.21,21.57,5.86,0.0,48.65,1.35
2018-04-22,18.62,26.98,10.1,0.0,43.57,1.84
2018-04-23,19.91,26.37,13.11,0.0,60.48,1.79
2018-04-24,19.79,27.71,11.25,5.31,58.45,3.57
2018-04-25,12.9,17.61,8.84,1.01,73.57,1.79
2018-04-26,13.54,20.38,7.29,0.0,61.6,1.96
2018-04-27,15.84,22.96,10.06,0.0,51.64,1.6
2018-04-28,19.17,28.09,11.29,0.0,43.52,1.75
2018-04-29,21.34,29.05,12.6,0.0,38.69,1.77
2018-04-30,20.73,28.1,15.61,0.02,45.31,2.51
2018-05-01,13.04,15.46,6.88,3.09,72.87,2.55
2018-05-02,14.01,21.98,5.43,0.0,57.61,3.01
2018-05-03,16.73,24.41,9.29,0.0,56.98,1.72
2018-05-04,18.52,25.56,11.38,0.0,53.64,1.78
2018-05-05,19.09,25.91,13.27,0.01,46.53,1.99
2018-05-06,16.27,23.15,7.18,0.0,46.54,3.17
2018-05-07,15.13,23.99,6.0,0.0,44.38,1.65
2018-05-08,17.71,25.27,9.16,0.0,35.64,1.64
2018-05-09,21.38,28.37,14.9,0.0,32.03,1.39
2018-05-10,24.16,33.14,15.23,0.0,35.03,1.51
2018-05-11,26.21,34.08,20.19,0.05,50.37,4.07
2018-05-12,21.39,24.59,17.83,2.65,71.18,1.2
2018-05-13,19.82,23.34,16.64,5.31,66.28,1.32
2018-05-14,18.52,22.53,13.82,2.05,67.79,1.43
2018-05-15,19.69,26.23,12.49,0.0,55.85,2.14
2018-05-16,17.57,22.83,12.04,0.42,55.43,1.55
2018-05-17,18.44,25.46,12.44,0.03,49.52,1.95
2018-05-18,19.15,26.0,12.54,0.01,40.2,2.78
2018-05-19,18.24,26.26,10.36,0.0,45.11,1.6
2018-05-20,18.77,24.37,14.26,0.0,49.6,1.15
2018-05-21,20.22,25.77,13.98,0.0,51.87,1.46
2018-05-22,21.23,26.85,14.6,0.0,48.95,1.51
2018-05-23,19.57,27.33,11.73,0.12,46.11,3.03
2018-05-24,18.4,27.24,9.21,0.0,36.4,1.73
2018-05-25,22.66,31.86,13.59,0.0,29.93,2.04
2018-05-26,25.01,33.5,14.44,0.0,26.98,1.79
2018-05-27,24.8,33.72,14.56,0.75,27.28,3.47
2018-05-28,13.96,21.1,7.77,4.98,46.0,2.68
2018-05-29,19.34,27.09,10.39,0.0,30.25,1.64
2018-05-30,15.92,21.69,10.99,0.0,35.26,2.33
2018-05-31,18.85,27.57,9.5,0.0,30.47,1.79
2018-06-01,24.07,32.03,14.8,0.0,28.29,1.73
2018-06-02,24.8,31.65,17.42,0.88,37.46,2.8
2018-06-03,19.11,25.5,12.86,0.6,48.79,2.66
2018-06-04,20.2,27.31,13.21,0.43,37.04,1.15
2018-06-05,23.95,31.97,15.36,0.0,35.36,1.63
2018-06-06,26.77,35.36,18.57,0.0,33.49,1.8
2018-06-07,29.3,37.58,19.51,0.0,27.66,1.92
2018-06-08,29.09,36.19,22.92,0.94,31.0,2.3
2018-06-09,26.18,32.13,20.39,1.61,37.55,2.39
2018-06-10,25.73,32.98,18.06,0.74,35.91,2.48
2018-06-11,25.12,31.99,18.21,0.39,28.97,2.17
2018-06-12,26.25,33.79,18.25,0.01,26.32,2.27
2018-06-13,27.69,35.25,19.42,0.0,25.08,2.12
2018-06-14,25.09,32.04,19.23,2.69,37.61,2.05
2018-06-15,21.88,27.02,17.51,4.08,56.47,1.63
2018-06-16,23.82,31.1,16.53,0.03,42.87,1.46
2018-06-17,26.47,34.03,18.66,0.0,31.27,1.89
2018-06-18,28.1,35.92,20.86,0.0,23.92,1.73
2018-06-19,28.57,36.76,21.59,0.02,25.02,2.98
2018-06-20,26.7,33.31,20.53,0.16,29.75,2.2
2018-06-21,26.5,33.89,19.12,0.0,21.75,1.97
2018-06-22,27.23,35.27,18.97,0.01,20.15,2.05
2018-06-23,28.86,36.46,19.63,0.1,24.3,2.17
2018-06-24,26.59,32.95,20.16,2.0,27.66,2.61
2018-06-25,25.49,31.53,18.69,0.23,28.31,2.56
2018-06-26,25.65,31.59,19.35,0.68,30.51,2.55
2018-06-27,25.14,32.5,17.36,0.0,27.76,2.73
2018-06-28,26.6,33.67,18.62,0.0,25.52,2.34
2018-06-29,27.73,34.57,20.41,0.0,24.0,1.94
2018-06-30,29.63,37.38,21.96,0.0,21.45,2.15
2018-07-01,30.7,38.44,22.89,0.0,20.35,2.83
2018-07-02,29.54,35.94,21.89,0.0,26.84,3.35
2018-07-03,28.44,34.74,21.44,0.0,30.42,4.45
2018-07-04,28.47,36.07,19.33,0.0,28.89,2.52
2018-07-05,29.52,37.13,20.86,0.15,26.36,2.23
2018-07-06,31.3,39.11,23.49,0.0,18.36,2.19
2018-07-07,32.44,40.26,24.1,0.0,14.38,2.08
2018-07-08,33.02,41.62,23.68,0.0,13.71,2.04
2018-07-09,34.12,42.66,25.5,0.0,13.44,2.1
2018-07-10,33.93,42.38,24.06,0.0,14.93,2.6
2018-07-11,33.15,40.31,25.72,0.16,17.97,3.8
2018-07-12,30.82,37.9,22.46,0.0,21.16,3.47
2018-07-13,31.48,38.47,23.56,0.0,22.01,2.8
2018-07-14,30.8,37.37,24.75,0.0,22.43,2.8
2018-07-15,31.79,39.1,23.75,0.0,21.34,2.63
2018-07-16,31.62,39.11,23.69,0.0,19.5,3.0
2018-07-17,31.36,38.86,23.8,0.0,21.43,3.24
2018-07-18,32.05,40.46,22.83,0.0,21.82,1.97
2018-07-19,33.08,41.13,25.54,0.0,18.26,2.09
2018-07-20,32.13,39.81,24.72,0.0,16.45,1.99
2018-07-21,32.35,40.91,23.9,0.0,14.27,2.26
2018-07-22,33.24,42.43,22.54,0.0,14.58,2.57
2018-07-23,33.56,40.23,26.68,0.0,18.62,2.89
2018-07-24,28.59,35.88,20.19,0.0,18.87,3.58
2018-07-25,25.92,35.2,16.97,0.0,22.97,2.35
2018-07-26,25.95,33.92,18.73,0.0,26.39,2.22
2018-07-27,26.73,35.01,18.42,0.0,19.99,2.28
2018-07-28,27.36,35.31,17.98,0.17,21.96,1.95
2018-07-29,28.34,35.8,20.39,0.0,19.38,1.99
2018-07-30,28.67,35.77,22.1,0.0,19.34,1.91
2018-07-31,28.3,35.83,20.8,0.0,16.3,2.05
2018-08-01,28.1,35.29,20.85,0.0,14.96,2.31
2018-08-02,27.54,34.27,21.04,0.11,26.0,2.46
2018-08-03,27.35,34.71,20.0,0.0,26.48,2.21
2018-08-04,28.71,36.21,20.84,0.0,23.93,2.52
2018-08-05,30.22,38.76,21.32,0.0,21.95,1.9
2018-08-06,31.2,39.27,22.65,0.0,21.11,2.14
2018-08-07,30.15,37.05,22.98,0.0,22.15,2.6
2018-08-08,30.19,37.78,22.17,0.0,21.78,2.1
2018-08-09,30.52,38.16,23.27,0.0,21.92,2.24
2018-08-10,31.81,39.53,24.08,0.0,18.81,2.98
2018-08-11,30.7,39.21,23.59,0.03,26.79,4.05
2018-08-12,26.54,32.0,20.28,0.48,29.19,3.68
2018-08-13,26.39,35.13,17.57,0.0,23.24,2.03
2018-08-14,28.58,36.46,20.24,0.0,20.76,2.1
2018-08-15,29.5,37.84,22.04,0.0,18.01,2.27
2018-08-16,29.35,37.37,21.67,0.0,16.21,2.87
2018-08-17,27.66,35.68,19.51,0.0,21.08,2.8
2018-08-18,27.57,35.03,21.3,0.0,19.66,2.03
2018-08-19,27.89,35.04,21.17,0.0,16.78,1.88
2018-08-20,28.96,37.17,21.4,0.32,22.36,2.92
2018-08-21,22.75,28.88,17.27,0.0,36.06,3.55
2018-08-22,23.1,31.97,14.91,0.0,22.46,2.53
2018-08-23,24.44,32.73,16.94,0.0,18.64,1.87
2018-08-24,24.64,31.81,16.62,0.0,19.3,2.19
2018-08-25,24.01,30.53,16.78,0.0,19.16,2.43
2018-08-26,21.46,28.19,16.03,0.0,20.76,2.29
2018-08-27,22.01,29.7,14.88,0.0,25.27,2.43
2018-08-28,22.31,29.62,15.71,0.0,23.46,2.54
2018-08-29,20.98,28.1,15.09,0.0,27.81,2.7
2018-08-30,20.36,28.03,14.15,0.0,26.45,2.94
2018-08-31,21.44,30.36,12.86,0.0,21.56,1.97
2018-09-01,21.26,29.09,14.94,0.0,21.58,2.78
2018-09-02,18.63,26.96,11.61,0.0,25.4,2.99
2018-09-03,17.42,26.61,9.39,0.0,17.16,1.89
2018-09-04,20.44,28.75,12.45,0.0,11.89,1.88
2018-09-05,21.08,29.06,13.59,0.0,12.33,2.01
2018-09-06,20.99,29.14,14.38,0.0,15.79,2.19
2018-09-07,20.92,28.44,15.39,0.0,18.64,2.35
2018-09-08,21.44,29.74,14.32,0.0,15.88,2.19
2018-09-09,23.54,32.11,16.27,0.0,14.89,1.97
2018-09-10,24.69,32.72,18.5,0.0,18.17,2.0
2018-09-11,23.27,31.41,16.93,0.0,18.88,2.13
2018-09-12,21.68,30.07,15.67,0.0,21.25,2.42
2018-09-13,19.14,26.52,13.41,0.0,24.54,1.87
2018-09-14,18.33,26.12,11.17,0.0,21.11,1.91
2018-09-15,20.65,28.61,14.37,0.0,15.91,1.73
2018-09-16,22.03,30.03,14.84,0.0,17.42,1.85
2018-09-17,23.17,30.72,16.39,0.0,17.5,1.79
2018-09-18,23.39,31.25,15.95,0.0,15.16,1.86
2018-09-19,24.66,32.75,19.76,0.0,18.38,1.94
2018-09-20,21.1,26.28,17.58,0.56,36.6,1.75
2018-09-21,18.49,23.86,14.36,0.13,39.52,1.61
2018-09-22,18.59,24.98,13.83,0.0,31.25,2.22
2018-09-23,18.31,25.17,12.42,0.03,35.4,2.51
2018-09-24,18.25,24.64,13.47,0.0,35.7,2.19
2018-09-25,19.35,27.71,12.13,0.0,21.96,1.71
2018-09-26,19.03,24.79,13.48,0.0,19.36,1.48
2018-09-27,19.23,26.49,13.83,0.08,25.19,1.36
2018-09-28,19.86,27.12,13.55,0.0,25.25,1.99
2018-09-29,19.91,28.26,13.2,0.0,22.44,2.21
2018-09-30,19.12,26.75,12.78,0.0,25.38,2.15
2018-10-01,19.53,26.73,13.87,0.0,25.7,1.81
2018-10-02,20.35,28.89,14.63,0.0,24.77,2.56
2018-10-03,20.8,29.62,14.12,0.0,22.13,1.98
2018-10-04,20.13,28.3,13.68,0.0,22.84,2.05
2018-10-05,20.76,28.06,13.92,0.0,19.46,1.7
2018-10-06,21.2,28.83,14.68,0.0,19.33,1.88
2018-10-07,10.34,13.91,8.4,5.9,66.52,3.29
2018-10-08,7.81,9.74,6.09,5.19,76.04,1.3
2018-10-09,7.56,12.26,4.56,3.69,79.78,1.9
2018-10-10,10.03,15.67,5.98,0.01,63.94,1.45
2018-10-11,11.21,17.22,7.01,0.0,56.22,1.2
2018-10-12,12.06,18.98,7.13,0.0,50.94,2.36
2018-10-13,7.93,12.47,4.62,0.83,54.12,2.63
2018-10-14,6.54,9.46,4.34,0.03,52.38,1.15
2018-10-15,5.66,7.99,2.36,4.53,69.62,2.24
2018-10-16,2.1,4.55,-0.62,4.49,80.69,1.57
2018-10-17,0.7,6.17,-3.72,1.19,63.69,1.23
2018-10-18,4.66,9.67,-0.43,0.0,38.9,1.39
2018-10-19,5.84,10.15,1.82,0.0,43.99,1.26
2018-10-20,8.84,16.02,5.1,0.0,44.02,1.24
2018-10-21,11.35,19.45,5.78,0.0,40.3,1.42
2018-10-22,13.67,21.32,9.5,0.0,36.79,1.53
2018-10-23,13.57,19.87,9.71,0.0,38.32,1.35
2018-10-24,12.91,20.34,8.55,0.0,39.97,1.48
2018-10-25,14.84,23.19,8.91,0.0,39.13,1.76
2018-10-26,17.72,25.49,12.57,0.0,37.18,1.77
2018-10-27,19.78,27.87,14.04,0.01,37.13,2.77
2018-10-28,9.75,16.3,5.63,12.77,73.97,2.56
2018-10-29,9.0,14.26,5.24,0.01,62.68,1.03
2018-10-30,8.77,14.05,5.68,0.3,70.33,1.21
2018-10-31,5.89,8.38,4.06,1.64,81.86,0.99
2018-11-01,4.57,8.9,0.11,0.14,77.34,1.49
2018-11-02,0.55,5.47,-3.29,0.34,64.52,1.54
2018-11-03,0.89,6.14,-2.41,0.0,52.78,1.3
2018-11-04,1.64,7.45,-2.01,0.0,55.88,1.46
2018-11-05,4.93,12.1,0.15,0.0,49.67,1.24
2018-11-06,8.13,13.89,4.29,0.0,42.24,0.95
2018-11-07,6.68,9.07,3.25,4.68,65.17,1.46
2018-11-08,4.68,10.59,0.91,1.81,69.17,1.54
2018-11-09,5.67,12.16,2.18,0.0,49.01,1.12
2018-11-10,5.82,10.3,3.18,0.0,61.02,1.44
2018-11-11,5.67,10.07,2.34,0.07,59.02,1.36
2018-11-12,0.72,3.81,-5.76,1.08,77.93,1.6
2018-11-13,-2.14,3.96,-5.95,0.19,59.11,1.05
2018-11-14,0.72,6.35,-2.83,0.0,49.13,1.03
2018-11-15,2.67,8.63,-0.72,0.0,47.59,1.09
2018-11-16,4.71,12.43,0.48,0.0,35.23,1.37
2018-11-17,5.63,12.62,0.19,0.0,34.67,1.25
2018-11-18,3.75,11.16,-0.86,0.0,39.45,1.4
2018-11-19,6.52,12.98,0.64,0.35,39.6,1.03
2018-11-20,2.6,4.94,-0.09,7.3,90.46,1.44
2018-11-21,6.1,13.49,-0.65,0.22,55.27,1.06
2018-11-22,5.32,5.82,4.39,4.98,91.12,2.74
2018-11-23,8.05,11.8,4.53,11.45,84.78,3.14
2018-11-24,3.72,8.93,-3.95,21.64,86.15,2.6
2018-11-25,-1.19,5.67,-6.8,0.02,50.97,1.1
2018-11-26,7.17,12.19,0.23,0.62,47.11,1.03
2018-11-27,3.92,5.36,2.48,9.67,90.75,1.52
2018-11-28,4.29,10.17,1.66,0.05,85.21,1.01
2018-11-29,7.08,13.88,2.26,0.0,64.32,1.5
2018-11-30,5.11,11.42,-2.51,1.65,68.91,2.66
2018-12-01,-1.06,5.48,-5.18,0.15,60.44,1.57
2018-12-02,2.77,8.81,-0.36,0.0,42.0,1.15
2018-12-03,3.74,9.54,1.24,0.0,41.57,0.94
2018-12-04,3.95,9.32,1.66,0.0,48.42,0.74
2018-12-05,2.89,7.68,0.18,0.0,52.27,0.86
2018-12-06,5.03,11.83,1.56,0.0,46.7,1.06
2018-12-07,8.48,12.37,4.24,0.0,40.33,1.12
2018-12-08,7.74,11.04,4.21,1.36,76.61,1.42
2018-12-09,5.18,6.36,3.3,11.72,96.04,1.13
2018-12-10,3.97,7.84,1.25,4.24,90.25,1.08
2018-12-11,3.13,8.54,0.02,0.0,78.52,1.26
2018-12-12,3.69,8.97,0.62,0.0,70.29,1.13
2018-12-13,5.68,13.21,2.4,0.0,57.92,1.39
2018-12-14,7.06,14.82,2.11,0.0,51.53,1.5
2018-12-15,7.83,14.8,3.86,0.01,54.84,1.38
2018-12-16,1.18,3.45,-0.38,0.49,82.02,1.71
2018-12-17,4.89,9.34,1.42,1.49,61.47,1.54
2018-12-18,1.42,5.93,-3.13,2.5,75.49,0.95
2018-12-19,-0.15,2.43,-4.14,13.65,92.31,1.05
2018-12-20,-4.58,-0.54,-7.88,1.92,88.02,1.18
2018-12-21,-1.71,3.57,-5.15,0.0,50.46,1.2
2018-12-22,1.48,3.68,-0.71,0.24,62.13,0.64
2018-12-23,-0.15,2.15,-2.37,0.51,89.66,0.82
2018-12-24,-0.76,3.78,-3.5,0.76,83.08,0.86
2018-12-25,2.49,7.77,-0.53,0.0,63.37,1.0
2018-12-26,1.1,2.4,-0.71,0.99,92.39,1.3
2018-12-27,2.99,8.85,-1.18,0.0,72.35,1.25
2018-12-28,6.12,13.13,1.22,0.0,46.11,1.64
2018-12-29,7.26,13.19,2.51,2.0,60.73,1.63
2018-12-30,-0.43,1.61,-2.76,5.15,90.29,1.1
2018-12-31,1.88,6.08,-1.59,0.0,68.05,1.05
2019-01-01,2.12,5.46,-1.83,2.04,73.12,1.19
2019-01-02,-0.88,3.29,-3.69,0.9,83.96,1.42
2019-01-03,2.93,8.4,-1.77,0.0,60.12,1.45
2019-01-04,3.02,7.39,-1.55,0.0,68.4,1.42
2019-01-05,-1.09,2.63,-3.2,0.01,85.95,1.8
2019-01-06,2.07,8.96,-2.41,0.0,62.68,1.32
2019-01-07,4.35,10.71,-0.31,0.03,57.74,1.95
2019-01-08,3.57,6.31,1.09,7.65,94.45,2.33
2019-01-09,2.43,7.47,-0.65,0.48,75.33,1.66
2019-01-10,3.67,9.94,-0.79,0.02,55.24,1.34
2019-01-11,0.31,1.37,-2.09,10.22,89.87,1.86
2019-01-12,-1.89,2.53,-4.54,1.03,85.85,1.3
2019-01-13,1.12,9.07,-3.52,0.0,56.74,1.89
2019-01-14,4.95,11.36,-0.81,0.03,47.62,2.44
2019-01-15,3.84,6.97,1.06,11.73,91.86,2.43
2019-01-16,3.62,7.02,0.76,0.65,87.06,1.17
2019-01-17,5.11,13.31,0.64,0.0,62.48,1.87
2019-01-18,6.23,11.7,2.25,1.24,59.91,1.93
2019-01-19,4.86,10.14,1.86,0.65,75.58,2.13
2019-01-20,-0.75,1.35,-3.15,7.37,88.07,2.43
2019-01-21,-2.72,-0.23,-5.63,1.72,83.66,1.81
2019-01-22,-2.2,2.87,-4.81,0.0,70.7,1.12
2019-01-23,-0.42,4.0,-3.19,0.0,70.22,0.91
2019-01-24,1.26,5.23,-1.4,0.0,66.34,1.39
2019-01-25,1.65,8.3,-2.31,0.0,59.08,1.73
2019-01-26,2.23,8.94,-1.62,0.0,52.97,1.63
2019-01-27,3.48,11.66,-1.69,0.0,53.54,1.61
2019-01-28,4.98,12.57,0.25,0.0,52.24,1.63
2019-01-29,7.26,12.99,3.82,0.05,61.99,1.64
2019-01-30,7.39,11.68,5.24,4.94,79.94,2.01
2019-01-31,2.56,4.74,-0.11,13.11,92.71,1.41
2019-02-01,2.89,8.01,-0.82,0.02,72.41,1.12
2019-02-02,5.65,10.93,3.2,0.0,54.87,0.91
2019-02-03,6.37,12.09,2.02,0.0,70.83,1.14
2019-02-04,6.89,11.49,2.83,0.0,65.49,2.0
2019-02-05,0.66,2.89,-3.65,0.14,84.96,1.31
2019-02-06,-3.15,-0.45,-4.62,0.32,76.62,1.62
2019-02-07,-3.13,1.05,-5.59,0.19,73.27,1.25
2019-02-08,-0.69,4.24,-4.51,0.1,65.69,0.93
2019-02-09,3.97,8.23,0.62,0.0,52.14,1.2
2019-02-10,6.53,12.12,1.94,0.02,64.16,1.59
2019-02-11,6.39,10.79,3.55,1.67,84.95,1.37
2019-02-12,7.27,13.73,2.78,0.06,73.39,1.68
2019-02-13,6.33,10.17,1.62,1.11,83.8,1.58
2019-02-14,0.93,1.84,-0.66,9.64,90.94,1.32
2019-02-15,2.52,7.2,-1.2,0.33,73.58,0.94
2019-02-16,5.67,12.76,-0.63,0.0,59.36,1.88
2019-02-17,4.0,8.09,-0.3,4.12,75.41,3.21
2019-02-18,-0.53,3.27,-2.91,1.99,77.09,1.92
2019-02-19,3.51,9.54,-2.08,0.33,63.57,1.73
2019-02-20,-0.53,3.0,-3.48,11.16,86.41,1.46
2019-02-21,-2.59,1.65,-5.86,0.34,73.07,1.11
2019-02-22,1.15,8.7,-4.47,0.0,52.88,1.68
2019-02-23,4.86,11.22,1.04,0.0,43.53,1.47
2019-02-24,6.03,11.12,2.41,0.0,50.56,1.3
2019-02-25,4.49,9.04,0.54,0.0,63.22,1.4
2019-02-26,4.06,7.45,0.86,0.05,69.93,1.67
2019-02-27,4.57,9.61,-0.23,0.2,71.78,1.77
2019-02-28,7.28,14.71,2.45,0.19,61.98,1.88
2019-03-01,7.89,13.4,3.03,0.51,73.39,1.56
2019-03-02,8.32,15.37,4.86,3.6,77.55,2.11
2019-03-03,6.4,12.08,1.28,1.89,68.95,1.43
2019-03-04,5.44,10.91,1.13,2.8,71.05,2.39
2019-03-05,6.75,11.88,1.38,0.0,72.35,1.41
2019-03-06,6.75,12.13,2.8,0.0,69.39,1.66
2019-03-07,6.19,11.19,2.53,0.0,69.11,1.38
2019-03-08,7.45,11.89,4.16,0.09,73.85,1.18
2019-03-09,5.91,10.11,2.71,2.51,80.66,1.3
2019-03-10,6.39,11.53,2.52,0.0,66.85,1.35
2019-03-11,7.95,14.75,3.4,0.0,54.07,1.22
2019-03-12,9.46,14.92,4.9,0.0,56.93,1.34
2019-03-13,10.12,16.28,5.7,0.0,63.42,1.79
2019-03-14,11.53,17.88,6.6,0.0,55.34,1.41
2019-03-15,12.36,19.27,6.7,0.0,52.0,1.98
2019-03-16,14.82,22.08,8.79,0.0,53.9,1.75
2019-03-17,13.48,19.49,8.49,0.0,65.26,1.46
2019-03-18,15.75,24.08,9.44,0.0,53.29,1.53
2019-03-19,12.3,16.55,9.16,0.04,76.33,1.99
2019-03-20,11.08,15.13,8.3,0.42,73.18,1.32
2019-03-21,9.69,13.63,6.93,8.86,75.67,1.58
2019-03-22,9.81,16.79,5.91,0.05,74.4,1.58
2019-03-23,8.22,12.38,6.13,3.18,82.91,1.49
2019-03-24,8.73,14.43,3.7,0.48,73.02,1.15
2019-03-25,12.15,18.4,6.31,0.0,51.44,1.53
2019-03-26,16.02,23.82,9.51,0.04,59.79,1.77
2019-03-27,15.43,20.88,11.9,2.49,81.72,1.54
2019-03-28,13.65,17.79,10.56,6.31,81.26,1.21
2019-03-29,10.69,15.17,5.8,9.02,81.22,2.89
2019-03-30,9.5,15.53,4.41,1.36,74.8,1.3
2019-03-31,12.76,17.98,7.34,0.19,65.32,1.71
2019-04-01,7.58,12.65,3.64,2.3,72.44,1.98
2019-04-02,14.48,23.92,4.99,0.43,49.31,1.36
2019-04-03,16.92,22.37,12.46,0.31,65.68,1.66
2019-04-04,16.94,22.35,11.92,4.72,64.63,1.39
2019-04-05,15.37,20.1,10.55,12.71,75.39,2.05
2019-04-06,12.03,16.68,8.3,4.09,82.4,1.61
2019-04-07,14.72,22.05,8.11,0.0,57.66,1.52
2019-04-08,14.58,19.26,10.09,0.66,76.63,1.25
2019-04-09,14.58,17.55,11.22,5.3,74.98,1.31
2019-04-10,14.01,18.64,10.49,3.62,78.45,1.37
2019-04-11,14.52,19.35,10.57,1.27,68.64,1.3
2019-04-12,15.22,21.17,10.08,0.02,63.19,1.99
2019-04-13,15.8,23.3,9.36,0.0,60.37,2.05
2019-04-14,17.46,23.71,9.7,0.0,60.39,1.61
2019-04-15,15.4,20.95,12.31,3.52,78.08,2.3
2019-04-16,12.57,15.67,9.88,5.58,86.09,2.09
2019-04-17,13.29,19.75,8.49,0.47,70.65,1.28
2019-04-18,17.4,23.28,9.61,0.89,55.97,1.43
2019-04-19,14.99,17.13,11.97,10.81,80.11,1.74
2019-04-20,13.51,18.72,9.92,13.45,81.43,1.81
2019-04-21,11.24,16.28,8.91,14.11,85.12,1.35
2019-04-22,11.33,16.01,7.61,0.87,77.32,1.2
2019-04-23,12.99,19.2,7.82,4.34,76.81,1.54
2019-04-24,9.43,11.26,7.17,31.23,89.87,2.34
2019-04-25,9.31,13.06,4.81,3.39,75.16,1.47
2019-04-26,9.97,14.03,5.65,0.27,62.4,1.29
2019-04-27,10.83,16.47,5.48,0.03,61.02,1.51
2019-04-28,13.15,18.78,7.14,0.0,58.69,1.27
2019-04-29,15.23,19.97,9.8,0.05,61.23,1.32
2019-04-30,14.13,19.5,8.7,2.95,69.5,1.72
2019-05-01,15.01,21.2,9.85,1.44,66.04,2.49
2019-05-02,13.34,19.48,7.61,0.34,68.01,1.9
2019-05-03,12.11,18.63,6.28,0.0,57.29,1.95
2019-05-04,14.62,22.08,8.02,0.0,48.21,1.69
2019-05-05,17.51,25.1,8.83,0.0,47.63,1.45
2019-05-06,18.96,26.7,12.07,0.0,49.16,2.01
2019-05-07,18.38,25.52,11.24,0.0,51.89,1.74
2019-05-08,20.19,27.22,12.8,0.0,52.78,1.52
2019-05-09,20.87,27.48,13.25,0.0,49.11,1.63
2019-05-10,21.75,28.37,14.72,0.0,44.74,1.42
2019-05-11,22.46,28.83,14.44,2.05,44.11,1.67
2019-05-12,21.59,28.09,14.28,0.0,50.36,1.8
2019-05-13,21.74,27.75,15.96,0.0,52.03,1.39
2019-05-14,21.78,27.76,13.89,0.0,48.86,1.42
2019-05-15,21.84,28.32,15.24,0.0,46.42,1.79
2019-05-16,21.78,27.87,15.36,0.0,50.98,1.73
2019-05-17,18.32,22.53,14.97,0.21,66.34,2.43
2019-05-18,18.73,24.39,13.71,1.22,70.36,1.37
2019-05-19,18.57,22.87,14.36,2.31,68.31,1.24
2019-05-20,21.56,28.56,13.08,0.35,51.43,1.29
2019-05-21,21.44,29.14,15.09,0.78,55.17,2.21
2019-05-22,17.49,22.39,10.16,0.33,48.61,2.43
2019-05-23,16.77,25.67,7.82,0.02,43.2,2.43
2019-05-24,15.1,21.43,10.31,1.03,51.12,2.32
2019-05-25,16.05,23.22,9.77,0.08,49.93,1.87
2019-05-26,18.68,25.7,10.99,0.0,56.84,1.66
2019-05-27,22.0,29.42,14.17,0.0,46.93,1.49
2019-05-28,24.23,32.43,14.87,0.0,42.14,1.74
2019-05-29,26.43,33.57,19.53,0.0,31.92,1.58
2019-05-30,24.97,32.06,19.6,0.0,40.93,1.9
2019-05-31,26.16,33.97,18.3,0.9,42.54,1.85
2019-06-01,24.28,30.97,19.11,4.07,53.12,1.9
2019-06-02,21.18,25.79,17.34,1.1,64.73,1.06
2019-06-03,21.87,26.55,16.34,7.88,59.55,1.52
2019-06-04,22.76,28.09,16.33,0.02,58.47,1.05
2019-06-05,24.15,30.82,16.89,0.34,52.71,2.01
2019-06-06,20.86,27.01,15.81,14.55,62.88,2.52
2019-06-07,23.14,29.68,16.46,0.21,41.69,1.64
2019-06-08,22.93,27.23,18.24,0.36,36.43,1.94
2019-06-09,20.4,25.85,13.22,0.01,46.24,2.33
2019-06-10,18.17,23.62,12.67,0.43,51.03,2.18
2019-06-11,18.63,25.08,11.73,0.06,48.49,1.71
2019-06-12,20.9,27.84,13.41,0.0,44.22,1.58
2019-06-13,23.14,31.13,14.79,0.0,42.19,2.03
2019-06-14,25.86,33.03,17.3,0.0,38.03,1.66
2019-06-15,23.46,30.27,17.91,0.12,41.96,2.52
2019-06-16,23.52,31.22,16.26,0.0,32.47,1.85
2019-06-17,23.22,30.45,16.26,0.0,31.34,1.78
2019-06-18,24.02,31.39,16.57,0.0,31.88,2.36
2019-06-19,24.31,31.96,17.59,0.0,34.02,2.02
2019-06-20,25.46,33.71,15.7,0.0,31.16,1.75
2019-06-21,26.78,35.07,17.56,0.0,28.28,2.16
2019-06-22,26.54,33.65,19.94,0.0,27.36,2.43
2019-06-23,27.03,35.0,17.3,0.0,27.36,2.36
2019-06-24,28.12,36.21,19.56,0.0,27.09,2.39
2019-06-25,28.24,36.21,18.96,0.0,25.76,1.81
2019-06-26,29.57,36.99,20.34,0.0,22.04,1.64
2019-06-27,29.83,37.02,21.34,0.08,22.2,1.82
2019-06-28,29.66,36.96,21.66,0.03,27.38,1.66
2019-06-29,27.1,34.19,22.42,0.2,39.21,1.49
2019-06-30,29.11,35.95,20.57,0.21,36.54,1.23
2019-07-01,31.93,39.44,23.37,0.0,25.51,1.76
2019-07-02,30.3,38.57,22.39,0.0,32.21,3.19
2019-07-03,24.69,30.53,19.5,0.18,40.44,2.5
2019-07-04,26.59,34.59,17.09,0.0,25.3,3.11
2019-07-05,29.85,38.14,20.34,0.0,23.44,2.71
2019-07-06,30.22,37.64,22.74,0.16,25.74,1.7
2019-07-07,31.25,39.48,22.67,0.0,23.86,2.4
2019-07-08,31.59,38.6,24.2,0.0,21.17,2.65
2019-07-09,30.35,36.93,23.35,0.04,23.79,2.5
2019-07-10,31.96,39.46,24.07,0.0,21.78,1.5
2019-07-11,33.29,41.51,23.8,0.0,18.67,2.15
2019-07-12,33.04,40.47,25.59,0.0,18.72,2.18
2019-07-13,34.02,41.21,26.85,0.0,15.81,1.92
2019-07-14,33.93,41.42,26.83,0.0,16.45,2.28
2019-07-15,33.2,41.05,25.99,0.0,15.45,2.17
2019-07-16,32.84,41.42,24.61,0.0,15.34,2.12
2019-07-17,34.02,42.53,25.46,0.0,14.67,2.98
2019-07-18,33.41,42.01,24.96,0.0,15.37,2.31
2019-07-19,34.37,43.49,24.7,0.0,13.66,2.92
2019-07-20,33.72,42.02,24.53,0.0,15.31,3.13
2019-07-21,34.24,42.23,25.27,0.0,17.04,3.13
2019-07-22,32.92,39.9,26.23,0.0,17.29,2.92
2019-07-23,32.0,40.02,23.33,0.0,15.66,2.98
2019-07-24,31.16,38.6,23.85,0.0,17.4,3.71
2019-07-25,29.7,37.38,22.12,0.0,18.72,3.85
2019-07-26,28.59,36.75,19.65,0.0,18.55,3.38
2019-07-27,29.23,37.91,20.81,0.0,21.1,2.55
2019-07-28,31.16,39.72,22.68,0.0,17.85,2.17
2019-07-29,32.85,40.53,25.05,0.0,20.56,3.05
2019-07-30,30.7,37.66,24.17,0.0,29.28,2.99
2019-07-31,31.91,38.99,25.76,0.0,24.08,1.9
2019-08-01,32.56,39.48,25.89,0.0,23.53,2.37
2019-08-02,32.4,39.38,25.12,0.0,20.35,2.79
2019-08-03,31.41,38.21,25.01,0.0,23.66,2.91
2019-08-04,30.13,36.96,23.27,0.0,20.75,2.91
2019-08-05,31.93,39.65,24.14,0.0,19.93,2.18
2019-08-06,32.17,39.6,23.72,0.0,18.84,1.93
2019-08-07,33.36,41.22,25.2,0.0,16.8,2.69
2019-08-08,32.28,41.27,25.22,0.0,14.41,3.37
2019-08-09,27.54,34.93,20.54,0.0,17.46,4.16
2019-08-10,27.23,36.05,18.27,0.0,15.57,1.83
2019-08-11,29.12,37.51,20.43,0.0,12.46,2.01
2019-08-12,28.69,36.13,20.51,0.0,12.81,2.57
2019-08-13,26.54,32.61,20.68,0.0,22.3,2.49
2019-08-14,23.08,28.73,17.97,0.04,24.76,2.45
2019-08-15,22.7,27.94,17.06,0.01,24.53,2.5
2019-08-16,22.28,28.24,17.06,0.0,29.66,2.42
2019-08-17,22.31,28.87,15.96,0.0,28.39,2.55
2019-08-18,23.36,31.58,15.22,0.0,26.45,1.99
2019-08-19,25.13,33.18,17.11,0.0,23.04,2.31
2019-08-20,26.4,34.76,18.22,0.0,20.14,2.37
2019-08-21,26.68,34.88,18.77,0.0,19.98,2.3
2019-08-22,27.37,35.8,19.19,0.0,21.8,2.77
2019-08-23,25.49,32.11,20.48,0.0,24.91,2.12
2019-08-24,25.85,33.61,18.28,0.01,22.21,1.48
2019-08-25,27.49,35.53,19.88,0.0,19.61,1.87
2019-08-26,27.64,35.08,22.3,0.0,16.39,1.86
2019-08-27,27.34,34.81,21.2,0.0,14.51,2.03
2019-08-28,27.16,35.16,19.8,0.0,20.36,2.09
2019-08-29,27.13,33.97,21.58,0.0,23.65,2.47
2019-08-30,22.73,28.58,17.1,0.0,27.31,2.14
2019-08-31,20.8,27.11,15.2,0.0,24.04,2.44
2019-09-01,19.58,25.19,15.12,0.3,25.39,2.03
2019-09-02,21.12,28.4,14.75,0.0,21.43,2.64
2019-09-03,21.42,29.29,14.29,0.0,19.52,2.57
2019-09-04,22.33,29.27,15.55,0.01,20.6,2.03
2019-09-05,21.26,26.34,16.77,0.0,26.12,2.34
2019-09-06,18.29,23.59,12.86,0.01,31.29,2.39
2019-09-07,18.06,25.83,11.37,0.0,21.73,2.04
2019-09-08,17.71,22.97,12.93,0.02,24.18,2.14
2019-09-09,15.23,19.89,11.55,2.53,47.67,1.73
2019-09-10,15.63,22.13,9.45,0.11,48.29,2.25
2019-09-11,18.48,26.48,11.14,0.0,25.84,1.7
2019-09-12,19.5,27.53,12.17,0.0,21.45,1.68
2019-09-13,19.77,27.71,12.07,0.0,18.98,1.66
2019-09-14,21.19,28.49,15.15,0.1,19.32,2.32
2019-09-15,19.79,26.65,14.84,0.15,35.74,2.24
2019-09-16,18.6,25.43,13.9,0.0,29.11,1.93
2019-09-17,19.46,27.55,12.95,0.0,26.38,1.67
2019-09-18,22.65,31.52,14.18,0.0,16.27,1.82
2019-09-19,24.68,33.54,17.35,0.0,16.95,2.31
2019-09-20,25.11,33.32,19.01,0.0,19.12,1.83
2019-09-21,24.42,32.57,17.7,0.0,19.56,2.16
2019-09-22,26.34,34.81,18.81,0.0,16.29,2.27
2019-09-23,18.57,24.95,13.85,0.0,43.52,2.54
2019-09-24,20.8,28.78,14.99,0.0,28.26,1.67
2019-09-25,23.97,31.34,18.5,0.0,21.93,1.45
2019-09-26,23.46,30.92,18.17,0.0,23.37,1.76
2019-09-27,25.1,32.67,20.0,0.0,19.21,2.03
2019-09-28,23.38,31.15,18.21,0.0,22.95,2.02
2019-09-29,20.61,26.87,13.06,1.17,28.89,2.35
2019-09-30,15.45,21.4,11.23,0.69,49.52,1.61
2019-10-01,14.81,20.3,10.59,1.24,37.24,1.41
2019-10-02,15.86,23.2,10.54,0.0,31.16,1.65
2019-10-03,17.74,24.57,12.55,0.0,29.5,1.82
2019-10-04,18.36,25.86,12.52,0.0,34.49,1.83
2019-10-05,16.59,22.44,12.13,1.01,48.6,2.06
2019-10-06,18.1,24.74,13.05,0.1,39.58,1.66
2019-10-07,19.55,26.62,14.55,0.0,33.78,1.47
2019-10-08,17.93,23.86,13.57,0.0,32.24,1.97
2019-10-09,17.76,24.62,12.77,0.0,33.4,1.64
2019-10-10,19.0,25.86,13.4,0.0,30.54,1.62
2019-10-11,15.54,20.4,9.77,0.0,42.91,1.98
2019-10-12,15.07,23.27,9.79,0.0,34.69,1.5
2019-10-13,18.03,26.42,11.67,0.0,20.53,1.79
2019-10-14,12.64,16.78,7.74,1.79,45.03,2.18
2019-10-15,12.22,18.97,7.36,0.0,44.95,1.64
2019-10-16,14.23,21.66,9.73,0.0,36.05,1.67
2019-10-17,13.91,19.98,9.33,0.0,45.2,1.81
2019-10-18,13.66,20.47,9.33,0.0,38.87,1.46
2019-10-19,14.89,22.6,8.86,0.0,29.8,1.62
2019-10-20,14.51,21.79,10.13,0.0,28.23,1.86
2019-10-21,13.93,21.02,8.91,0.0,26.36,1.78
2019-10-22,12.58,18.97,7.35,0.0,27.17,1.93
2019-10-23,11.49,18.52,7.11,0.0,27.58,1.9
2019-10-24,11.76,18.96,7.41,0.0,27.8,1.59
2019-10-25,12.13,18.96,8.38,0.0,27.83,1.54
2019-10-26,12.75,19.6,7.85,0.0,26.68,1.34
2019-10-27,12.68,17.93,9.76,0.04,32.43,1.07
2019-10-28,11.71,19.12,6.75,0.03,49.81,1.69
2019-10-29,13.86,21.53,8.08,0.0,28.27,1.42
2019-10-30,16.87,21.95,13.02,1.73,45.03,2.2
2019-10-31,14.71,20.54,10.94,0.14,59.47,2.03
2019-11-01,12.59,17.69,9.77,1.49,59.51,1.59
2019-11-02,11.44,17.05,7.66,3.25,67.67,1.41
2019-11-03,14.52,20.86,10.32,0.15,54.66,1.76
2019-11-04,4.57,9.17,-0.94,6.72,72.37,1.77
2019-11-05,-0.02,4.93,-2.96,0.03,63.9,1.47
2019-11-06,1.02,7.6,-3.89,0.0,65.24,1.59
2019-11-07,4.97,12.56,0.16,0.0,55.26,1.24
2019-11-08,5.61,13.11,0.94,0.0,57.56,1.38
2019-11-09,7.05,13.65,2.95,0.0,52.61,1.14
2019-11-10,4.79,11.2,0.14,0.0,62.66,1.92
2019-11-11,4.69,11.54,0.06,0.0,52.81,1.16
2019-11-12,6.6,14.85,1.93,0.0,35.04,1.29
2019-11-13,4.78,11.34,0.81,0.0,42.75,1.0
2019-11-14,6.66,12.69,2.19,0.0,42.79,1.46
2019-11-15,7.77,13.51,4.15,0.0,47.62,1.24
2019-11-16,5.26,11.57,0.22,0.0,53.12,1.26
2019-11-17,4.79,9.85,1.33,0.0,50.01,1.02
2019-11-18,4.45,10.22,0.32,0.0,53.55,1.36
2019-11-19,6.38,11.86,3.11,0.0,42.77,1.13
2019-11-20,6.83,12.12,4.12,0.03,45.51,1.21
2019-11-21,2.98,6.48,0.33,1.99,76.42,1.02
2019-11-22,-0.66,1.4,-3.23,4.86,88.27,1.4
2019-11-23,-0.56,3.19,-3.49,0.69,75.88,1.37
2019-11-24,-2.11,0.72,-5.9,7.95,85.55,1.3
2019-11-25,-5.57,-0.55,-8.77,1.6,72.44,1.06
2019-11-26,-4.54,1.98,-7.89,0.0,60.55,1.12
2019-11-27,-3.8,1.04,-6.24,0.0,61.83,0.76
2019-11-28,-2.2,3.5,-5.5,0.0,56.33,0.86
2019-11-29,0.69,7.57,-2.33,0.0,41.49,1.36
2019-11-30,2.99,9.75,-1.13,0.0,36.2,1.47
2019-12-01,5.79,12.38,1.58,0.37,49.67,1.64
2019-12-02,7.22,14.04,3.67,0.73,64.86,2.17
2019-12-03,9.5,16.42,4.51,0.0,43.94,1.56
2019-12-04,11.0,15.6,7.72,0.0,42.67,1.16
2019-12-05,9.13,14.65,5.75,1.63,61.17,1.35
2019-12-06,3.73,6.28,0.14,5.35,89.95,1.01
2019-12-07,5.29,10.67,1.63,0.01,70.04,0.95
2019-12-08,7.81,14.16,3.63,0.0,59.44,1.43
2019-12-09,8.76,15.03,4.89,0.02,47.96,1.14
2019-12-10,7.69,12.58,4.03,1.91,79.37,1.64
2019-12-11,3.75,7.02,1.56,0.26,91.35,1.6
2019-12-12,3.85,6.0,1.91,2.59,92.76,1.17
2019-12-13,1.43,4.24,-0.42,5.89,87.35,2.56
2019-12-14,-1.71,2.12,-6.01,4.52,82.13,1.11
2019-12-15,-2.56,2.34,-5.19,0.0,64.43,1.03
2019-12-16,0.01,5.8,-3.08,0.0,44.06,1.19
2019-12-17,3.37,10.12,-1.21,0.0,44.15,1.3
2019-12-18,0.71,4.0,-1.77,5.55,81.4,1.74
2019-12-19,-0.97,0.88,-2.1,0.63,92.07,1.9
2019-12-20,1.35,5.28,-2.34,1.12,78.28,2.73
2019-12-21,-0.92,1.35,-4.71,6.2,90.37,3.36
2019-12-22,-4.92,-1.78,-7.78,0.88,76.31,1.51
2019-12-23,-1.83,3.03,-7.23,0.0,59.23,1.42
2019-12-24,0.86,7.12,-2.1,0.0,38.19,1.03
2019-12-25,3.37,9.94,0.18,0.0,36.87,1.39
2019-12-26,4.45,12.38,0.0,0.0,42.22,1.76
2019-12-27,6.72,14.4,2.72,0.0,42.68,2.1
2019-12-28,8.21,12.24,3.74,0.0,55.99,1.23
2019-12-29,6.47,10.67,4.02,1.61,79.34,1.2
2019-12-30,2.92,5.02,-0.64,1.01,89.06,1.04
2019-12-31,0.75,4.12,-1.95,0.06,80.32,0.77
2020-01-01,3.39,9.04,-0.02,0.0,54.46,1.39
2020-01-02,2.45,6.18,0.09,0.01,65.66,0.92
2020-01-03,0.76,2.75,-0.75,0.47,91.01,0.56
2020-01-04,1.38,5.9,-1.2,3.45,88.08,1.86
2020-01-05,2.63,7.25,-0.44,1.71,74.99,1.2
2020-01-06,-0.73,1.52,-3.56,4.05,84.93,0.81
2020-01-07,-2.75,-0.78,-4.64,1.87,88.03,1.2
2020-01-08,-3.29,-0.26,-5.89,1.83,82.92,1.06
2020-01-09,0.48,4.27,-3.09,0.0,54.93,1.13
2020-01-10,2.77,4.86,1.07,0.0,53.6,1.52
2020-01-11,1.74,3.83,0.06,0.24,83.44,1.23
2020-01-12,-0.47,1.49,-3.56,3.25,92.75,1.47
2020-01-13,-4.64,-1.73,-7.1,5.36,89.77,2.04
2020-01-14,-4.92,-1.15,-7.37,0.11,81.85,1.13
2020-01-15,-3.25,0.52,-6.12,0.06,72.02,1.14
2020-01-16,-3.41,0.41,-6.57,0.04,81.19,1.78
2020-01-17,-3.64,1.62,-6.32,0.0,69.47,1.33
2020-01-18,-1.55,3.84,-4.52,0.0,47.77,0.98
2020-01-19,0.34,3.4,-1.9,0.73,58.55,1.53
2020-01-20,-1.24,2.69,-3.53,0.67,85.16,1.18
2020-01-21,-1.57,0.86,-2.83,0.49,79.74,0.92
2020-01-22,-2.85,-1.21,-3.91,1.53,84.95,1.42
2020-01-23,0.5,7.64,-4.46,0.0,51.11,1.91
2020-01-24,2.12,3.93,0.76,2.09,77.57,2.01
2020-01-25,0.43,4.8,-3.36,4.8,90.14,1.94
2020-01-26,-2.45,2.03,-5.56,1.51,80.11,1.33
2020-01-27,-1.5,1.87,-3.63,3.59,76.91,1.56
2020-01-28,-2.18,1.78,-4.83,0.46,81.11,1.64
2020-01-29,-1.54,4.42,-5.04,0.0,52.86,1.31
2020-01-30,0.42,6.75,-3.27,0.0,52.64,1.35
2020-01-31,3.39,9.95,-0.55,0.0,43.54,1.4
2020-02-01,4.67,12.0,0.71,0.0,46.24,1.43
2020-02-02,7.77,15.7,2.36,0.0,44.86,1.8
2020-02-03,3.2,6.5,0.91,3.5,80.31,1.29
2020-02-04,2.55,8.39,-1.23,0.64,71.11,1.49
2020-02-05,5.59,12.7,0.34,0.01,52.45,2.66
2020-02-06,3.41,7.74,0.64,0.57,79.34,1.53
2020-02-07,7.02,15.06,1.12,0.0,50.95,1.41
2020-02-08,10.26,20.23,3.95,0.0,38.8,2.21
2020-02-09,9.56,16.65,6.36,2.89,61.32,3.09
2020-02-10,5.27,10.36,0.85,16.5,87.39,1.85
2020-02-11,2.05,5.3,-0.33,3.3,87.59,0.99
2020-02-12,5.01,13.04,-0.18,6.71,73.85,2.37
2020-02-13,0.56,4.36,-1.79,2.29,66.47,1.39
2020-02-14,3.99,11.41,-1.86,0.0,51.89,1.57
2020-02-15,2.61,9.04,-1.66,7.21,69.51,3.24
2020-02-16,0.31,5.78,-4.38,1.48,65.74,1.46
2020-02-17,2.28,6.76,-0.32,0.14,53.64,1.04
2020-02-18,-2.05,0.81,-7.49,7.63,80.65,1.65
2020-02-19,-2.46,4.15,-7.79,0.0,69.03,1.68
2020-02-20,3.8,11.72,-1.37,0.0,46.65,1.31
2020-02-21,10.66,18.14,4.37,0.23,44.15,1.53
2020-02-22,4.78,7.28,2.44,2.26,87.92,1.94
2020-02-23,7.17,13.61,2.72,0.0,73.0,1.39
2020-02-24,6.45,10.45,3.48,5.77,83.78,1.44
2020-02-25,9.79,16.0,4.19,0.28,63.57,2.0
2020-02-26,11.93,21.39,2.04,7.81,62.11,4.26
2020-02-27,-0.44,1.99,-6.26,10.71,85.39,2.69
2020-02-28,-0.24,7.21,-6.38,0.0,73.39,1.1
2020-02-29,5.98,13.71,-0.45,0.0,60.29,1.2
2020-03-01,10.47,16.66,5.48,0.0,57.52,1.15
2020-03-02,11.3,17.28,6.95,0.0,58.04,1.47
2020-03-03,9.39,14.77,6.02,0.0,62.04,1.65
2020-03-04,8.67,15.19,2.71,0.0,70.98,1.43
2020-03-05,4.22,7.34,0.1,1.28,78.7,2.0
2020-03-06,2.39,7.49,-2.36,0.06,69.17,2.08
2020-03-07,1.55,8.0,-3.32,0.4,70.76,1.66
2020-03-08,1.75,7.45,-2.85,0.0,67.57,1.63
2020-03-09,4.17,10.67,-0.36,0.0,57.57,1.92
2020-03-10,4.28,10.3,0.31,0.0,60.18,1.54
2020-03-11,5.11,11.09,0.92,0.0,60.95,1.4
2020-03-12,6.79,13.25,1.85,0.0,54.14,1.53
2020-03-13,8.03,15.23,0.6,0.0,46.95,1.56
2020-03-14,11.04,17.14,5.24,0.0,44.15,1.74
2020-03-15,12.14,21.2,3.45,0.0,43.0,1.53
2020-03-16,15.45,21.69,10.33,0.0,52.38,1.59
2020-03-17,14.2,20.26,10.22,0.0,71.55,1.84
2020-03-18,14.24,20.2,9.95,0.0,59.26,1.75
2020-03-19,14.17,21.1,9.71,0.0,55.01,1.98
2020-03-20,15.42,22.49,8.86,0.67,52.74,1.43
2020-03-21,9.89,11.86,5.69,10.89,84.9,1.96
2020-03-22,10.72,17.59,5.17,0.0,60.73,1.9
2020-03-23,14.25,21.1,8.67,0.02,58.94,0.9
2020-03-24,13.2,18.3,9.65,0.39,73.86,1.29
2020-03-25,9.02,13.72,4.13,0.4,70.7,2.21
2020-03-26,7.99,14.26,3.01,0.0,67.73,1.56
2020-03-27,10.09,15.59,5.46,0.28,59.61,1.36
2020-03-28,9.28,15.58,4.67,0.03,54.28,1.88
2020-03-29,10.45,17.41,4.44,0.0,46.56,1.49
2020-03-30,13.6,18.69,8.5,0.0,48.2,1.28
2020-03-31,13.74,18.84,11.21,1.74,65.56,1.35
2020-04-01,11.18,13.86,7.62,3.35,82.9,2.38
2020-04-02,10.86,16.86,6.11,3.95,72.66,1.42
2020-04-03,14.4,21.63,6.73,0.0,52.41,1.29
2020-04-04,16.68,23.5,10.41,0.09,55.72,1.68
2020-04-05,12.86,17.92,9.07,0.98,78.64,2.49
2020-04-06,14.0,20.63,7.85,0.02,70.26,1.53
2020-04-07,12.61,18.14,6.97,2.58,70.92,2.61
2020-04-08,4.04,7.12,0.13,17.58,85.7,2.61
2020-04-09,-0.09,3.23,-3.93,10.12,80.85,1.94
2020-04-10,6.73,15.07,-3.54,0.0,52.17,1.37
2020-04-11,12.78,18.28,7.92,4.51,67.8,1.69
2020-04-12,14.45,18.12,10.91,13.37,85.71,1.63
2020-04-13,13.53,17.48,10.28,15.03,80.43,1.07
2020-04-14,11.41,16.18,6.26,0.87,77.72,2.2
2020-04-15,9.38,14.32,5.14,1.62,79.84,1.99
2020-04-16,11.14,17.03,4.73,0.7,68.01,1.55
2020-04-17,13.61,19.63,9.24,0.0,54.66,1.52
2020-04-18,14.76,21.23,9.5,0.0,52.65,1.58
2020-04-19,16.11,22.8,8.97,0.0,54.11,1.36
2020-04-20,16.96,23.4,9.36,0.0,52.87,1.64
2020-04-21,17.74,24.44,10.15,0.0,49.74,1.66
2020-04-22,19.7,25.76,12.96,0.0,43.51,1.25
2020-04-23,20.67,27.7,14.97,0.0,50.95,1.45
2020-04-24,20.91,27.8,15.5,0.02,57.64,1.9
2020-04-25,16.69,20.57,13.48,0.41,78.72,1.78
2020-04-26,20.58,27.09,13.88,0.0,62.25,1.01
2020-04-27,24.73,33.03,16.26,0.0,48.23,1.72
2020-04-28,18.07,20.54,14.43,0.55,76.29,1.29
2020-04-29,16.74,23.34,13.49,5.03,73.01,1.54
2020-04-30,17.09,22.92,10.91,3.22,61.49,1.97
2020-05-01,18.67,25.42,12.32,0.14,54.79,1.58
2020-05-02,18.56,23.13,13.35,2.96,68.21,1.88
2020-05-03,17.66,21.91,13.19,2.3,65.83,1.59
2020-05-04,19.64,26.89,12.2,0.11,55.66,1.24
2020-05-05,14.95,16.21,12.13,3.17,81.41,1.37
2020-05-06,17.81,23.18,11.52,2.66,63.9,1.22
2020-05-07,21.12,27.9,13.36,0.01,52.09,1.21
2020-05-08,21.66,26.99,16.84,2.7,57.85,1.29
2020-05-09,17.97,23.25,13.76,10.6,76.02,2.06
2020-05-10,18.35,24.79,12.51,1.38,64.66,1.66
2020-05-11,21.59,28.57,13.2,0.0,46.89,1.54
2020-05-12,22.54,29.05,16.25,3.26,49.53,1.45
2020-05-13,19.59,25.32,14.66,7.1,71.46,1.9
2020-05-14,14.54,17.29,11.26,11.59,80.6,2.25
2020-05-15,16.58,23.02,9.47,0.11,64.08,1.71
2020-05-16,15.24,18.16,11.68,2.84,77.2,1.35
2020-05-17,17.25,22.17,10.9,0.13,61.76,1.35
2020-05-18,15.45,20.39,11.52,3.97,71.85,2.2
2020-05-19,14.74,19.8,10.13,0.38,58.91,1.17
2020-05-20,17.18,23.42,9.04,0.0,47.92,1.8
2020-05-21,19.17,26.26,12.39,0.0,48.17,2.1
2020-05-22,21.22,29.4,13.18,0.0,47.02,1.61
2020-05-23,24.57,32.84,14.69,0.0,44.95,1.91
2020-05-24,26.98,35.78,17.81,0.0,42.88,1.94
2020-05-25,27.36,36.01,18.5,0.0,40.44,1.95
2020-05-26,27.92,36.54,18.86,0.0,40.14,1.95
2020-05-27,27.92,36.92,19.39,0.0,41.87,1.9
2020-05-28,27.58,36.48,19.67,0.01,41.35,2.09
2020-05-29,24.77,32.52,16.65,0.01,42.83,1.97
2020-05-30,25.72,33.76,16.61,0.0,33.92,1.76
2020-05-31,27.15,34.6,17.76,0.0,37.02,1.43
2020-06-01,27.07,34.73,18.62,0.2,38.11,1.41
2020-06-02,27.33,35.34,19.59,0.0,36.7,2.32
2020-06-03,27.91,36.03,19.08,0.0,35.8,1.65
2020-06-04,29.3,37.87,19.57,0.0,32.19,1.86
2020-06-05,29.32,37.57,21.94,0.1,32.02,2.15
2020-06-06,25.39,33.19,17.61,0.0,30.5,2.25
2020-06-07,24.07,32.24,15.72,0.0,27.61,1.94
2020-06-08,24.03,29.69,18.56,0.66,32.03,2.03
2020-06-09,23.13,30.28,16.13,1.12,39.45,2.41
2020-06-10,22.54,29.7,15.77,0.03,34.27,2.26
2020-06-11,23.58,31.53,15.41,0.0,35.87,1.64
2020-06-12,25.51,32.62,16.63,0.01,29.81,1.37
2020-06-13,26.39,33.85,17.9,0.0,27.49,1.44
2020-06-14,27.62,35.43,19.52,0.03,25.69,1.81
2020-06-15,28.4,36.26,19.45,0.0,26.46,1.97
2020-06-16,26.73,34.4,17.83,0.0,21.99,2.82
2020-06-17,21.55,28.23,14.65,0.0,25.34,2.93
2020-06-18,22.98,30.75,14.63,0.0,23.6,2.66
2020-06-19,24.73,32.93,15.87,0.0,20.02,2.09
2020-06-20,26.33,34.35,17.97,0.0,19.93,2.59
2020-06-21,28.77,37.29,19.77,0.0,16.98,1.54
2020-06-22,30.69,39.04,21.58,0.0,14.9,1.86
2020-06-23,29.84,36.5,23.26,0.0,20.5,2.22
2020-06-24,29.28,36.15,22.45,0.01,16.02,2.6
2020-06-25,29.27,36.95,21.95,0.0,17.21,1.93
2020-06-26,28.33,33.91,21.55,0.22,15.18,2.56
2020-06-27,20.55,24.74,14.16,1.91,31.77,2.84
2020-06-28,19.48,25.76,12.95,0.0,21.67,2.26
2020-06-29,24.51,33.62,13.48,0.0,15.89,2.16
2020-06-30,26.38,33.95,19.42,0.0,14.97,2.49
2020-07-01,27.87,35.28,19.45,0.0,17.31,1.85
2020-07-02,25.22,30.53,16.96,0.0,22.99,3.13
2020-07-03,22.24,29.85,13.65,0.0,27.47,3.02
2020-07-04,23.51,30.72,14.82,0.0,22.68,3.38
2020-07-05,24.31,31.57,15.75,0.0,27.04,2.89
2020-07-06,24.59,31.25,17.27,0.02,30.57,2.74
2020-07-07,27.55,36.31,17.93,0.0,21.46,1.74
2020-07-08,29.46,37.55,21.74,0.0,17.0,1.99
2020-07-09,30.36,38.5,21.43,0.03,20.92,2.53
2020-07-10,29.29,35.37,23.95,0.91,25.4,2.14
2020-07-11,29.02,35.69,22.68,0.39,28.92,1.85
2020-07-12,28.96,36.44,20.95,0.0,31.46,2.49
2020-07-13,29.77,36.63,22.18,0.0,26.25,1.95
2020-07-14,30.65,37.58,23.27,0.08,27.34,1.81
2020-07-15,31.73,39.57,23.29,0.02,21.59,1.93
2020-07-16,31.49,39.31,23.39,0.0,19.75,2.67
2020-07-17,32.06,38.92,24.12,0.0,17.69,1.96
2020-07-18,31.49,38.18,24.9,0.03,22.47,1.41
2020-07-19,32.03,39.86,25.18,0.0,17.09,2.29
2020-07-20,31.32,38.43,24.16,0.17,18.55,2.46
2020-07-21,30.41,37.39,23.95,0.1,18.6,2.34
2020-07-22,30.51,38.28,22.32,0.0,16.75,2.07
2020-07-23,32.47,39.29,26.22,0.0,18.5,2.02
2020-07-24,29.55,35.66,24.54,0.0,28.36,2.97
2020-07-25,30.79,38.16,22.75,0.02,21.01,2.81
2020-07-26,30.93,37.93,23.99,0.13,21.52,3.0
2020-07-27,29.41,36.0,22.73,0.0,24.09,2.55
2020-07-28,30.13,37.26,22.32,0.0,22.51,2.99
2020-07-29,28.24,34.37,21.59,0.05,23.52,2.63
2020-07-30,28.37,36.17,21.03,0.0,17.18,1.93
2020-07-31,27.77,34.47,21.94,1.0,29.23,2.33
2020-08-01,26.75,33.25,19.97,0.29,31.75,2.03
2020-08-02,27.88,34.68,21.58,0.16,24.16,1.76
2020-08-03,28.09,34.99,21.37,0.0,27.19,2.11
2020-08-04,28.83,35.82,22.21,0.0,23.9,2.17
2020-08-05,30.57,38.15,23.58,0.0,19.94,2.15
2020-08-06,31.45,39.53,23.57,0.0,21.18,2.82
2020-08-07,29.82,37.95,22.16,0.0,24.27,2.62
2020-08-08,29.69,36.41,24.03,0.01,25.28,3.04
2020-08-09,28.08,34.36,21.93,0.01,27.03,1.99
2020-08-10,29.05,36.16,21.99,0.0,22.15,2.01
2020-08-11,26.07,32.71,20.36,0.0,22.64,2.39
2020-08-12,26.01,33.03,20.0,0.0,16.26,2.28
2020-08-13,25.27,31.65,19.29,0.01,21.05,2.28
2020-08-14,26.52,34.71,18.38,0.0,18.65,2.44
2020-08-15,28.19,36.61,20.36,0.0,15.96,2.16
2020-08-16,29.11,36.0,23.42,0.02,19.21,1.71
2020-08-17,27.58,34.18,22.7,0.0,30.48,2.66
2020-08-18,23.63,29.84,18.76,0.92,27.08,2.66
2020-08-19,23.35,30.55,16.81,0.01,22.56,2.39
2020-08-20,24.21,30.89,17.96,0.0,20.14,2.29
2020-08-21,24.49,31.98,17.88,0.0,20.44,2.09
2020-08-22,26.06,34.34,18.45,0.0,15.4,1.72
2020-08-23,30.02,38.92,20.71,0.0,12.42,2.08
2020-08-24,29.85,36.43,23.04,0.0,17.38,2.65
2020-08-25,24.64,30.49,19.93,0.0,36.25,1.59
2020-08-26,20.09,23.65,17.02,11.67,60.67,1.81
2020-08-27,19.51,25.29,13.94,0.07,57.45,1.94
2020-08-28,22.51,30.51,14.96,0.0,43.5,1.81
2020-08-29,24.64,32.01,17.87,0.0,35.06,1.81
2020-08-30,25.21,32.51,18.89,0.0,32.74,1.86
2020-08-31,24.63,30.52,20.42,0.65,36.05,1.98
2020-09-01,25.38,32.76,18.69,0.0,31.82,1.91
2020-09-02,26.55,33.62,20.3,0.12,27.83,2.26
2020-09-03,24.97,32.34,18.13,0.09,30.96,1.99
2020-09-04,25.62,33.06,18.62,0.0,25.81,2.13
2020-09-05,24.93,32.22,19.22,0.0,27.72,2.3
2020-09-06,20.82,27.17,13.77,0.0,21.14,2.3
2020-09-07,18.64,27.57,10.93,0.0,17.48,2.19
2020-09-08,19.7,27.69,12.27,0.0,14.26,1.81
2020-09-09,20.6,28.42,13.4,0.0,14.85,1.69
2020-09-10,21.01,28.62,14.08,0.0,17.98,2.24
2020-09-11,22.43,30.03,15.97,0.0,19.15,2.01
2020-09-12,19.6,25.44,14.24,0.0,26.46,2.05
2020-09-13,20.92,29.68,13.76,0.0,17.22,1.62
2020-09-14,20.34,27.85,13.43,0.0,21.1,2.52
2020-09-15,21.53,28.82,13.91,0.0,21.43,1.63
2020-09-16,20.33,27.25,13.6,0.0,23.69,2.23
2020-09-17,15.76,22.53,9.95,0.45,45.74,2.49
2020-09-18,13.33,20.33,8.25,0.36,32.43,2.31
2020-09-19,15.2,23.61,7.96,0.1,26.66,1.4
2020-09-20,19.35,28.45,11.09,0.0,24.63,1.68
2020-09-21,19.18,27.02,13.33,0.0,20.51,2.16
2020-09-22,16.33,23.11,10.06,0.0,30.76,2.36
2020-09-23,14.95,22.13,8.84,0.0,25.05,1.73
2020-09-24,15.78,23.32,10.71,0.0,23.04,1.94
2020-09-25,16.74,24.91,10.8,0.0,21.58,1.67
2020-09-26,15.65,21.96,10.21,0.0,24.5,1.91
2020-09-27,15.36,22.69,9.15,0.0,24.82,1.95
2020-09-28,15.25,21.7,10.42,0.0,24.69,1.71
2020-09-29,14.09,19.89,9.72,0.04,31.39,2.19
2020-09-30,11.51,15.84,8.73,0.51,58.1,1.25
2020-10-01,14.13,21.39,9.04,0.01,41.22,2.01
2020-10-02,14.4,21.56,8.92,0.0,29.23,1.75
2020-10-03,14.57,20.97,10.02,0.0,27.51,1.84
2020-10-04,13.99,20.74,9.15,0.0,27.42,1.71
2020-10-05,14.0,20.84,9.15,0.0,22.26,1.77
2020-10-06,10.81,17.34,5.57,0.0,27.2,2.2
2020-10-07,10.86,18.08,5.86,0.0,18.15,1.42
2020-10-08,10.54,17.6,5.58,0.0,18.69,2.2
2020-10-09,9.64,16.89,4.33,0.13,31.32,1.45
2020-10-10,10.47,17.05,5.84,0.22,38.15,1.51
2020-10-11,10.77,17.54,4.81,0.0,35.03,1.7
2020-10-12,10.66,18.38,4.24,0.0,30.96,1.75
2020-10-13,11.88,19.86,5.39,0.0,27.61,1.7
2020-10-14,13.04,20.42,7.73,0.0,24.67,1.53
2020-10-15,13.86,21.83,7.09,0.0,24.81,1.75
2020-10-16,14.48,22.34,8.05,0.0,23.76,1.59
2020-10-17,13.92,21.38,7.43,0.0,24.33,1.84
2020-10-18,14.28,22.19,9.23,0.0,21.37,1.61
2020-10-19,16.39,25.93,9.63,0.0,16.53,1.86
2020-10-20,14.62,22.63,9.23,0.0,16.43,1.81
2020-10-21,14.15,22.07,8.63,0.0,18.96,1.91
2020-10-22,10.42,14.4,7.41,0.02,46.97,1.46
2020-10-23,7.05,10.41,4.11,0.14,54.47,1.26
2020-10-24,7.47,13.32,3.74,0.0,42.14,1.61
2020-10-25,8.92,15.63,4.37,0.0,36.23,1.23
2020-10-26,12.11,19.14,7.33,0.0,29.78,1.4
2020-10-27,11.91,19.01,7.51,0.0,31.08,2.36
2020-10-28,3.49,7.37,-1.61,0.0,48.21,1.75
2020-10-29,4.17,11.68,-2.08,0.0,34.24,1.39
2020-10-30,9.46,18.29,2.98,0.0,22.24,1.72
2020-10-31,11.24,19.27,7.02,0.0,15.5,1.52
2020-11-01,12.53,19.21,8.58,0.0,12.62,1.19
2020-11-02,12.84,20.16,8.03,0.0,12.54,1.34
2020-11-03,11.13,19.4,6.04,0.0,14.61,1.53
2020-11-04,9.86,17.73,3.83,0.0,20.33,1.58
2020-11-05,11.54,20.23,7.07,0.0,15.57,1.59
2020-11-06,12.55,19.37,8.93,0.0,11.19,1.27
2020-11-07,15.05,23.48,8.7,0.0,9.53,1.86
2020-11-08,12.52,17.41,5.18,3.1,29.78,1.99
2020-11-09,4.96,9.79,2.16,5.67,71.0,1.02
2020-11-10,6.76,13.36,2.94,0.0,51.01,0.95
2020-11-11,7.92,11.84,5.32,1.81,56.1,0.98
2020-11-12,3.11,4.67,-0.68,19.74,89.79,2.06
2020-11-13,1.6,6.24,-1.36,1.01,72.12,0.99
2020-11-14,0.81,5.1,-3.92,0.04,56.86,0.95
2020-11-15,-0.76,4.51,-4.38,0.0,58.03,2.6
2020-11-16,-0.67,4.71,-3.32,0.01,65.56,1.95
2020-11-17,-1.8,1.97,-3.6,0.03,70.8,0.86
2020-11-18,-4.28,-1.76,-8.54,4.93,75.43,1.43
2020-11-19,-8.7,-6.71,-10.33,2.56,66.64,1.11
2020-11-20,-6.23,-1.45,-10.31,0.0,54.82,1.57
2020-11-21,-4.07,2.25,-8.62,0.07,62.78,1.11
2020-11-22,-6.08,-2.89,-9.89,1.55,72.25,1.24
2020-11-23,-4.61,2.07,-9.45,0.0,56.97,1.18
2020-11-24,-1.42,4.1,-5.11,0.0,50.53,0.93
2020-11-25,-0.78,3.01,-3.4,0.0,58.89,1.06
2020-11-26,1.63,5.46,-2.08,0.0,55.69,1.39
2020-11-27,6.08,8.88,2.63,0.59,47.57,1.18
2020-11-28,-1.99,1.69,-5.61,9.17,86.1,2.02
2020-11-29,-2.63,3.54,-6.04,0.0,51.99,1.56
2020-11-30,1.07,6.06,-2.74,0.0,39.11,1.16
2020-12-01,3.43,8.43,1.27,0.02,55.75,1.23
2020-12-02,4.75,8.79,0.67,0.03,84.49,0.92
2020-12-03,2.22,7.44,-0.24,0.02,80.53,1.27
2020-12-04,-1.34,2.53,-4.62,0.07,75.97,1.11
2020-12-05,-3.17,0.79,-5.22,0.0,60.68,1.25
2020-12-06,-1.78,3.1,-4.27,0.0,57.2,1.05
2020-12-07,-2.93,1.35,-5.0,0.01,67.62,0.93
2020-12-08,-2.96,0.35,-5.43,0.42,63.97,0.91
2020-12-09,-2.98,1.25,-6.21,1.32,72.96,1.03
2020-12-10,-1.25,4.59,-4.86,0.0,69.33,1.04
2020-12-11,-0.43,4.41,-3.83,0.0,65.53,0.87
2020-12-12,-1.84,2.37,-4.74,0.0,74.05,0.88
2020-12-13,-3.2,1.64,-6.4,0.0,78.64,0.81
2020-12-14,-5.07,-1.47,-6.87,0.02,88.2,0.92
2020-12-15,-4.25,0.14,-6.88,0.0,81.02,0.87
2020-12-16,-2.61,2.92,-5.77,0.0,69.0,0.94
2020-12-17,-1.04,5.31,-4.86,0.0,49.37,1.34
2020-12-18,1.05,8.1,-3.61,0.0,38.95,1.35
2020-12-19,1.76,5.09,-1.22,3.87,61.35,1.76
2020-12-20,-2.39,-0.05,-4.28,4.85,90.8,1.16
2020-12-21,-2.6,2.17,-5.65,0.0,75.34,0.88
2020-12-22,-1.56,3.17,-3.92,0.0,65.47,1.13
2020-12-23,-1.68,2.92,-4.16,0.0,72.93,0.78
2020-12-24,1.02,5.89,-3.16,0.03,59.01,1.07
2020-12-25,3.21,6.14,0.63,0.97,86.94,1.22
2020-12-26,1.34,5.58,-1.96,3.17,94.47,1.13
2020-12-27,-3.64,-2.3,-5.49,18.81,86.57,1.9
2020-12-28,-6.72,-3.08,-9.26,61.69,93.96,0.96
2020-12-29,-6.73,-1.2,-9.81,0.0,80.77,1.22
2020-12-30,-6.56,-1.01,-9.29,0.0,68.82,1.06
2020-12-31,-7.58,-2.12,-10.76,0.0,71.11,0.99
2021-01-01,-8.53,-2.46,-11.65,0.0,66.39,1.08
2021-01-02,-6.97,-1.67,-9.6,0.0,55.96,0.96
2021-01-03,-7.01,-1.65,-10.09,0.0,58.64,0.77
2021-01-04,-8.83,-3.8,-12.2,0.0,70.84,0.85
2021-01-05,-10.94,-6.2,-12.95,0.0,86.63,0.68
2021-01-06,-12.22,-8.12,-14.8,0.38,94.2,0.87
2021-01-07,-13.79,-8.9,-16.57,0.1,93.25,0.9
2021-01-08,-12.06,-5.67,-16.61,0.0,75.88,1.17
2021-01-09,-6.29,0.4,-10.99,0.0,49.06,1.28
2021-01-10,-1.39,4.74,-7.81,0.0,30.4,1.54
2021-01-11,0.91,5.11,-2.27,0.0,35.87,1.99
2021-01-12,0.05,2.78,-2.87,0.1,57.65,1.79
2021-01-13,1.23,3.19,-0.83,0.39,85.27,0.8
2021-01-14,3.81,8.27,-0.3,0.0,62.08,1.43
2021-01-15,5.99,10.2,2.15,0.0,43.43,1.62
2021-01-16,6.28,12.59,2.31,0.0,43.01,1.67
2021-01-17,5.77,9.65,2.14,0.0,39.91,1.06
2021-01-18,6.48,9.74,3.54,0.0,42.16,1.39
2021-01-19,4.42,7.61,2.41,2.47,67.1,2.23
2021-01-20,3.69,7.6,0.95,0.86,72.19,2.35
2021-01-21,4.48,9.13,0.89,0.25,57.41,2.03
2021-01-22,-6.26,0.52,-9.65,11.66,87.75,2.76
2021-01-23,-7.29,-5.36,-10.2,1.01,86.48,3.17
2021-01-24,-3.59,0.98,-6.79,0.29,74.82,1.47
2021-01-25,-2.29,1.8,-4.83,0.0,67.88,1.03
2021-01-26,-1.02,3.56,-5.64,0.0,66.38,0.94
2021-01-27,-0.58,3.43,-3.19,0.0,57.29,1.24
2021-01-28,1.08,5.5,-1.52,0.0,49.3,1.01
2021-01-29,2.23,9.49,-2.03,0.0,48.08,1.59
2021-01-30,6.2,12.9,0.78,0.0,41.99,1.58
2021-01-31,6.78,14.43,1.51,0.17,66.56,2.0
2021-02-01,4.47,8.8,1.54,3.67,90.22,2.34
2021-02-02,6.51,13.08,1.69,0.0,70.27,1.33
2021-02-03,4.69,11.27,0.51,0.0,67.53,1.19
2021-02-04,6.05,12.6,1.57,0.0,54.48,1.41
2021-02-05,6.81,12.97,2.95,0.0,53.06,1.67
2021-02-06,9.25,17.02,5.3,1.29,60.87,2.79
2021-02-07,6.79,9.62,4.8,4.56,90.2,2.08
2021-02-08,7.02,8.41,5.08,6.04,93.8,1.51
2021-02-09,4.58,7.01,3.33,25.28,92.14,1.51
2021-02-10,6.17,9.24,3.19,1.42,84.08,1.69
2021-02-11,7.81,12.44,4.07,0.96,75.55,2.28
2021-02-12,8.77,16.44,3.53,0.01,60.27,1.69
2021-02-13,8.02,12.89,4.07,0.03,60.6,1.36
2021-02-14,8.98,15.37,4.11,0.0,56.17,1.43
2021-02-15,9.6,16.81,4.64,0.0,47.8,1.56
2021-02-16,10.63,18.13,4.97,0.0,47.0,1.34
2021-02-17,10.83,18.35,5.29,0.0,43.45,1.36
2021-02-18,12.42,20.91,6.08,0.0,46.42,3.33
2021-02-19,7.24,10.43,2.57,7.08,80.13,2.16
2021-02-20,3.48,8.66,-0.01,3.55,78.46,1.45
2021-02-21,2.98,8.34,-0.77,2.17,76.23,1.42
2021-02-22,3.45,8.69,0.2,0.23,62.28,1.15
2021-02-23,3.73,6.72,0.52,5.43,75.52,2.62
2021-02-24,-2.19,2.24,-9.08,8.71,83.01,2.65
2021-02-25,-11.42,-6.94,-15.93,1.36,57.24,2.14
2021-02-26,-7.5,-2.76,-12.49,0.0,51.56,1.08
2021-02-27,-4.04,-0.4,-6.44,0.03,61.82,1.54
2021-02-28,1.2,8.05,-5.86,0.0,56.42,1.48
2021-03-01,6.53,13.22,1.66,0.0,48.57,1.85
2021-03-02,5.76,11.02,1.49,0.13,61.32,1.97
2021-03-03,4.43,7.9,1.81,2.04,81.3,1.46
2021-03-04,6.04,12.12,0.86,8.01,80.02,2.09
2021-03-05,2.83,8.67,-2.41,2.42,69.09,1.04
2021-03-06,6.69,13.69,1.39,0.25,63.25,2.05
2021-03-07,2.14,5.52,0.02,3.06,86.68,1.8
2021-03-08,5.04,10.01,0.73,0.0,70.73,1.48
2021-03-09,9.06,16.0,1.62,0.36,53.63,1.4
2021-03-10,8.04,12.1,3.18,5.74,77.03,2.15
2021-03-11,4.67,9.88,0.58,0.55,74.87,1.98
2021-03-12,8.72,16.49,2.07,0.36,68.1,2.26
2021-03-13,9.0,13.7,2.88,9.19,91.97,2.53
2021-03-14,-4.5,1.29,-7.29,7.95,81.64,2.82
2021-03-15,-3.21,0.48,-7.88,0.04,76.51,0.89
2021-03-16,-0.9,3.94,-4.73,0.0,73.82,1.26
2021-03-17,1.88,8.34,-2.91,0.09,53.11,1.32
2021-03-18,6.41,16.69,-2.35,0.0,46.22,2.27
2021-03-19,13.5,23.52,4.87,5.28,51.18,2.43
2021-03-20,9.74,16.77,5.62,24.25,86.5,1.91
2021-03-21,8.68,13.25,3.88,2.83,76.07,2.02
2021-03-22,10.19,17.01,4.03,0.0,61.38,1.74
2021-03-23,7.02,9.99,2.64,2.34,77.05,2.29
2021-03-24,10.79,18.38,2.5,0.0,64.73,1.8
2021-03-25,15.51,20.67,10.19,0.72,65.73,3.07
2021-03-26,13.48,17.35,9.17,6.89,84.22,2.05
2021-03-27,12.89,18.38,8.48,6.92,68.88,1.54
2021-03-28,9.48,14.05,4.02,11.35,86.22,2.07
2021-03-29,3.81,7.07,1.26,13.07,87.11,1.87
2021-03-30,3.63,7.79,0.42,0.84,77.93,1.32
2021-03-31,4.1,8.8,-0.5,0.79,73.14,1.72
2021-04-01,1.36,5.63,-3.24,1.54,73.62,2.02
2021-04-02,3.83,11.83,-3.75,0.0,50.98,1.3
2021-04-03,10.12,18.42,0.4,0.0,43.19,1.31
2021-04-04,9.27,12.29,6.61,14.97,80.15,3.73
2021-04-05,6.7,11.16,2.88,3.59,81.11,1.77
2021-04-06,9.61,16.49,2.97,0.0,60.95,1.29
2021-04-07,11.81,17.51,5.63,0.0,55.12,1.35
2021-04-08,12.09,19.47,5.18,0.0,57.39,1.23
2021-04-09,14.03,21.26,8.21,0.0,50.85,1.31
2021-04-10,14.75,21.6,8.32,0.0,52.21,1.44
2021-04-11,9.78,13.36,4.87,0.0,62.07,1.54
2021-04-12,8.37,14.35,2.08,0.0,61.83,1.68
2021-04-13,12.4,18.14,6.17,0.0,56.55,1.11
2021-04-14,15.87,21.19,9.93,0.0,58.1,1.0
2021-04-15,14.39,19.71,8.36,0.0,63.27,2.07
2021-04-16,13.52,19.64,8.15,0.0,61.04,2.07
2021-04-17,14.66,20.94,8.63,0.0,59.96,1.82
2021-04-18,14.88,20.23,9.8,0.0,65.55,1.34
2021-04-19,15.61,21.9,9.22,0.0,62.39,1.6
2021-04-20,15.4,19.53,10.91,2.27,66.75,1.58
2021-04-21,7.84,11.77,3.09,12.53,88.27,2.1
2021-04-22,9.41,16.48,2.75,0.0,68.37,1.43
2021-04-23,13.05,20.1,6.82,0.0,55.01,1.47
2021-04-24,14.49,20.95,8.1,0.0,54.58,1.66
2021-04-25,17.09,24.62,9.36,0.0,58.88,1.79
2021-04-26,18.19,24.72,11.84,0.0,53.54,1.58
2021-04-27,20.34,27.65,12.64,0.0,50.93,1.55
2021-04-28,22.3,28.2,17.42,0.0,45.01,1.33
2021-04-29,23.33,29.29,16.79,0.0,46.9,1.45
2021-04-30,18.47,23.31,12.83,0.54,66.25,2.34
2021-05-01,17.62,23.35,12.27,0.03,71.63,1.41
2021-05-02,19.17,25.32,12.82,0.01,64.1,1.36
2021-05-03,20.9,27.99,14.41,0.0,52.85,1.64
2021-05-04,23.48,30.71,17.48,0.0,52.31,1.65
2021-05-05,17.94,20.48,15.85,0.76,85.91,2.1
2021-05-06,17.47,20.06,15.09,4.33,81.92,1.19
2021-05-07,18.52,22.29,14.37,0.56,75.19,1.61
2021-05-08,20.98,27.08,15.01,0.33,61.93,1.95
2021-05-09,18.4,20.72,14.14,3.41,71.7,1.52
2021-05-10,16.09,20.76,12.35,0.36,72.1,1.73
2021-05-11,16.86,24.15,10.06,0.01,60.55,1.9
2021-05-12,17.89,25.03,10.38,0.0,53.94,2.09
2021-05-13,19.0,26.64,12.32,0.0,53.32,2.21
2021-05-14,18.7,26.82,11.25,0.0,51.88,2.54
2021-05-15,19.21,27.39,12.41,0.0,50.86,2.11
2021-05-16,20.24,27.84,12.58,0.0,46.41,1.78
2021-05-17,21.9,29.5,13.64,0.0,42.52,1.46
2021-05-18,23.99,30.86,15.36,0.0,40.4,1.23
2021-05-19,24.25,31.17,17.23,0.0,41.63,1.66
2021-05-20,24.22,30.88,17.51,0.52,38.54,2.27
2021-05-21,22.11,29.43,15.84,0.0,46.58,1.55
2021-05-22,21.87,29.29,14.28,0.0,48.03,1.74
2021-05-23,22.05,28.95,16.65,0.03,49.27,1.91
2021-05-24,20.53,23.92,17.02,3.26,63.49,1.89
2021-05-25,23.84,30.68,16.37,0.17,50.22,1.16
2021-05-26,24.54,31.38,17.89,1.22,47.4,1.64
2021-05-27,25.78,32.85,18.13,0.0,38.88,1.87
2021-05-28,26.15,33.44,18.22,0.09,41.47,1.75
2021-05-29,27.37,35.14,19.86,0.0,40.29,1.91
2021-05-30,27.67,35.28,20.45,0.0,39.45,1.77
2021-05-31,27.91,35.74,19.99,0.0,37.9,1.85
2021-06-01,29.01,36.56,20.38,0.0,33.97,1.46
2021-06-02,28.83,36.4,20.18,0.11,34.64,2.01
2021-06-03,29.16,36.24,22.61,0.09,33.24,2.13
2021-06-04,29.48,37.33,21.14,0.0,30.25,1.92
2021-06-05,30.87,39.13,21.82,0.0,27.03,2.01
2021-06-06,33.3,40.92,26.02,0.37,24.31,1.81
2021-06-07,31.76,39.6,23.65,0.27,28.52,2.86
2021-06-08,28.26,34.62,22.73,0.19,30.61,2.24
2021-06-09,26.79,33.77,20.62,0.0,24.73,2.25
2021-06-10,27.04,33.85,19.09,0.05,26.59,2.22
2021-06-11,27.19,33.69,20.88,0.0,29.31,2.26
2021-06-12,27.69,34.71,20.35,0.0,25.64,2.03
2021-06-13,26.26,33.24,19.18,0.0,27.14,2.11
2021-06-14,24.97,33.18,16.37,0.0,22.38,2.34
2021-06-15,24.73,32.88,16.49,0.0,19.87,2.06
2021-06-16,26.24,33.64,17.46,0.0,19.75,1.57
2021-06-17,27.01,34.31,18.08,0.0,22.68,1.6
2021-06-18,27.76,35.24,19.55,0.0,21.92,1.85
2021-06-19,29.32,37.14,21.93,0.01,19.6,2.75
2021-06-20,24.76,32.39,17.47,0.0,21.77,2.33
2021-06-21,24.74,32.73,16.64,0.0,20.39,2.17
2021-06-22,25.33,32.69,17.81,0.0,22.95,2.47
2021-06-23,24.79,33.07,16.66,0.0,20.22,1.88
2021-06-24,27.02,34.73,18.95,0.0,22.12,2.45
2021-06-25,25.53,32.12,19.16,0.0,27.02,2.52
2021-06-26,25.64,33.48,17.03,0.0,20.98,1.97
2021-06-27,28.61,36.7,20.63,0.0,18.12,1.76
2021-06-28,30.46,38.89,22.88,0.0,14.97,2.05
2021-06-29,31.07,38.83,24.31,0.0,12.8,1.77
2021-06-30,31.12,39.42,21.3,0.31,16.15,2.17
2021-07-01,31.62,40.22,22.49,0.0,20.79,2.64
2021-07-02,32.82,39.47,26.13,0.0,17.95,1.57
2021-07-03,32.63,39.78,24.04,0.15,21.0,2.12
2021-07-04,33.36,39.99,26.66,0.0,20.98,2.41
2021-07-05,34.16,41.7,27.09,0.04,21.69,1.98
2021-07-06,33.15,40.65,24.56,0.28,23.21,2.03
2021-07-07,34.28,41.72,25.61,0.0,19.44,2.05
2021-07-08,35.66,43.73,25.53,0.0,16.53,2.18
2021-07-09,31.85,37.33,25.83,0.0,23.12,3.11
2021-07-10,28.5,34.96,23.02,0.0,21.74,2.77
2021-07-11,27.07,32.56,22.33,0.0,28.79,1.85
2021-07-12,28.43,34.72,22.26,0.1,25.5,2.0
2021-07-13,28.33,33.88,22.2,0.93,26.11,2.62
2021-07-14,27.63,33.81,22.12,0.57,30.37,2.55
2021-07-15,25.16,31.16,19.83,4.42,27.87,2.19
2021-07-16,25.55,32.96,19.55,0.6,31.17,1.96
2021-07-17,26.98,34.96,19.35,0.0,23.09,2.16
2021-07-18,28.83,36.54,20.92,0.13,19.96,2.16
2021-07-19,29.75,37.97,21.42,0.0,18.5,2.05
2021-07-20,30.23,38.28,22.55,0.0,21.25,2.47
2021-07-21,29.06,35.76,22.64,0.79,25.5,2.33
2021-07-22,28.54,35.43,21.68,0.0,22.73,1.76
2021-07-23,30.26,38.46,22.31,0.0,17.42,1.61
2021-07-24,32.85,41.23,24.62,0.0,13.56,2.09
2021-07-25,34.43,43.27,25.65,0.0,13.46,2.52
2021-07-26,34.16,42.28,25.39,0.0,18.43,3.82
2021-07-27,31.27,39.04,24.06,0.0,24.53,3.16
2021-07-28,29.73,37.82,21.76,0.0,22.5,2.28
2021-07-29,29.4,36.88,22.54,0.0,20.45,2.59
2021-07-30,27.91,34.39,21.91,0.0,21.87,2.5
2021-07-31,29.72,37.04,20.82,0.0,19.95,1.9
2021-08-01,30.23,36.39,24.25,0.0,17.77,1.86
2021-08-02,30.36,37.53,23.33,0.0,18.17,1.94
2021-08-03,31.17,38.89,23.31,0.01,22.53,2.18
2021-08-04,30.64,38.56,21.8,0.08,23.48,1.91
2021-08-05,30.87,38.04,24.02,0.16,24.04,2.36
2021-08-06,30.43,37.75,23.08,0.0,23.9,2.02
2021-08-07,31.26,38.96,23.54,0.0,19.16,2.1
2021-08-08,31.83,39.07,25.16,0.0,17.2,1.99
2021-08-09,29.49,36.01,20.94,0.0,16.49,2.81
2021-08-10,27.1,35.71,18.88,0.0,16.47,1.97
2021-08-11,28.74,36.33,22.15,0.0,16.07,1.86
2021-08-12,28.45,35.52,22.51,0.0,20.27,2.53
2021-08-13,25.31,31.5,19.61,0.0,25.07,2.37
2021-08-14,23.85,30.7,16.66,0.0,26.68,2.52
2021-08-15,22.17,29.03,15.55,0.0,30.52,2.6
2021-08-16,22.87,31.23,14.77,0.0,27.51,2.2
2021-08-17,24.4,33.28,16.34,0.0,23.58,1.8
2021-08-18,25.71,33.74,18.31,0.0,16.77,1.85
2021-08-19,26.67,35.38,17.94,0.0,15.85,1.63
2021-08-20,27.84,35.57,19.77,0.0,17.55,2.0
2021-08-21,30.21,37.5,23.54,0.0,19.51,1.99
2021-08-22,29.67,37.28,22.45,0.0,21.54,2.18
2021-08-23,30.19,37.21,24.63,0.0,20.05,2.02
2021-08-24,29.61,35.53,24.81,0.06,19.8,1.54
2021-08-25,29.23,36.23,22.11,0.0,19.74,1.9
2021-08-26,28.92,36.16,23.39,0.0,17.01,2.4
2021-08-27,28.58,35.96,22.03,0.0,15.71,2.37
2021-08-28,28.43,35.28,22.69,0.0,17.97,2.08
2021-08-29,28.25,35.19,22.55,0.0,19.84,2.02
2021-08-30,28.52,34.9,22.51,0.01,17.57,1.76
2021-08-31,25.71,32.46,20.15,0.01,23.74,2.5
2021-09-01,24.75,31.75,19.24,0.0,25.78,2.15
2021-09-02,24.84,32.76,18.3,0.0,19.47,2.11
2021-09-03,25.97,33.98,18.55,0.0,14.64,1.78
2021-09-04,26.27,34.77,19.86,0.0,10.65,1.88
2021-09-05,27.25,35.86,20.92,0.0,9.24,2.43
2021-09-06,26.43,36.4,18.31,0.0,14.13,2.28
2021-09-07,27.1,36.01,18.92,0.0,15.02,2.04
2021-09-08,27.43,36.05,19.22,0.0,16.22,2.7
2021-09-09,23.68,30.94,17.12,0.0,24.77,2.88
2021-09-10,20.3,26.59,15.2,0.0,23.31,1.6
2021-09-11,20.34,27.67,14.75,0.0,17.52,1.84
2021-09-12,19.98,27.85,13.5,0.0,15.06,2.38
2021-09-13,21.08,28.95,14.45,0.0,17.84,1.88
2021-09-14,22.16,29.91,16.38,0.0,15.67,1.79
2021-09-15,24.41,32.75,16.65,0.0,14.62,1.74
2021-09-16,24.35,31.4,18.36,0.0,16.36,2.05
2021-09-17,24.7,33.89,17.5,0.0,13.19,1.67
2021-09-18,26.09,34.23,18.89,0.0,11.9,1.86
2021-09-19,24.44,30.5,17.17,0.0,17.79,2.05
2021-09-20,21.8,30.04,15.72,0.0,21.85,1.84
2021-09-21,20.62,27.36,14.73,0.0,19.79,1.94
2021-09-22,19.57,27.48,13.77,0.0,17.05,1.88
2021-09-23,20.37,28.09,15.14,0.0,17.45,1.65
2021-09-24,21.17,29.53,15.76,0.0,17.26,1.72
2021-09-25,23.11,31.82,15.98,0.0,12.11,1.53
2021-09-26,26.24,35.94,19.59,0.0,9.28,1.79
2021-09-27,17.35,21.89,13.19,0.0,41.58,1.9
2021-09-28,18.99,26.07,13.32,0.0,33.21,1.66
2021-09-29,19.43,26.08,14.77,0.0,25.4,1.76
2021-09-30,17.83,24.38,11.87,0.0,32.96,2.41
2021-10-01,13.68,19.38,9.1,0.1,35.41,2.5
2021-10-02,11.22,17.49,6.14,0.41,30.3,2.24
2021-10-03,11.58,18.18,6.92,0.0,22.52,1.72
2021-10-04,10.65,18.0,4.12,0.0,20.34,1.66
2021-10-05,12.64,18.3,8.82,0.0,18.95,1.73
2021-10-06,12.34,17.98,7.93,0.28,35.54,1.22
2021-10-07,12.94,19.23,9.31,0.0,38.9,1.27
2021-10-08,13.11,17.74,9.81,0.48,48.77,1.49
2021-10-09,10.99,14.94,6.74,10.76,72.67,1.82
2021-10-10,7.64,12.34,3.16,0.86,62.9,2.03
2021-10-11,8.48,14.47,2.95,0.0,45.37,1.53
2021-10-12,9.93,17.98,4.05,0.0,39.64,1.9
2021-10-13,12.49,21.03,6.93,0.0,32.03,1.67
2021-10-14,13.83,20.92,10.0,0.0,28.92,1.31
2021-10-15,13.22,20.41,7.81,0.0,29.71,1.36
2021-10-16,13.2,19.83,9.51,0.0,26.66,1.37
2021-10-17,13.58,21.36,7.17,0.0,26.41,1.29
2021-10-18,13.78,20.24,9.01,0.0,28.14,1.4
2021-10-19,15.42,22.3,11.54,0.0,24.24,1.26
2021-10-20,15.3,21.94,11.06,0.0,26.63,2.0
2021-10-21,9.17,13.12,4.53,6.19,68.47,1.86
2021-10-22,4.5,8.55,0.61,1.33,66.57,1.54
2021-10-23,6.6,14.6,0.18,0.0,44.4,1.63
2021-10-24,10.74,18.67,6.48,0.0,36.55,1.52
2021-10-25,12.14,18.9,7.47,0.0,30.16,1.34
2021-10-26,10.21,16.74,5.02,0.0,41.78,1.79
2021-10-27,10.81,15.86,7.16,0.01,53.3,1.53
2021-10-28,8.32,10.84,5.35,4.08,80.56,1.79
2021-10-29,5.01,8.11,2.76,1.13,76.17,1.02
2021-10-30,7.96,14.62,3.3,0.0,45.16,1.25
2021-10-31,8.42,13.52,3.11,0.0,50.13,1.25
2021-11-01,7.08,13.32,2.9,0.0,54.97,1.15
2021-11-02,8.93,15.36,5.3,0.0,47.1,1.29
2021-11-03,7.97,13.06,5.33,0.0,51.03,1.11
2021-11-04,3.47,8.93,-3.34,0.02,60.95,1.32
2021-11-05,-0.44,6.32,-6.13,0.0,57.87,1.48
2021-11-06,2.29,9.97,-1.6,0.0,43.96,1.38
2021-11-07,3.84,10.56,-0.18,0.0,40.47,1.19
2021-11-08,3.3,6.48,1.55,0.0,44.46,0.65
2021-11-09,5.29,11.58,1.14,0.0,58.62,1.16
2021-11-10,6.34,12.87,0.95,0.0,59.03,1.18
2021-11-11,8.22,15.02,4.64,0.0,61.82,1.18
2021-11-12,7.54,14.99,3.62,0.0,45.21,1.96
2021-11-13,5.92,10.01,3.48,0.0,52.09,0.9
2021-11-14,3.56,6.69,0.38,1.91,65.07,2.07
2021-11-15,2.98,7.61,0.23,1.42,73.0,1.6
2021-11-16,7.18,13.2,1.68,0.0,45.16,1.21
2021-11-17,-0.69,7.05,-5.14,10.22,76.14,2.69
2021-11-18,-2.68,2.79,-5.72,0.0,58.03,1.02
2021-11-19,-0.5,6.08,-4.7,0.0,46.01,1.44
2021-11-20,3.84,10.04,-0.3,0.0,31.72,1.18
2021-11-21,6.92,14.19,3.3,0.0,34.36,1.09
2021-11-22,6.25,11.75,3.73,0.0,54.75,1.82
2021-11-23,9.34,16.59,4.88,0.0,54.49,1.34
2021-11-24,8.33,13.71,4.65,0.0,58.4,1.44
2021-11-25,8.91,15.51,4.63,1.64,74.02,1.99
2021-11-26,2.35,7.08,-1.63,2.44,78.46,1.23
2021-11-27,3.24,10.05,0.16,0.0,37.02,1.53
2021-11-28,5.69,11.55,2.06,0.0,27.22,0.87
2021-11-29,7.12,13.47,3.7,0.0,40.5,1.33
2021-11-30,8.45,14.96,4.36,0.0,49.85,1.31
2021-12-01,10.54,18.99,4.82,0.0,44.92,1.64
2021-12-02,13.92,23.13,7.23,0.0,34.85,2.08
2021-12-03,11.78,15.93,6.89,7.06,63.37,0.95
2021-12-04,7.29,10.81,4.93,0.0,86.39,0.98
2021-12-05,3.57,5.66,2.18,0.01,89.45,1.27
2021-12-06,5.18,9.44,1.99,0.0,70.79,1.15
2021-12-07,7.48,11.78,4.81,0.01,52.54,1.57
2021-12-08,4.69,10.44,1.72,0.01,64.28,1.54
2021-12-09,6.9,15.41,2.82,0.0,41.87,1.65
2021-12-10,8.6,17.26,3.61,0.0,33.88,1.45
2021-12-11,6.9,11.76,3.83,0.13,52.32,1.3
2021-12-12,4.29,7.72,2.12,1.44,87.79,1.16
2021-12-13,3.5,6.86,1.59,3.65,90.59,0.97
2021-12-14,0.67,2.54,-2.43,4.73,92.39,1.99
2021-12-15,-1.26,2.36,-2.95,0.58,86.92,1.09
2021-12-16,-0.36,5.26,-2.78,0.0,71.17,1.05
2021-12-17,3.13,9.76,-1.04,0.0,44.71,0.84
2021-12-18,6.99,14.05,3.27,0.0,32.16,1.42
2021-12-19,5.44,11.04,2.35,3.57,60.83,2.73
2021-12-20,6.38,12.2,2.85,1.59,77.3,1.8
2021-12-21,8.52,17.07,2.13,0.07,40.76,2.08
2021-12-22,7.83,11.74,3.44,1.26,69.16,2.68
2021-12-23,4.02,9.21,-0.01,0.95,75.51,1.89
2021-12-24,4.16,10.63,0.19,0.0,50.22,1.41
2021-12-25,5.46,8.53,3.45,0.06,59.92,1.05
2021-12-26,0.39,5.09,-3.85,13.89,88.67,1.47
2021-12-27,-3.95,0.03,-6.53,0.58,87.63,1.41
2021-12-28,-1.24,6.03,-5.63,0.0,57.16,1.32
2021-12-29,2.56,9.92,-1.58,0.0,40.79,1.34
2021-12-30,4.13,9.82,1.27,0.0,29.21,1.33
2021-12-31,4.69,7.19,3.48,0.0,52.66,1.56
2022-01-01,4.26,7.47,0.93,0.28,74.47,1.0
2022-01-02,4.38,9.79,0.25,1.02,81.14,1.78
2022-01-03,6.6,9.57,4.88,4.46,83.46,1.66
2022-01-04,3.74,6.65,0.72,9.24,88.87,1.82
2022-01-05,2.8,6.19,0.41,1.44,77.28,0.66
2022-01-06,2.14,3.83,-0.13,5.22,85.48,1.13
2022-01-07,-0.21,3.98,-3.06,2.42,89.61,1.35
2022-01-08,0.55,5.81,-2.48,0.0,73.63,1.03
2022-01-09,-0.15,4.98,-3.02,0.0,75.26,1.2
2022-01-10,0.89,5.48,-2.13,0.0,60.22,1.03
2022-01-11,2.45,8.81,-0.68,0.0,54.43,1.21
2022-01-12,5.48,11.9,0.93,0.05,50.47,1.42
2022-01-13,2.67,4.76,0.75,2.2,88.34,2.6
2022-01-14,6.64,12.78,1.55,1.57,70.89,2.77
2022-01-15,7.48,9.07,5.39,4.29,80.78,2.95
2022-01-16,7.12,9.06,5.49,5.53,89.8,2.03
2022-01-17,3.26,5.45,2.03,11.66,90.68,0.85
2022-01-18,5.03,10.56,1.43,0.79,78.82,1.7
2022-01-19,1.83,4.88,-2.97,6.04,80.19,3.6
2022-01-20,0.44,7.17,-3.44,0.39,59.77,1.46
2022-01-21,3.76,9.7,-1.68,0.0,39.43,1.21
2022-01-22,-2.32,-0.34,-4.03,0.06,83.8,1.7
2022-01-23,-2.0,1.66,-3.86,0.13,84.95,1.63
2022-01-24,-0.73,4.54,-3.73,0.0,72.44,1.14
2022-01-25,-0.39,4.6,-3.39,0.0,62.12,0.98
2022-01-26,0.25,5.45,-2.66,0.0,55.18,0.99
2022-01-27,1.48,9.05,-2.56,0.0,46.81,1.58
2022-01-28,3.24,7.89,-0.3,2.49,60.42,2.1
2022-01-29,0.07,2.18,-1.48,1.66,84.09,2.31
2022-01-30,0.14,5.61,-2.5,0.0,63.28,1.46
2022-01-31,1.29,6.56,-1.48,0.0,64.16,1.1
2022-02-01,3.34,9.82,0.18,0.0,55.0,1.25
2022-02-02,3.4,8.97,0.66,0.01,55.55,1.41
2022-02-03,1.59,7.75,-1.91,0.02,64.23,1.6
2022-02-04,2.81,10.71,-1.92,0.0,45.14,1.54
2022-02-05,7.01,16.01,0.04,0.0,34.21,1.87
2022-02-06,3.35,8.41,-0.52,15.62,77.61,2.46
2022-02-07,0.25,2.75,-1.67,3.26,83.7,1.33
2022-02-08,0.0,1.88,-2.2,4.07,87.24,0.93
2022-02-09,-0.03,4.21,-3.17,2.31,74.18,1.07
2022-02-10,1.47,8.02,-4.09,0.0,60.03,1.47
2022-02-11,5.87,12.06,0.85,1.38,57.92,1.8
2022-02-12,1.17,4.74,-2.37,8.23,81.77,0.97
2022-02-13,1.34,5.74,-1.62,0.34,63.28,1.22
2022-02-14,-0.38,2.26,-3.85,2.17,79.2,1.97
2022-02-15,-2.22,3.35,-5.43,0.01,66.04,1.4
2022-02-16,-1.14,4.42,-4.32,0.0,61.17,1.15
2022-02-17,0.88,7.36,-2.63,0.0,50.12,1.23
2022-02-18,2.95,10.2,-2.76,0.0,46.64,1.5
2022-02-19,6.85,13.22,0.9,0.0,43.0,1.27
2022-02-20,7.78,13.77,3.01,0.0,62.26,1.39
2022-02-21,7.11,14.29,2.9,0.0,61.48,1.72
2022-02-22,6.82,12.14,2.9,0.0,52.96,1.69
2022-02-23,6.21,11.58,2.12,0.0,66.89,1.38
2022-02-24,6.49,11.6,3.14,0.01,69.14,1.41
2022-02-25,6.31,12.1,1.91,0.0,67.8,1.44
2022-02-26,7.32,12.73,3.1,0.0,60.77,1.22
2022-02-27,8.76,16.53,2.64,0.0,56.01,1.6
2022-02-28,8.38,12.17,5.63,1.89,67.12,1.67
2022-03-01,6.04,9.9,3.1,2.43,79.58,1.8
2022-03-02,6.57,12.01,3.11,0.04,63.15,1.08
2022-03-03,8.76,14.63,4.76,0.0,49.57,1.27
2022-03-04,11.83,18.51,5.71,0.27,55.74,1.79
2022-03-05,9.0,12.19,5.4,5.39,79.96,3.19
2022-03-06,8.47,14.68,4.07,4.57,62.5,1.74
2022-03-07,6.33,12.43,2.42,10.47,80.29,1.84
2022-03-08,5.32,9.0,1.64,1.67,79.41,1.04
2022-03-09,7.0,9.63,4.46,14.88,84.62,1.26
2022-03-10,9.52,17.09,2.33,4.42,64.54,1.49
2022-03-11,10.75,12.85,8.59,11.96,84.27,2.95
2022-03-12,11.04,14.49,6.88,23.7,86.46,1.76
2022-03-13,11.24,14.25,7.85,12.88,82.23,1.21
2022-03-14,9.95,16.08,6.15,7.37,79.24,1.75
2022-03-15,6.27,8.36,3.81,15.22,91.53,1.62
2022-03-16,8.94,15.15,3.75,3.05,82.78,1.05
2022-03-17,8.72,12.94,1.76,17.63,90.04,1.8
2022-03-18,0.77,3.89,-3.9,13.03,86.25,1.79
2022-03-19,-0.52,4.89,-4.63,0.01,74.99,1.67
2022-03-20,0.95,6.92,-4.12,0.0,69.9,1.65
2022-03-21,4.25,8.96,0.44,1.12,68.83,1.76
2022-03-22,5.61,10.82,1.49,2.48,80.12,1.43
2022-03-23,2.32,3.66,-0.48,11.55,88.62,1.58
2022-03-24,1.77,5.59,-1.28,8.46,86.54,1.46
2022-03-25,7.52,16.69,-1.59,1.19,64.99,1.53
2022-03-26,9.06,12.64,4.94,5.16,80.87,2.18
2022-03-27,5.66,10.21,2.08,1.66,75.77,1.83
2022-03-28,8.11,13.86,2.49,0.0,56.75,1.36
2022-03-29,3.54,7.07,-1.97,4.25,71.78,2.48
2022-03-30,6.14,14.32,-2.09,0.0,57.24,1.65
2022-03-31,11.12,19.05,3.39,0.0,49.38,1.47
2022-04-01,13.85,20.33,9.44,0.0,50.93,1.53
2022-04-02,12.98,18.3,8.97,0.0,53.9,1.6
2022-04-03,14.49,21.92,6.38,0.0,51.41,1.32
2022-04-04,18.04,24.54,12.07,0.0,46.21,1.19
2022-04-05,19.13,24.81,13.86,0.0,45.84,1.41
2022-04-06,18.81,26.28,13.24,0.0,54.89,2.01
2022-04-07,19.37,24.29,13.92,0.0,60.05,1.54
2022-04-08,17.83,24.09,13.43,0.04,60.25,1.94
2022-04-09,18.56,23.45,12.7,0.88,67.45,1.84
2022-04-10,19.97,26.51,13.49,0.0,67.83,1.39
2022-04-11,20.81,27.74,16.56,0.0,67.54,1.81
2022-04-12,16.81,21.11,12.71,0.0,73.92,1.97
2022-04-13,17.18,22.72,12.11,0.0,66.67,1.38
2022-04-14,17.96,24.33,13.59,0.0,63.07,1.84
2022-04-15,18.59,24.3,13.97,0.0,54.49,1.35
2022-04-16,19.0,25.59,11.6,0.0,53.94,1.45
2022-04-17,21.3,26.63,15.96,0.0,50.0,1.42
2022-04-18,21.69,28.99,14.94,0.0,60.58,2.21
2022-04-19,18.3,23.16,13.91,0.47,78.18,1.44
2022-04-20,15.78,18.44,12.58,4.28,86.73,1.79
2022-04-21,15.16,20.11,10.06,0.4,79.86,1.53
2022-04-22,17.47,22.34,12.3,0.01,65.75,1.19
2022-04-23,18.43,24.02,12.43,0.04,62.56,1.29
2022-04-24,16.1,19.59,13.87,4.1,80.94,1.51
2022-04-25,14.38,19.75,10.41,0.76,67.75,1.51
2022-04-26,16.71,23.08,11.29,0.0,51.31,1.35
2022-04-27,17.17,23.07,11.75,0.15,55.27,1.65
2022-04-28,19.47,27.85,9.75,0.0,50.44,1.54
2022-04-29,22.45,29.47,18.08,0.0,48.37,1.65
2022-04-30,22.26,28.46,16.0,0.28,57.84,1.38
2022-05-01,23.26,29.51,17.39,0.0,57.67,2.47
2022-05-02,24.72,31.12,19.35,0.03,59.33,1.54
2022-05-03,20.04,22.1,16.81,3.17,85.27,0.9
2022-05-04,17.11,19.37,15.02,1.13,85.62,0.88
2022-05-05,18.76,23.94,14.0,1.54,70.19,1.78
2022-05-06,21.08,27.04,15.02,0.0,58.41,1.35
2022-05-07,22.04,28.5,15.48,0.0,56.11,1.32
2022-05-08,24.34,31.82,17.61,0.0,51.81,1.47
2022-05-09,25.13,32.93,18.82,1.58,53.57,2.11
2022-05-10,17.91,20.23,14.61,15.43,83.18,1.61
2022-05-11,18.08,23.42,13.51,0.18,67.06,2.17
2022-05-12,19.38,25.84,12.65,0.06,58.11,1.63
2022-05-13,18.74,25.85,13.64,1.64,64.82,1.73
2022-05-14,16.94,20.99,12.91,7.36,69.63,1.83
2022-05-15,17.93,24.08,11.47,0.51,62.7,1.92
2022-05-16,20.36,25.91,14.49,0.0,53.0,1.31
2022-05-17,22.12,27.94,15.18,0.0,46.63,1.31
2022-05-18,19.41,26.2,15.66,0.21,65.3,1.88
2022-05-19,21.53,27.95,15.22,0.03,58.13,2.18
2022-05-20,20.66,26.0,15.28,0.02,64.09,1.26
2022-05-21,22.47,29.34,15.25,0.71,53.04,2.46
2022-05-22,12.6,15.01,8.86,14.42,74.76,2.52
2022-05-23,15.29,21.36,7.67,0.0,55.36,0.95
2022-05-24,19.63,27.6,11.58,0.0,51.87,1.28
2022-05-25,24.0,31.93,16.06,0.0,42.18,1.4
2022-05-26,25.48,31.61,19.19,0.0,43.17,1.95
2022-05-27,19.75,25.5,14.17,4.17,66.06,2.46
2022-05-28,15.94,21.28,10.74,1.77,66.7,2.37
2022-05-29,15.48,21.83,9.1,0.0,58.97,3.1
2022-05-30,16.37,23.35,8.66,0.0,59.76,1.42
2022-05-31,19.84,27.09,12.21,0.0,50.59,2.18
2022-06-01,22.38,30.35,14.05,0.0,45.31,1.69
2022-06-02,23.81,31.44,15.63,0.0,42.25,1.97
2022-06-03,23.48,30.74,15.76,0.49,44.41,2.04
2022-06-04,22.33,28.96,15.59,0.02,46.16,2.11
2022-06-05,22.97,30.55,15.03,0.0,38.03,2.14
2022-06-06,24.83,32.48,17.43,0.0,36.81,1.55
2022-06-07,26.94,34.15,19.66,0.0,34.01,1.35
2022-06-08,27.6,35.18,18.89,0.0,34.05,1.88
2022-06-09,28.25,35.7,19.33,0.01,33.94,1.55
2022-06-10,27.99,35.66,20.79,0.39,36.79,1.89
2022-06-11,28.13,36.37,20.92,0.56,38.4,2.7
2022-06-12,24.5,30.11,19.31,0.87,51.74,1.25
2022-06-13,25.77,32.03,19.32,0.34,41.82,1.49
2022-06-14,27.64,34.38,19.16,0.0,37.14,1.48
2022-06-15,28.73,35.45,21.99,0.08,33.44,1.84
2022-06-16,29.37,35.83,23.31,0.0,30.08,2.0
2022-06-17,28.33,35.36,20.37,2.22,34.05,1.66
2022-06-18,28.82,35.76,22.82,0.0,29.75,1.74
2022-06-19,28.73,36.07,20.52,0.11,25.32,2.27
2022-06-20,21.55,23.38,18.59,8.51,62.05,1.87
2022-06-21,21.26,25.44,16.82,0.01,59.66,1.42
2022-06-22,25.63,33.7,17.84,0.12,47.6,1.47
2022-06-23,26.06,31.68,20.5,1.41,50.7,1.34
2022-06-24,28.67,35.72,21.06,0.0,38.24,1.62
2022-06-25,30.72,38.12,23.49,0.0,32.85,1.69
2022-06-26,32.16,39.63,24.88,0.0,28.56,1.8
2022-06-27,32.2,39.65,24.1,0.0,24.96,2.65
2022-06-28,32.3,40.01,24.25,0.0,24.76,2.84
2022-06-29,33.6,42.24,23.79,0.0,21.46,1.81
2022-06-30,31.34,38.34,23.28,0.0,20.88,3.2
2022-07-01,27.78,35.47,20.38,0.0,16.97,2.8
2022-07-02,28.77,36.87,19.28,0.0,16.51,2.2
2022-07-03,31.88,40.45,22.31,0.0,19.25,2.47
2022-07-04,30.78,37.71,23.8,0.01,24.18,3.41
2022-07-05,24.08,29.26,19.33,0.1,28.4,2.26
2022-07-06,25.83,33.22,16.91,0.0,22.11,1.79
2022-07-07,25.21,30.83,19.49,0.0,26.37,2.29
2022-07-08,25.12,32.44,17.43,0.0,24.31,2.77
2022-07-09,25.65,32.94,17.91,0.0,26.25,2.91
2022-07-10,26.75,34.47,18.89,0.0,25.17,2.21
2022-07-11,26.76,33.84,19.51,0.0,25.31,2.44
2022-07-12,26.88,33.72,19.44,0.0,27.04,2.24
2022-07-13,28.67,36.19,20.08,0.0,24.5,1.51
2022-07-14,30.13,37.63,21.67,0.0,20.82,1.92
2022-07-15,31.07,38.99,22.19,0.0,18.42,2.19
2022-07-16,32.11,39.99,23.67,0.0,13.3,2.27
2022-07-17,32.41,41.51,23.24,0.0,13.05,2.49
2022-07-18,32.7,41.26,24.03,0.0,17.12,3.45
2022-07-19,31.27,39.94,22.49,0.0,22.05,4.13
2022-07-20,32.94,41.85,23.15,0.0,15.78,2.5
2022-07-21,34.05,42.88,25.08,0.0,11.62,2.07
2022-07-22,34.98,43.58,25.37,0.0,10.25,1.78
2022-07-23,34.73,43.57,25.83,0.0,12.11,1.86
2022-07-24,34.63,42.88,25.89,0.0,16.79,2.68
2022-07-25,34.59,42.42,26.86,0.0,15.29,2.7
2022-07-26,34.5,43.35,25.64,0.0,15.72,2.69
2022-07-27,33.4,40.21,26.07,0.0,20.79,3.58
2022-07-28,30.36,35.84,24.75,0.0,24.23,3.16
2022-07-29,29.46,36.02,22.42,0.0,26.51,3.15
2022-07-30,27.99,33.86,22.19,0.02,25.93,2.97
2022-07-31,27.4,33.89,21.11,0.0,23.09,2.53
2022-08-01,27.23,33.95,20.07,0.0,27.74,2.48
2022-08-02,26.88,33.03,21.34,0.54,34.83,1.95
2022-08-03,26.91,33.64,19.89,0.14,33.16,1.76
2022-08-04,27.64,33.86,22.12,1.24,27.13,2.2
2022-08-05,27.9,34.95,21.08,0.0,27.68,2.57
2022-08-06,28.6,35.48,21.53,0.0,24.24,2.62
2022-08-07,28.24,34.81,22.02,0.0,26.04,2.91
2022-08-08,28.15,34.76,22.06,0.01,27.05,2.29
2022-08-09,27.96,34.62,22.52,0.0,23.6,2.6
2022-08-10,26.59,32.79,20.31,0.04,22.91,2.66
2022-08-11,25.88,33.43,18.57,0.0,24.16,2.56
2022-08-12,26.94,34.9,18.92,0.0,26.77,2.63
2022-08-13,28.4,36.81,20.58,0.0,23.97,2.1
2022-08-14,29.93,37.85,21.6,0.0,20.5,2.02
2022-08-15,30.82,38.56,22.82,0.0,18.12,2.05
2022-08-16,30.23,38.18,22.42,0.0,20.59,2.56
2022-08-17,28.58,37.36,20.99,0.0,20.45,2.39
2022-08-18,26.63,34.85,19.55,0.0,15.5,2.15
2022-08-19,26.37,35.35,18.64,0.0,16.06,3.08
2022-08-20,22.36,30.47,14.91,0.0,22.69,3.08
2022-08-21,21.03,29.74,13.36,0.0,20.22,2.49
2022-08-22,22.81,31.74,13.8,0.0,15.01,1.87
2022-08-23,23.5,31.21,15.12,0.0,12.89,2.0
2022-08-24,23.57,32.13,15.86,0.0,13.89,2.3
2022-08-25,24.0,31.63,16.73,0.0,16.17,2.5
2022-08-26,24.62,32.16,18.23,0.0,19.2,2.12
2022-08-27,25.67,32.58,19.34,0.0,19.7,1.65
2022-08-28,25.06,32.4,17.11,0.0,18.76,1.79
2022-08-29,25.47,33.2,17.33,0.0,18.53,1.77
2022-08-30,25.39,33.25,18.35,0.0,18.93,2.59
2022-08-31,24.75,33.49,16.53,0.0,15.76,1.97
2022-09-01,26.45,35.07,18.83,0.0,13.78,1.72
2022-09-02,27.28,36.45,18.93,0.0,12.85,2.07
2022-09-03,27.96,36.98,20.0,0.0,13.96,2.3
2022-09-04,28.33,37.0,20.61,0.0,14.32,2.35
2022-09-05,28.7,36.36,21.2,0.0,15.0,2.16
2022-09-06,29.21,36.38,22.33,0.0,12.91,1.86
2022-09-07,29.08,37.55,21.88,0.0,14.41,2.12
2022-09-08,25.79,32.87,19.64,0.0,22.12,2.27
2022-09-09,25.35,31.96,19.55,0.0,21.15,1.87
2022-09-10,26.54,32.59,21.12,0.0,22.89,1.79
2022-09-11,17.82,21.84,12.04,0.0,31.65,3.0
2022-09-12,16.33,23.79,9.42,0.13,22.86,2.59
2022-09-13,19.35,27.67,11.83,0.0,15.92,1.71
2022-09-14,22.26,30.46,16.35,0.0,12.19,1.51
2022-09-15,23.28,31.18,17.34,0.0,12.89,1.74
2022-09-16,23.19,30.45,17.28,0.0,13.78,2.33
2022-09-17,23.75,30.85,17.78,0.0,20.96,2.71
2022-09-18,23.49,30.31,18.82,0.0,23.08,1.88
2022-09-19,24.35,31.83,18.96,0.0,20.27,1.64
2022-09-20,24.9,32.81,17.57,0.0,20.49,1.79
2022-09-21,25.0,32.65,19.51,0.0,20.96,2.18
2022-09-22,25.09,32.37,20.41,0.0,18.88,1.65
2022-09-23,24.55,31.98,18.13,0.0,15.69,1.71
2022-09-24,24.04,31.88,17.35,0.0,17.41,1.93
2022-09-25,23.22,30.84,16.16,0.0,19.54,1.77
2022-09-26,23.13,31.59,16.09,0.0,21.78,2.34
2022-09-27,19.29,26.16,13.26,0.0,28.47,2.38
2022-09-28,16.46,23.31,11.09,0.0,24.19,2.05
2022-09-29,18.76,26.68,12.18,0.0,21.85,1.66
2022-09-30,19.04,25.55,13.89,0.0,19.86,1.76
2022-10-01,17.24,24.16,12.54,0.0,19.96,1.71
2022-10-02,16.26,23.1,10.65,0.0,22.54,1.5
2022-10-03,16.36,22.5,12.2,0.07,24.36,1.52
2022-10-04,16.53,23.59,10.68,0.0,20.35,1.86
2022-10-05,15.15,22.18,9.97,0.0,17.9,1.37
2022-10-06,15.72,24.37,8.45,0.0,15.65,1.87
2022-10-07,16.47,23.68,10.69,0.0,18.25,1.76
2022-10-08,17.04,23.92,11.69,0.0,18.32,1.76
2022-10-09,15.25,22.73,9.86,0.0,20.95,2.43
2022-10-10,14.12,23.02,7.4,0.0,23.4,1.71
2022-10-11,16.85,25.84,10.18,0.0,13.86,1.8
2022-10-12,16.72,24.13,12.51,0.0,11.0,1.6
2022-10-13,17.61,25.68,11.73,0.0,12.05,1.53
2022-10-14,18.61,25.99,13.72,0.0,19.13,1.55
2022-10-15,19.43,26.51,14.79,0.0,26.2,1.48
2022-10-16,19.63,26.86,15.01,0.0,23.47,1.82
2022-10-17,16.01,20.68,13.44,0.73,49.0,1.9
2022-10-18,12.54,17.44,7.69,1.53,52.65,1.99
2022-10-19,8.01,12.28,2.86,3.11,47.66,2.01
2022-10-20,9.02,16.86,2.12,0.0,38.92,1.41
2022-10-21,14.95,23.11,8.11,0.0,24.64,1.52
2022-10-22,17.95,27.36,11.27,0.0,22.59,2.14
2022-10-23,9.56,12.09,7.14,7.83,73.26,1.86
2022-10-24,10.41,14.33,7.65,4.01,77.63,1.22
2022-10-25,12.04,17.5,7.46,6.36,78.77,1.71
2022-10-26,9.25,10.75,7.71,14.44,86.07,2.18
2022-10-27,8.75,12.87,5.51,0.73,71.86,1.49
2022-10-28,10.4,16.65,6.76,0.0,52.33,1.22
2022-10-29,12.99,18.11,8.2,1.54,63.36,1.52
2022-10-30,10.32,12.67,7.1,11.58,80.35,1.12
2022-10-31,8.99,14.18,5.84,0.51,64.83,1.22
2022-11-01,13.2,20.71,5.97,0.0,45.19,1.65
2022-11-02,10.08,12.24,6.09,16.41,80.33,1.79
2022-11-03,11.05,17.17,6.49,0.29,54.25,1.11
2022-11-04,10.1,13.18,7.79,6.09,84.06,1.4
2022-11-05,10.24,14.87,6.78,0.95,77.75,1.57
2022-11-06,10.12,14.29,7.58,1.25,69.36,1.29
2022-11-07,7.38,10.78,3.56,23.47,84.81,1.85
2022-11-08,2.04,3.51,-1.12,8.62,88.12,1.75
2022-11-09,1.31,7.87,-2.59,0.01,66.61,1.32
2022-11-10,4.24,11.28,0.09,0.0,44.36,1.35
2022-11-11,3.61,8.87,0.01,0.0,50.37,1.09
2022-11-12,4.05,9.91,0.37,0.0,53.4,1.01
2022-11-13,4.26,9.61,0.72,0.0,55.71,1.25
2022-11-14,5.2,9.23,0.93,0.12,67.4,2.89
2022-11-15,5.45,7.92,2.77,2.65,81.0,1.98
2022-11-16,0.41,2.65,-3.64,9.13,91.86,1.87
2022-11-17,3.27,9.82,-4.04,0.0,55.92,1.36
2022-11-18,8.65,15.55,4.67,2.53,62.61,2.38
2022-11-19,7.36,10.22,5.37,13.05,90.6,1.34
2022-11-20,7.67,11.07,4.29,0.49,85.79,1.97
2022-11-21,6.89,11.51,4.03,0.52,83.8,1.96
2022-11-22,6.68,9.65,5.0,4.06,85.55,2.42
2022-11-23,10.73,17.49,6.24,0.01,59.36,1.23
2022-11-24,11.59,17.72,7.73,0.0,55.07,1.49
2022-11-25,9.47,14.22,6.7,0.0,61.5,1.06
2022-11-26,7.25,11.95,4.48,0.0,60.31,1.02
2022-11-27,8.18,14.63,3.71,0.0,49.03,1.1
2022-11-28,7.97,14.25,4.08,2.98,71.47,1.49
2022-11-29,5.94,9.85,3.52,4.8,84.72,1.36
2022-11-30,4.84,8.83,0.1,6.6,86.29,2.08
2022-12-01,-0.54,3.88,-3.67,0.94,74.93,0.95
2022-12-02,-2.52,2.71,-5.36,0.0,66.51,0.99
2022-12-03,-1.96,2.63,-4.63,0.0,60.74,1.3
2022-12-04,-2.35,0.74,-4.34,0.71,70.8,0.54
2022-12-05,-5.94,-2.91,-9.24,7.06,81.62,1.19
2022-12-06,-5.3,-0.69,-8.19,0.32,71.28,1.04
2022-12-07,-3.31,0.31,-5.72,2.35,78.34,0.88
2022-12-08,-5.73,-1.44,-8.58,1.98,82.75,1.05
2022-12-09,-8.82,-3.98,-11.78,1.08,80.57,1.38
2022-12-10,-5.96,0.44,-11.08,0.0,52.46,0.99
2022-12-11,-2.58,3.29,-7.31,0.0,58.22,0.7
2022-12-12,-1.47,3.15,-3.57,0.0,66.49,0.76
2022-12-13,-0.51,3.57,-3.75,0.0,67.21,1.08
2022-12-14,4.33,8.39,0.37,0.0,56.36,1.14
2022-12-15,5.95,12.23,3.38,0.0,60.96,1.49
2022-12-16,6.93,12.47,3.76,0.0,53.73,1.28
2022-12-17,4.46,9.0,0.16,0.0,65.25,1.0
2022-12-18,2.62,7.55,0.28,0.0,61.14,0.68
2022-12-19,2.25,6.9,-0.62,0.0,65.18,0.96
2022-12-20,2.05,6.92,-0.4,0.0,75.73,1.04
2022-12-21,-1.17,3.03,-3.86,0.91,89.87,1.78
2022-12-22,-2.22,2.75,-4.86,0.1,75.31,1.88
2022-12-23,-5.64,-1.27,-10.27,27.73,69.15,1.11
2022-12-24,-4.99,0.14,-8.46,0.0,60.39,0.97
2022-12-25,-0.62,4.32,-4.07,0.0,37.89,1.08
2022-12-26,1.71,5.36,-1.2,0.0,37.76,1.15
2022-12-27,4.22,6.84,1.58,0.0,44.73,0.9
2022-12-28,0.42,2.4,-1.26,0.26,77.18,0.85
2022-12-29,-0.74,2.26,-3.32,0.28,94.47,1.44
2022-12-30,-0.27,3.83,-4.03,0.04,77.56,1.3
2022-12-31,-2.54,-0.9,-6.45,3.68,89.99,1.47
2023-01-01,-2.03,3.42,-5.73,0.0,56.42,1.07
2023-01-02,-1.55,2.1,-3.96,0.0,70.46,2.0
2023-01-03,-1.38,-0.51,-3.7,10.97,84.62,3.61
2023-01-04,1.16,3.24,-0.89,2.36,89.94,1.96
2023-01-05,4.64,9.3,1.03,0.0,65.97,1.75
2023-01-06,2.48,4.09,1.21,4.31,87.25,1.79
2023-01-07,4.95,9.64,2.13,3.11,89.16,1.84
2023-01-08,4.38,9.47,2.12,1.68,84.34,1.61
2023-01-09,1.06,3.91,-1.94,6.79,86.34,0.79
2023-01-10,-7.16,-2.1,-14.61,20.4,96.3,2.09
2023-01-11,-18.23,-13.9,-22.2,0.61,95.09,1.55
2023-01-12,-20.8,-13.99,-25.06,0.0,88.81,1.46
2023-01-13,-19.73,-14.1,-22.93,0.0,92.54,1.05
2023-01-14,-17.49,-10.61,-21.93,0.0,86.36,0.86
2023-01-15,-13.19,-6.65,-17.48,0.0,75.53,0.74
2023-01-16,-9.13,-2.86,-13.4,0.0,64.17,0.89
2023-01-17,-7.28,-0.98,-12.89,0.0,59.56,0.75
2023-01-18,-3.06,1.7,-6.82,0.0,44.62,1.04
2023-01-19,-3.44,0.81,-5.27,0.0,51.53,0.89
2023-01-20,-4.81,-0.09,-8.16,0.0,61.74,0.98
2023-01-21,-5.74,0.16,-8.96,0.0,70.84,1.01
2023-01-22,-7.29,-1.88,-10.08,0.0,84.54,1.34
2023-01-23,-6.99,-1.72,-10.27,0.0,84.13,1.24
2023-01-24,-6.11,-1.25,-8.51,0.0,78.94,1.04
2023-01-25,-5.53,-0.77,-8.26,0.0,77.42,1.12
2023-01-26,-3.62,0.94,-6.46,0.0,76.63,0.99
2023-01-27,-1.81,3.45,-6.46,0.0,68.74,0.82
2023-01-28,-0.25,4.88,-3.85,0.0,61.29,0.91
2023-01-29,0.23,3.36,-1.98,0.0,64.19,0.87
2023-01-30,1.98,5.29,-1.1,0.09,60.42,0.86
2023-01-31,1.96,5.15,-0.34,1.2,82.01,1.56
2023-02-01,4.39,9.27,0.28,0.09,79.87,1.92
2023-02-02,4.07,9.2,0.9,11.83,93.98,2.27
2023-02-03,4.44,9.85,0.13,1.17,76.47,1.39
2023-02-04,4.4,9.34,-0.14,7.81,85.3,1.74
2023-02-05,3.43,8.53,-0.31,3.42,78.07,1.39
2023-02-06,1.96,6.65,-0.52,0.0,58.72,1.31
2023-02-07,4.1,11.94,-0.6,0.0,56.64,1.6
2023-02-08,4.97,11.85,0.9,0.78,61.58,2.01
2023-02-09,0.4,4.46,-6.9,14.63,93.04,3.0
2023-02-10,-6.06,-2.7,-8.4,0.34,77.31,1.32
2023-02-11,-5.35,-2.09,-8.04,0.0,69.27,2.69
2023-02-12,-3.24,2.31,-7.81,0.0,62.89,1.36
2023-02-13,1.52,5.02,-1.88,0.02,56.56,0.72
2023-02-14,2.42,7.3,-0.56,0.43,81.34,1.64
2023-02-15,2.39,7.24,-0.64,5.53,84.48,1.19
2023-02-16,3.54,6.19,1.41,19.5,95.5,1.09
2023-02-17,4.23,8.24,0.65,11.7,92.11,1.94
2023-02-18,1.84,6.23,-1.59,0.44,83.28,1.63
2023-02-19,3.8,9.12,-1.05,0.0,66.56,1.18
2023-02-20,6.86,12.22,2.15,0.04,66.41,1.82
2023-02-21,8.69,15.75,4.18,0.26,63.05,2.3
2023-02-22,8.71,14.55,5.44,0.46,65.78,2.17
2023-02-23,9.33,16.34,3.57,0.1,61.56,2.25
2023-02-24,9.98,16.01,6.15,0.07,64.82,1.61
2023-02-25,0.12,4.9,-4.16,4.88,89.94,2.05
2023-02-26,2.08,8.53,-4.19,0.0,72.18,1.23
2023-02-27,5.77,12.64,1.6,0.0,57.2,1.59
2023-02-28,6.47,13.41,1.72,0.0,54.89,1.31
2023-03-01,8.5,15.55,2.84,0.0,54.41,1.72
2023-03-02,10.25,17.51,3.8,0.0,55.75,2.39
2023-03-03,8.88,13.73,6.2,0.01,66.36,2.12
2023-03-04,11.65,17.91,6.74,0.14,67.56,1.88
2023-03-05,12.53,16.97,9.54,0.74,73.23,2.89
2023-03-06,10.77,16.18,7.77,4.05,83.73,2.94
2023-03-07,15.51,22.15,10.2,0.0,62.18,3.43
2023-03-08,9.88,13.53,6.15,1.46,74.13,2.65
2023-03-09,10.54,16.46,5.61,0.09,69.69,1.01
2023-03-10,16.14,23.9,7.77,0.01,66.68,1.59
2023-03-11,15.59,21.64,10.39,1.06,81.05,2.69
2023-03-12,10.24,12.39,6.64,21.24,89.19,1.23
2023-03-13,10.7,17.07,5.94,0.0,61.61,1.03
2023-03-14,12.6,18.6,8.83,0.0,53.15,1.15
2023-03-15,11.94,17.56,7.06,0.0,57.65,1.95
2023-03-16,11.33,18.45,5.69,0.0,57.49,1.7
2023-03-17,12.03,18.74,6.45,0.0,48.32,1.49
2023-03-18,11.48,18.3,5.59,0.0,56.63,1.47
2023-03-19,11.44,17.74,5.95,0.07,63.12,1.57
2023-03-20,11.11,16.21,7.92,3.36,85.27,1.5
2023-03-21,11.13,16.13,7.38,0.22,75.35,1.14
2023-03-22,11.85,17.29,7.92,0.0,62.26,1.41
2023-03-23,12.77,20.26,6.53,0.0,53.24,1.56
2023-03-24,13.15,20.26,7.04,0.0,55.94,1.66
2023-03-25,12.47,18.83,7.2,0.0,59.73,1.61
2023-03-26,12.66,19.74,6.67,0.0,56.68,1.55
2023-03-27,14.59,20.51,8.87,0.0,54.51,1.56
2023-03-28,16.67,22.64,10.63,0.0,51.93,1.41
2023-03-29,15.98,20.19,13.14,0.51,66.51,1.59
2023-03-30,15.7,20.26,11.24,1.57,72.75,1.41
2023-03-31,15.41,21.01,10.6,0.0,70.18,1.34
2023-04-01,15.54,20.93,10.78,0.01,72.44,1.36
2023-04-02,15.71,21.43,11.77,7.98,75.2,1.15
2023-04-03,12.47,17.22,8.85,2.47,82.9,1.42
2023-04-04,12.21,16.87,8.56,0.46,79.99,1.16
2023-04-05,7.87,9.43,5.46,3.14,90.36,2.14
2023-04-06,10.64,16.08,4.51,0.54,70.37,1.69
2023-04-07,11.85,15.81,8.92,5.43,75.14,2.05
2023-04-08,15.02,20.93,9.24,0.64,72.37,1.92
2023-04-09,15.64,21.68,10.27,0.12,62.12,1.92
2023-04-10,14.22,18.47,11.07,6.57,72.24,2.81
2023-04-11,12.18,15.79,9.51,1.5,73.2,1.15
2023-04-12,14.21,20.28,7.62,0.0,56.95,1.17
2023-04-13,19.86,27.35,12.19,0.0,55.76,1.69
2023-04-14,22.29,30.02,16.24,0.39,58.18,2.67
2023-04-15,15.53,19.25,10.73,3.82,76.05,1.39
2023-04-16,14.37,20.12,9.65,0.01,61.91,2.67
2023-04-17,8.02,11.6,2.66,0.21,65.97,2.17
2023-04-18,5.2,11.52,-0.34,0.0,64.29,2.17
2023-04-19,8.24,15.08,2.41,0.0,58.38,1.55
2023-04-20,9.91,16.55,4.41,0.0,59.27,1.56
2023-04-21,11.81,18.5,5.16,0.0,56.03,1.45
2023-04-22,14.39,21.91,8.08,0.0,50.61,1.35
2023-04-23,17.39,24.62,9.0,0.0,48.71,1.56
2023-04-24,16.39,22.92,11.29,0.0,63.41,2.55
2023-04-25,17.12,24.58,11.01,0.0,58.38,1.59
2023-04-26,17.19,23.73,10.92,0.0,52.1,1.35
2023-04-27,18.24,26.29,10.69,0.0,53.48,1.44
2023-04-28,19.57,26.38,11.8,0.0,46.33,1.59
2023-04-29,20.52,26.84,13.92,0.0,45.43,1.33
2023-04-30,20.49,27.37,14.8,0.0,48.23,1.51
2023-05-01,19.93,26.71,13.79,0.0,52.1,1.74
2023-05-02,18.19,25.79,11.01,0.0,54.91,1.72
2023-05-03,15.97,24.23,8.97,0.0,48.81,1.84
2023-05-04,13.58,21.77,7.0,0.0,43.72,2.12
2023-05-05,15.68,24.63,5.97,0.0,36.66,1.48
2023-05-06,11.77,15.07,7.42,0.01,63.65,2.18
2023-05-07,13.93,18.63,8.36,0.08,63.89,1.3
2023-05-08,15.92,22.17,7.71,0.0,51.39,1.26
2023-05-09,17.95,25.4,10.09,0.0,48.49,1.49
2023-05-10,20.85,29.05,11.92,0.0,42.37,1.41
2023-05-11,22.41,30.83,14.52,0.0,40.45,1.88
2023-05-12,22.56,29.2,16.74,0.21,53.84,2.1
2023-05-13,21.68,27.62,15.3,0.56,58.11,1.61
2023-05-14,22.35,29.76,15.77,0.37,49.75,2.05
2023-05-15,23.48,31.32,15.42,0.0,44.54,1.57
2023-05-16,22.02,28.81,17.06,0.01,53.57,2.1
2023-05-17,16.24,21.11,12.23,5.8,69.81,2.97
2023-05-18,16.44,21.19,11.43,2.57,69.42,1.34
2023-05-19,20.19,26.64,13.77,0.89,49.37,2.27
2023-05-20,20.75,27.49,14.6,0.04,45.28,2.13
2023-05-21,21.87,28.7,15.78,0.0,42.21,1.72
2023-05-22,22.41,29.87,15.35,0.0,40.78,2.35
2023-05-23,22.91,29.97,17.03,0.12,42.89,2.06
2023-05-24,20.73,27.44,13.66,0.0,41.71,2.38
2023-05-25,20.08,28.03,12.15,0.0,38.62,1.95
2023-05-26,20.54,27.85,12.89,0.07,37.58,2.04
2023-05-27,21.53,29.55,13.07,0.0,36.36,1.89
2023-05-28,22.36,30.08,15.04,0.0,37.09,1.51
2023-05-29,23.2,31.7,14.68,0.0,35.23,1.65
2023-05-30,24.08,32.66,15.28,0.0,33.13,2.03
2023-05-31,25.16,33.96,16.22,0.0,32.87,2.12
2023-06-01,25.62,33.99,17.06,0.0,30.83,1.81
2023-06-02,25.84,34.67,17.0,0.0,29.75,2.4
2023-06-03,26.22,34.39,17.69,0.0,23.73,1.85
2023-06-04,27.39,34.59,20.76,0.0,18.39,1.72
2023-06-05,27.67,35.28,19.19,0.0,19.54,1.63
2023-06-06,28.45,36.71,20.22,0.0,20.92,1.77
2023-06-07,29.4,37.72,20.19,0.0,21.0,2.11
2023-06-08,31.03,39.48,21.84,0.0,21.53,2.18
2023-06-09,30.76,37.67,22.89,0.0,24.2,3.72
2023-06-10,28.88,36.34,21.41,0.01,33.77,2.91
2023-06-11,29.91,37.7,22.07,0.02,31.46,1.68
2023-06-12,29.98,36.94,24.04,0.04,30.76,2.11
2023-06-13,30.43,37.15,24.34,0.02,29.93,1.89
2023-06-14,30.57,37.44,22.89,0.35,27.04,1.98
2023-06-15,30.75,38.25,23.32,0.0,23.95,1.97
2023-06-16,30.83,38.81,22.45,0.0,19.98,1.82
2023-06-17,31.06,38.89,22.65,0.0,15.65,1.96
2023-06-18,30.45,40.0,23.0,0.02,19.44,2.76
2023-06-19,30.69,38.39,22.84,0.31,29.12,3.14
2023-06-20,28.08,34.35,21.92,0.47,38.07,1.85
2023-06-21,28.56,35.16,21.72,0.01,21.94,2.35
2023-06-22,27.35,34.01,20.79,0.0,18.11,2.57
2023-06-23,26.76,34.36,18.77,0.0,17.2,2.41
2023-06-24,26.29,33.25,19.57,0.0,17.36,2.88
2023-06-25,25.76,33.8,18.05,0.01,18.5,2.71
2023-06-26,26.17,33.62,18.21,0.03,20.6,1.77
2023-06-27,27.89,35.53,20.13,0.0,17.75,1.87
2023-06-28,27.27,34.33,19.44,0.0,21.17,3.04
2023-06-29,25.74,33.3,18.72,0.0,17.21,1.94
2023-06-30,26.58,34.29,18.94,0.0,19.65,1.71
2023-07-01,29.06,37.33,18.69,0.0,17.29,1.53
2023-07-02,31.48,38.33,24.74,0.0,14.08,2.22
2023-07-03,28.62,36.12,20.38,0.0,23.43,3.59
2023-07-04,27.95,34.48,21.35,0.0,23.23,3.23
2023-07-05,27.6,33.72,20.71,0.01,26.35,2.59
2023-07-06,27.73,33.82,22.52,0.67,29.25,2.27
2023-07-07,26.47,32.48,19.94,2.76,32.64,2.05
2023-07-08,26.69,33.65,18.79,0.02,29.72,1.76
2023-07-09,28.43,36.15,19.9,0.0,24.8,2.11
2023-07-10,29.56,37.71,20.99,0.0,21.1,2.03
2023-07-11,31.79,40.66,22.4,0.0,16.44,1.81
2023-07-12,33.3,42.14,23.94,0.0,13.18,2.16
2023-07-13,33.41,42.0,23.78,0.0,13.38,2.56
2023-07-14,31.48,39.28,24.66,0.0,17.56,2.67
2023-07-15,29.23,37.17,21.53,0.0,18.89,3.32
2023-07-16,29.86,38.32,21.14,0.0,17.03,1.7
2023-07-17,31.28,39.13,22.89,0.0,16.15,2.09
2023-07-18,32.78,40.27,24.56,0.0,16.45,3.13
2023-07-19,30.7,38.47,23.47,0.0,25.83,3.57
2023-07-20,29.87,36.88,22.56,0.0,30.05,2.98
2023-07-21,30.18,37.28,23.29,0.0,22.97,2.68
2023-07-22,31.5,39.53,22.46,0.0,22.03,1.78
2023-07-23,31.8,38.99,24.29,0.0,21.18,1.89
2023-07-24,32.7,40.14,24.98,0.08,23.05,1.72
2023-07-25,33.65,41.41,26.11,0.0,19.63,1.96
2023-07-26,34.19,41.97,26.11,0.02,15.14,2.1
2023-07-27,34.27,43.08,26.77,0.0,18.7,3.49
2023-07-28,31.6,37.85,25.37,0.0,28.06,3.24
2023-07-29,30.96,38.13,23.21,0.0,23.08,1.74
2023-07-30,31.51,38.77,23.84,0.0,20.69,2.58
2023-07-31,31.88,39.01,24.44,0.0,19.31,3.32
2023-08-01,31.99,39.84,24.6,0.0,19.08,2.78
2023-08-02,31.51,39.28,23.78,0.0,21.13,2.96
2023-08-03,31.13,39.19,23.92,0.0,17.71,2.66
2023-08-04,30.06,38.26,22.22,0.0,17.69,2.24
2023-08-05,30.59,38.27,23.82,0.0,19.28,2.18
2023-08-06,26.13,30.37,21.84,0.38,34.25,2.21
2023-08-07,26.28,31.72,20.03,5.22,38.03,1.32
2023-08-08,27.75,33.86,21.63,2.5,36.48,2.25
2023-08-09,29.0,35.89,22.07,0.01,33.66,2.12
2023-08-10,29.59,36.55,22.84,0.0,29.9,1.75
2023-08-11,27.53,33.49,21.43,0.0,29.33,2.08
2023-08-12,24.66,31.18,18.18,0.0,31.09,2.71
2023-08-13,22.26,29.66,15.46,0.0,26.62,2.82
2023-08-14,20.99,28.46,14.31,0.0,24.38,2.67
2023-08-15,21.5,30.31,12.95,0.0,21.68,2.36
2023-08-16,23.62,32.16,15.49,0.0,18.26,2.05
2023-08-17,25.55,34.22,16.77,0.0,17.53,1.97
2023-08-18,26.67,34.99,18.83,0.0,19.41,2.07
2023-08-19,27.63,35.72,19.67,0.0,19.08,1.92
2023-08-20,27.84,35.91,19.85,0.0,18.58,1.86
2023-08-21,28.75,37.12,20.2,0.0,17.7,1.88
2023-08-22,28.25,36.01,21.71,0.0,20.63,2.21
2023-08-23,28.49,35.36,22.21,0.0,23.58,1.89
2023-08-24,28.87,35.76,23.29,0.0,21.95,2.09
2023-08-25,27.72,34.67,21.51,0.0,23.09,2.68
2023-08-26,25.92,31.07,20.58,0.1,25.06,1.78
2023-08-27,20.2,22.96,16.57,14.88,58.03,1.88
2023-08-28,17.93,22.48,12.89,3.93,53.16,1.4
2023-08-29,21.5,29.92,12.67,0.0,40.39,1.77
2023-08-30,20.79,28.63,16.94,3.19,51.88,2.41
2023-08-31,18.98,24.39,13.85,5.12,56.81,1.39
2023-09-01,19.51,26.75,13.74,0.0,37.79,1.61
2023-09-02,20.95,28.02,15.0,0.0,34.42,1.58
2023-09-03,20.91,28.07,15.36,0.0,35.51,1.87
2023-09-04,19.24,25.28,12.67,0.19,39.43,2.29
2023-09-05,18.2,26.07,11.84,0.0,36.25,2.0
2023-09-06,20.36,27.95,13.81,0.0,32.12,1.57
2023-09-07,21.41,29.71,14.38,0.0,32.23,1.62
2023-09-08,24.27,30.53,19.4,0.05,30.19,1.75
2023-09-09,23.85,30.24,19.65,2.1,36.66,1.88
2023-09-10,25.06,32.5,17.82,0.09,41.1,1.48
2023-09-11,24.38,31.87,16.99,0.0,35.05,2.88
2023-09-12,17.94,24.04,13.48,0.0,40.71,1.95
2023-09-13,18.14,25.32,12.52,0.0,34.65,2.47
2023-09-14,19.05,26.67,13.05,0.0,34.82,1.68
2023-09-15,19.08,24.79,14.63,0.0,36.97,1.44
2023-09-16,19.87,27.36,14.52,0.0,35.07,1.59
2023-09-17,21.28,28.72,16.12,0.0,28.2,1.71
2023-09-18,20.39,27.52,14.32,0.0,29.72,1.82
2023-09-19,20.98,27.06,15.58,0.77,27.4,1.57
2023-09-20,18.23,24.12,13.63,1.73,44.98,1.76
2023-09-21,17.45,23.81,12.24,0.0,40.76,2.08
2023-09-22,15.84,22.09,10.95,0.02,47.38,2.17
2023-09-23,16.71,24.72,10.53,0.0,35.88,1.78
2023-09-24,17.72,25.64,11.91,0.0,30.37,1.89
2023-09-25,17.89,25.85,11.61,0.01,28.51,1.67
2023-09-26,19.02,26.63,13.04,0.0,26.94,1.7
2023-09-27,19.93,26.96,14.51,0.0,28.11,1.8
2023-09-28,19.56,25.63,14.35,0.01,31.63,1.8
2023-09-29,17.92,24.04,13.21,0.0,32.44,2.06
2023-09-30,18.29,24.35,12.65,0.24,30.25,1.48
2023-10-01,17.28,24.32,11.5,0.0,30.47,1.91
2023-10-02,16.78,22.98,11.78,0.0,27.96,1.54
2023-10-03,16.49,24.0,10.96,0.0,22.8,1.48
2023-10-04,18.35,25.69,13.13,0.0,21.46,1.75
2023-10-05,19.8,26.67,14.9,0.01,24.41,1.59
2023-10-06,16.91,19.56,12.91,0.73,52.54,1.81
2023-10-07,14.52,19.6,11.41,0.82,71.48,1.54
2023-10-08,15.73,21.58,11.91,0.0,51.52,1.22
2023-10-09,16.93,24.55,11.27,0.0,37.31,1.52
2023-10-10,19.14,26.76,12.47,0.0,29.23,2.0
2023-10-11,20.6,29.26,14.19,0.0,24.72,1.8
2023-10-12,18.75,25.48,10.74,2.3,31.57,2.55
2023-10-13,6.66,10.15,2.63,12.32,75.13,2.77
2023-10-14,7.64,15.43,1.44,0.0,52.18,1.3
2023-10-15,10.57,17.07,6.39,0.0,37.19,1.49
2023-10-16,11.09,18.6,5.64,0.0,40.51,1.53
2023-10-17,13.12,20.45,7.67,0.0,40.04,1.31
2023-10-18,15.06,21.44,11.31,0.05,46.96,1.43
2023-10-19,15.0,21.52,10.44,0.01,64.69,1.45
2023-10-20,16.32,22.35,12.39,0.0,50.82,1.78
2023-10-21,14.85,21.09,10.91,0.48,62.74,1.47
2023-10-22,13.87,19.54,9.68,0.01,65.64,2.08
2023-10-23,10.47,11.91,7.71,4.62,75.96,0.96
2023-10-24,12.15,19.55,7.66,0.0,59.12,1.46
2023-10-25,15.12,22.1,9.49,0.0,43.41,1.94
2023-10-26,13.75,17.53,11.6,3.29,68.13,2.26
2023-10-27,13.21,16.68,11.08,1.1,76.64,1.11
2023-10-28,16.88,23.76,11.5,0.0,58.73,1.4
2023-10-29,18.71,26.41,13.5,0.0,58.34,2.11
2023-10-30,18.1,24.78,13.87,0.0,52.8,1.71
2023-10-31,11.16,14.86,5.67,4.87,69.76,1.67
2023-11-01,8.46,15.12,4.73,0.0,52.62,1.43
2023-11-02,10.73,19.02,4.74,0.0,40.53,1.69
2023-11-03,12.88,19.94,9.2,0.0,32.1,1.28
2023-11-04,13.16,21.05,8.75,0.0,32.39,1.39
2023-11-05,14.34,21.61,9.61,0.0,33.36,1.4
2023-11-06,14.23,19.6,11.85,0.0,43.75,1.42
2023-11-07,13.94,18.89,11.63,0.93,65.72,1.71
2023-11-08,13.7,19.77,9.59,4.79,70.72,2.84
2023-11-09,7.61,10.83,3.58,7.27,80.6,1.6
2023-11-10,7.37,14.07,2.83,0.0,54.67,1.22
2023-11-11,9.71,14.51,4.06,4.03,47.13,1.54
2023-11-12,5.36,10.07,2.26,3.37,70.85,1.43
2023-11-13,5.74,12.83,2.21,0.0,35.94,1.18
2023-11-14,8.89,18.58,3.93,0.0,31.53,1.34
2023-11-15,12.25,20.43,5.04,0.0,28.78,1.24
2023-11-16,13.97,22.45,8.66,0.0,34.07,2.09
2023-11-17,15.38,22.83,10.18,0.0,41.41,1.62
2023-11-18,12.4,15.23,7.6,1.68,70.91,1.91
2023-11-19,10.43,15.13,7.54,0.62,72.5,1.04
2023-11-20,12.62,21.26,7.26,0.0,60.21,1.41
2023-11-21,16.01,25.26,9.2,0.25,42.19,1.32
2023-11-22,10.8,16.09,5.52,14.16,79.06,2.15
2023-11-23,4.87,8.59,2.22,3.49,74.69,1.98
2023-11-24,9.08,17.54,3.21,0.0,45.51,2.44
2023-11-25,10.53,15.92,6.69,0.0,45.43,1.02
2023-11-26,13.41,21.51,8.08,0.0,40.9,1.42
2023-11-27,14.08,19.62,11.0,0.0,42.9,1.33
2023-11-28,14.58,22.46,9.95,0.0,44.64,1.53
2023-11-29,10.22,15.24,4.2,2.72,62.43,1.68
2023-11-30,5.17,10.02,2.17,1.92,78.81,1.66
2023-12-01,7.21,13.24,2.63,0.0,69.82,1.23
2023-12-02,8.06,12.26,5.89,0.0,59.97,0.79
2023-12-03,8.55,14.44,3.81,0.0,59.88,1.47
2023-12-04,10.64,16.95,7.43,0.0,52.58,1.16
2023-12-05,11.83,19.98,8.05,0.0,47.0,1.32
2023-12-06,8.14,13.78,3.96,0.0,56.79,1.62
2023-12-07,5.0,8.61,2.49,0.01,68.59,0.58
2023-12-08,1.96,4.39,-1.52,3.13,78.07,1.8
2023-12-09,-3.06,0.26,-6.19,3.76,80.61,1.19
2023-12-10,1.47,7.11,-3.56,0.0,60.23,1.02
2023-12-11,0.56,4.43,-5.88,13.22,84.25,0.93
2023-12-12,-10.9,-6.52,-15.43,1.31,78.88,1.55
2023-12-13,-9.87,-2.9,-15.11,0.0,53.33,0.82
2023-12-14,0.48,5.45,-8.22,0.0,42.03,1.39
2023-12-15,2.67,7.73,-2.0,0.11,67.69,0.95
2023-12-16,-2.44,-1.11,-3.5,0.7,90.04,1.14
2023-12-17,-0.17,4.32,-2.71,1.2,75.26,1.35
2023-12-18,4.24,10.45,-0.72,0.0,60.93,1.63
2023-12-19,-0.01,2.78,-1.64,4.64,91.12,1.01
2023-12-20,-0.94,3.76,-4.08,0.05,79.78,0.8
2023-12-21,2.76,8.84,-2.09,0.0,46.15,1.52
2023-12-22,6.03,11.62,2.18,0.0,34.79,1.14
2023-12-23,9.35,15.52,5.26,0.0,38.89,1.39
2023-12-24,9.68,12.53,7.84,0.04,53.68,1.62
2023-12-25,12.33,19.6,8.02,1.29,59.55,2.23
2023-12-26,4.84,7.44,1.61,10.24,78.03,1.34
2023-12-27,4.78,7.46,3.01,3.74,87.31,2.89
2023-12-28,8.07,16.94,2.26,0.0,57.64,2.13
2023-12-29,1.02,7.34,-4.34,9.45,79.51,1.72
2023-12-30,-2.61,2.46,-6.22,0.33,58.05,1.26
2023-12-31,1.92,7.53,-2.07,0.0,46.64,1.22
2024-01-01,5.31,12.88,0.97,0.0,46.08,1.49
2024-01-02,3.58,7.39,0.97,0.0,62.66,1.67
2024-01-03,3.97,9.77,0.96,0.0,55.07,1.18
2024-01-04,6.74,13.78,1.72,0.07,63.56,2.06
2024-01-05,5.54,8.8,2.16,0.13,82.4,1.73
2024-01-06,7.73,13.61,3.88,0.05,70.93,1.75
2024-01-07,7.17,11.89,4.03,3.58,80.52,2.52
2024-01-08,3.07,6.65,0.38,2.26,85.69,1.53
2024-01-09,6.59,11.2,2.16,0.0,62.21,1.56
2024-01-10,7.1,12.25,4.09,0.19,61.68,2.38
2024-01-11,1.29,5.95,-4.27,3.95,82.14,1.39
2024-01-12,3.92,10.85,-4.03,0.03,65.01,1.35
2024-01-13,7.59,11.99,5.64,1.33,65.57,2.7
2024-01-14,5.9,10.54,2.39,2.14,81.25,1.76
2024-01-15,-0.66,2.29,-2.39,8.95,89.78,0.94
2024-01-16,-0.45,3.18,-2.63,0.92,88.85,0.79
2024-01-17,0.95,7.04,-2.92,0.01,74.58,0.92
2024-01-18,3.62,9.1,0.72,0.0,63.32,1.23
2024-01-19,2.71,6.56,-1.39,0.17,69.79,1.3
2024-01-20,0.35,4.45,-2.32,0.0,72.31,1.12
2024-01-21,1.17,6.55,-1.72,0.0,40.08,1.15
2024-01-22,4.94,11.79,0.58,0.0,36.22,1.4
2024-01-23,4.92,10.23,0.37,0.0,56.72,1.9
2024-01-24,6.84,9.78,5.08,0.02,53.49,0.98
2024-01-25,1.82,5.57,-3.38,8.41,82.1,1.92
2024-01-26,-2.59,1.62,-5.25,3.35,83.9,1.17
2024-01-27,3.14,9.68,-1.76,0.0,57.49,1.18
2024-01-28,5.36,11.16,0.35,2.53,69.04,1.39
2024-01-29,0.97,3.51,-0.84,19.32,92.0,2.89
2024-01-30,-1.18,0.96,-3.02,2.11,87.98,1.99
2024-01-31,-4.19,-2.64,-6.01,3.08,86.14,2.31
2024-02-01,-4.27,-2.86,-5.33,3.99,84.4,2.51
2024-02-02,-3.55,3.61,-8.34,1.05,70.77,1.53
2024-02-03,-1.82,3.64,-6.05,0.14,56.98,1.78
2024-02-04,-1.71,0.95,-3.21,1.93,78.54,2.09
2024-02-05,0.96,5.82,-2.83,0.0,62.18,1.23
2024-02-06,4.64,10.64,-0.45,0.02,55.33,3.37
2024-02-07,1.97,4.56,-0.05,9.05,84.98,3.14
2024-02-08,4.61,9.38,0.43,2.06,77.45,2.28
2024-02-09,8.73,15.15,4.8,0.0,56.59,1.65
2024-02-10,9.01,15.26,4.69,0.0,53.36,2.2
2024-02-11,8.51,14.65,4.62,0.0,56.38,2.32
2024-02-12,5.12,7.87,1.69,0.07,72.72,0.97
2024-02-13,6.49,12.95,2.75,0.01,64.97,1.24
2024-02-14,9.9,17.66,4.09,0.0,50.79,1.92
2024-02-15,10.73,15.5,7.91,0.42,55.21,2.26
2024-02-16,2.53,6.36,-4.87,7.28,86.89,2.1
2024-02-17,-1.85,2.49,-4.74,0.35,68.22,0.88
2024-02-18,-1.3,1.52,-4.83,7.33,85.78,1.53
2024-02-19,-5.03,-3.36,-6.72,3.88,84.88,2.01
2024-02-20,-6.14,-3.78,-8.16,4.85,82.78,1.42
2024-02-21,-4.22,0.38,-7.71,0.0,72.31,1.05
2024-02-22,-2.24,1.36,-5.92,0.16,74.01,1.51
2024-02-23,-1.46,1.48,-3.86,2.21,79.65,1.44
2024-02-24,-2.01,0.13,-5.5,3.71,86.94,0.96
2024-02-25,-1.66,1.94,-4.83,3.47,79.35,0.94
2024-02-26,-0.16,4.72,-4.06,1.73,77.8,1.38
2024-02-27,-0.85,2.35,-3.41,0.01,87.29,1.28
2024-02-28,-0.06,4.13,-2.53,0.0,83.28,1.2
2024-02-29,1.35,6.86,-1.86,0.0,78.28,1.3
2024-03-01,0.83,6.14,-1.71,0.27,86.67,1.93
2024-03-02,-1.82,0.8,-3.26,4.13,88.83,1.94
2024-03-03,-2.72,-1.24,-4.28,5.37,92.13,1.2
2024-03-04,-1.13,3.98,-4.69,0.04,79.34,1.65
2024-03-05,2.73,8.24,-2.15,0.0,58.19,1.1
2024-03-06,4.46,8.35,1.43,0.0,58.87,1.16
2024-03-07,4.88,8.97,1.72,0.11,76.39,1.67
2024-03-08,7.28,12.39,3.36,0.6,73.03,2.28
2024-03-09,7.1,9.84,4.83,3.34,84.26,2.17
2024-03-10,6.78,9.93,3.83,8.89,88.34,1.08
2024-03-11,9.08,14.54,3.7,0.0,72.29,1.23
2024-03-12,5.88,11.93,-0.05,23.7,87.89,2.72
2024-03-13,0.84,4.1,-2.13,2.51,81.22,1.7
2024-03-14,-2.2,-0.28,-7.29,6.65,82.47,1.68
2024-03-15,-0.37,7.24,-7.51,0.0,54.07,1.41
2024-03-16,5.3,13.35,-0.4,0.0,45.01,1.48
2024-03-17,9.86,18.36,1.08,0.0,43.09,1.38
2024-03-18,12.04,16.65,8.95,0.01,56.77,1.5
2024-03-19,13.0,19.45,6.64,0.0,71.51,1.25
2024-03-20,14.77,20.71,11.83,1.5,75.79,1.64
2024-03-21,11.43,13.72,7.98,6.57,87.52,2.32
2024-03-22,5.64,7.37,3.85,14.91,87.26,2.27
2024-03-23,9.71,15.64,4.56,0.01,65.56,1.33
2024-03-24,12.48,18.55,8.41,0.0,52.08,1.11
2024-03-25,14.74,22.22,8.58,0.0,52.28,1.46
2024-03-26,16.04,23.73,11.01,3.54,62.8,1.59
2024-03-27,14.42,19.09,10.33,1.97,75.58,1.01
2024-03-28,10.32,13.72,6.71,9.0,78.11,2.33
2024-03-29,6.73,10.36,4.64,3.2,77.16,1.68
2024-03-30,5.22,9.92,0.65,0.18,71.42,1.93
2024-03-31,5.73,12.08,0.3,0.0,58.5,1.29
2024-04-01,9.82,15.59,4.44,0.0,49.52,1.16
2024-04-02,8.61,12.59,4.51,0.0,64.44,1.34
2024-04-03,9.57,14.67,3.77,0.07,69.76,1.26
2024-04-04,11.33,16.83,6.69,0.0,63.12,1.21
2024-04-05,13.37,18.54,8.68,0.01,57.42,1.6
2024-04-06,9.43,12.27,5.47,12.95,78.85,2.38
2024-04-07,11.73,18.3,4.46,0.02,63.0,1.3
2024-04-08,14.48,20.46,8.56,0.0,56.03,1.56
2024-04-09,11.3,15.45,6.82,7.54,76.71,1.69
2024-04-10,12.48,19.09,6.97,0.0,59.12,1.24
2024-04-11,14.43,20.42,9.65,0.01,59.39,1.36
2024-04-12,14.89,19.33,10.64,0.11,67.3,1.5
2024-04-13,14.14,18.74,9.56,1.76,78.54,1.69
2024-04-14,14.12,19.2,10.16,0.49,77.62,1.67
2024-04-15,12.71,16.54,9.51,3.37,87.24,1.82
2024-04-16,11.14,15.12,8.42,2.29,86.2,1.3
2024-04-17,13.75,20.19,7.47,0.06,73.36,2.0
2024-04-18,16.52,23.2,10.11,0.0,61.28,1.75
2024-04-19,17.46,23.82,10.56,0.0,60.74,1.54
2024-04-20,17.74,22.61,13.41,0.0,70.21,1.3
2024-04-21,17.28,21.45,13.05,0.22,84.05,2.04
2024-04-22,18.01,22.3,14.63,0.13,74.86,1.4
2024-04-23,19.41,24.93,14.17,0.08,64.35,1.5
2024-04-24,19.26,24.73,13.07,0.23,59.72,1.62
2024-04-25,17.27,19.7,13.88,0.04,66.88,1.02
2024-04-26,15.89,20.07,11.26,0.2,72.45,1.5
2024-04-27,13.27,18.26,5.72,0.26,68.41,2.42
2024-04-28,9.25,14.54,3.73,0.0,66.82,1.3
2024-04-29,12.5,18.45,6.8,0.0,64.55,1.4
2024-04-30,12.52,16.98,7.75,0.02,74.24,1.57
2024-05-01,14.58,21.31,7.74,0.01,60.43,2.21
2024-05-02,16.63,24.06,9.18,0.0,51.46,1.63
2024-05-03,16.33,19.36,13.29,0.01,61.54,1.79
2024-05-04,16.72,20.42,12.58,2.44,77.09,1.6
2024-05-05,17.41,21.34,13.54,10.47,78.54,2.98
2024-05-06,18.57,23.49,13.33,0.51,64.58,1.38
2024-05-07,20.37,27.38,13.91,0.0,60.01,1.96
2024-05-08,23.8,30.14,17.33,0.0,50.33,1.58
2024-05-09,22.61,29.58,14.47,0.92,57.96,2.37
2024-05-10,17.55,22.4,13.85,7.61,82.51,1.76
2024-05-11,14.57,18.93,10.42,2.56,78.34,2.02
2024-05-12,16.11,21.33,10.07,0.06,66.82,1.0
2024-05-13,19.04,26.21,10.8,0.0,53.89,1.35
2024-05-14,24.24,31.71,15.25,0.0,42.28,1.3
2024-05-15,24.11,31.33,17.94,0.08,54.2,2.26
2024-05-16,19.75,24.67,15.6,3.07,77.22,2.03
2024-05-17,21.41,27.47,14.48,0.59,63.48,1.45
2024-05-18,19.02,22.6,15.66,8.71,75.19,2.23
2024-05-19,14.12,17.09,11.91,12.77,77.94,1.72
2024-05-20,14.68,20.09,9.75,4.1,66.67,1.51
2024-05-21,16.49,22.38,10.66,0.01,59.0,1.41
2024-05-22,18.08,24.64,12.7,0.01,65.79,1.18
2024-05-23,20.43,26.46,14.78,0.65,63.84,1.21
2024-05-24,18.77,21.93,15.29,13.7,73.97,1.45
2024-05-25,19.7,26.09,12.12,1.84,60.62,2.57
2024-05-26,11.74,17.61,6.6,0.11,49.98,3.07
2024-05-27,17.29,25.67,6.5,0.0,41.13,1.63
2024-05-28,19.01,25.76,11.87,0.0,46.98,2.35
2024-05-29,18.21,24.55,11.03,0.02,54.43,1.5
2024-05-30,19.43,26.39,12.31,0.0,49.78,1.41
2024-05-31,21.37,29.14,13.54,0.0,48.73,1.58
2024-06-01,23.24,30.08,14.63,0.0,45.3,1.41
2024-06-02,23.34,30.56,15.71,0.0,44.97,1.88
2024-06-03,21.52,26.15,16.63,0.0,56.14,1.12
2024-06-04,22.64,29.65,15.48,0.0,50.37,1.76
2024-06-05,22.98,28.65,16.71,0.01,53.39,1.11
2024-06-06,24.2,30.68,16.16,0.0,42.81,1.42
2024-06-07,24.32,31.89,16.59,0.0,42.45,2.03
2024-06-08,25.51,32.64,17.19,0.0,43.17,1.41
2024-06-09,27.95,34.35,19.82,0.05,38.61,1.54
2024-06-10,27.81,35.84,20.04,0.34,40.81,1.89
2024-06-11,27.49,34.42,20.95,0.0,40.15,2.09
2024-06-12,27.38,34.53,20.49,0.0,40.3,2.33
2024-06-13,24.52,31.85,17.62,0.0,40.66,2.87
2024-06-14,23.71,31.77,15.18,0.0,40.99,1.92
2024-06-15,25.61,33.65,17.4,0.0,36.9,1.35
2024-06-16,27.81,35.51,18.85,0.0,34.15,1.55
2024-06-17,28.94,35.84,20.99,0.35,36.18,1.99
2024-06-18,29.51,35.95,23.46,0.01,36.62,2.14
2024-06-19,28.98,35.91,21.4,0.0,37.8,1.79
2024-06-20,30.42,37.32,22.78,0.01,33.46,1.74
2024-06-21,29.33,36.08,22.56,0.82,33.09,2.01
2024-06-22,29.6,37.24,20.57,0.0,26.93,1.7
2024-06-23,30.0,36.25,22.58,0.24,29.39,2.5
2024-06-24,28.33,33.98,22.78,1.04,35.92,1.9
2024-06-25,28.48,35.78,20.24,0.0,30.12,2.07
2024-06-26,30.87,38.59,22.02,0.0,30.19,1.92
2024-06-27,33.2,41.3,24.76,0.0,28.91,2.01
2024-06-28,32.43,39.01,26.13,0.25,28.47,2.55
2024-06-29,30.35,37.49,23.56,0.01,32.16,2.63
2024-06-30,29.23,35.64,24.36,0.08,29.46,2.09
2024-07-01,25.44,31.58,19.34,0.47,30.1,2.36
2024-07-02,23.3,29.57,17.07,0.0,27.85,2.04
2024-07-03,25.62,33.9,17.11,0.0,24.38,2.4
2024-07-04,27.41,35.41,19.42,0.0,24.69,2.33
2024-07-05,27.73,34.8,20.41,0.0,27.53,2.63
2024-07-06,27.56,34.62,20.91,0.0,25.93,2.17
2024-07-07,27.68,33.57,20.72,1.28,29.97,1.99
2024-07-08,27.19,33.25,21.01,1.36,35.5,2.26
2024-07-09,27.92,35.03,20.76,0.0,31.9,1.85
2024-07-10,29.49,36.57,22.2,0.03,28.24,1.98
2024-07-11,29.97,36.95,22.46,0.0,27.16,1.97
2024-07-12,29.92,38.06,22.4,0.15,33.2,2.37
2024-07-13,28.29,34.78,21.75,0.27,44.72,2.62
2024-07-14,27.86,33.84,21.36,0.65,35.02,2.71
2024-07-15,27.19,32.37,21.18,0.75,34.38,2.88
2024-07-16,26.9,32.54,21.04,1.93,39.27,2.45
2024-07-17,29.02,35.56,22.12,0.14,30.65,2.45
2024-07-18,28.83,34.26,24.06,0.71,31.29,1.74
2024-07-19,28.84,35.37,21.8,0.2,28.68,2.07
2024-07-20,29.48,36.55,22.52,0.03,28.41,2.38
2024-07-21,29.59,37.03,22.12,0.0,26.39,2.68
2024-07-22,30.24,37.68,22.68,0.0,24.05,1.97
2024-07-23,31.05,37.69,24.92,0.29,21.88,1.82
2024-07-24,30.93,38.41,23.16,0.0,22.12,2.07
2024-07-25,32.0,39.72,24.03,0.0,21.6,2.09
2024-07-26,32.59,41.16,24.33,0.0,22.48,2.65
2024-07-27,31.49,39.25,24.23,0.0,25.27,2.64
2024-07-28,31.65,39.47,24.52,0.0,22.23,2.82
2024-07-29,30.69,38.08,23.12,0.0,20.45,2.83
2024-07-30,29.86,37.35,22.32,0.0,18.77,1.98
2024-07-31,31.55,38.86,23.6,0.0,17.9,1.63
2024-08-01,32.73,40.13,25.34,0.0,18.59,1.86
2024-08-02,32.46,39.18,26.13,0.0,18.84,2.61
2024-08-03,30.37,37.07,23.63,0.0,22.21,3.09
2024-08-04,30.24,37.61,23.42,0.0,22.05,2.45
2024-08-05,30.12,37.64,22.53,0.0,21.65,2.3
2024-08-06,30.15,37.59,22.21,0.0,23.73,2.74
2024-08-07,30.79,38.5,22.65,0.06,24.95,2.08
2024-08-08,32.66,40.89,23.99,0.0,19.0,1.58
2024-08-09,32.51,40.02,24.91,0.0,17.36,2.66
2024-08-10,29.03,35.69,22.63,0.01,27.45,2.9
2024-08-11,27.84,35.11,20.25,0.0,24.35,2.65
2024-08-12,28.63,34.92,21.23,0.0,24.09,1.98
2024-08-13,31.13,38.88,22.97,0.0,22.79,2.25
2024-08-14,31.66,39.15,24.47,0.0,23.99,2.3
2024-08-15,32.19,39.47,26.05,0.0,22.62,2.05
2024-08-16,29.34,34.88,22.59,0.08,24.08,3.16
2024-08-17,27.38,34.52,21.18,0.0,21.51,2.56
2024-08-18,24.38,29.38,19.31,0.23,31.81,2.56
2024-08-19,24.0,31.07,17.87,0.0,24.66,2.24
2024-08-20,25.44,33.27,17.67,0.0,19.61,1.77
2024-08-21,26.2,33.72,19.87,0.0,21.76,2.1
2024-08-22,26.61,34.06,19.91,0.0,24.67,1.91
2024-08-23,26.51,33.18,20.93,0.0,20.24,2.02
2024-08-24,27.06,34.28,21.07,0.0,22.37,2.52
2024-08-25,24.82,31.32,18.17,0.0,24.33,2.64
2024-08-26,23.9,31.15,17.39,0.0,20.71,1.5
2024-08-27,24.09,31.12,17.44,0.0,17.43,1.71
2024-08-28,22.7,28.64,17.9,0.19,25.67,1.79
2024-08-29,22.09,28.18,17.04,0.0,32.2,1.74
2024-08-30,23.8,31.63,16.4,0.0,25.98,1.59
2024-08-31,25.48,33.05,19.09,0.0,23.57,1.94
2024-09-01,23.85,30.7,17.6,0.0,25.97,2.95
2024-09-02,19.63,27.86,13.02,0.0,26.97,3.14
2024-09-03,21.48,31.12,13.32,0.0,16.08,1.97
2024-09-04,22.86,31.16,16.38,0.0,11.97,1.95
2024-09-05,23.34,30.36,17.33,0.0,13.73,2.05
2024-09-06,21.07,27.38,14.87,0.0,23.55,2.66
2024-09-07,17.0,24.57,10.03,0.01,23.89,2.25
2024-09-08,19.29,26.66,13.74,0.0,14.73,1.7
2024-09-09,17.82,25.14,11.52,0.0,19.96,1.56
2024-09-10,19.0,26.69,12.22,0.0,22.74,2.15
2024-09-11,20.18,28.47,12.79,0.0,22.9,1.71
2024-09-12,20.78,28.56,14.77,0.0,19.21,1.64
2024-09-13,20.6,27.73,13.97,0.0,22.5,1.84
2024-09-14,20.41,27.9,14.35,0.0,22.21,1.67
2024-09-15,21.32,28.93,14.89,0.0,20.45,1.73
2024-09-16,21.57,27.58,16.6,0.05,20.28,1.45
2024-09-17,19.19,25.39,13.16,0.97,39.3,1.58
2024-09-18,21.47,29.11,14.3,0.0,30.32,1.67
2024-09-19,22.17,28.34,17.26,0.1,30.39,1.71
2024-09-20,19.7,26.63,15.6,0.0,33.39,1.86
2024-09-21,21.85,29.59,15.0,0.0,31.45,1.7
2024-09-22,22.68,29.71,18.06,0.01,25.58,1.77
2024-09-23,22.42,29.53,17.6,0.0,24.63,1.7
2024-09-24,22.44,29.8,16.79,0.0,25.51,1.57
2024-09-25,23.69,31.52,17.82,0.2,22.95,1.78
2024-09-26,20.94,26.94,15.31,2.04,44.74,2.21
2024-09-27,16.32,23.87,9.84,0.54,44.53,1.94
2024-09-28,16.03,23.84,9.58,0.0,31.72,1.96
2024-09-29,17.98,25.36,11.58,0.0,18.33,1.58
2024-09-30,18.01,23.53,13.36,0.05,33.8,1.61
2024-10-01,18.31,25.17,12.98,0.1,42.32,1.41
2024-10-02,19.78,25.74,14.54,0.42,36.42,1.91
2024-10-03,20.17,26.88,15.24,0.13,30.09,1.45
2024-10-04,21.63,29.36,15.27,0.0,35.76,1.46
2024-10-05,21.06,28.26,15.66,2.17,45.29,2.2
2024-10-06,18.41,23.09,14.24,0.72,57.08,1.43
2024-10-07,17.19,24.09,12.65,0.0,39.72,2.12
2024-10-08,17.81,25.48,11.19,0.0,37.76,1.55
2024-10-09,18.92,26.52,12.97,0.0,33.76,1.61
2024-10-10,19.0,25.17,13.88,0.1,30.12,2.73
2024-10-11,16.92,21.45,12.91,4.51,48.16,2.58
2024-10-12,14.93,20.58,11.9,0.02,51.55,1.11
2024-10-13,14.05,18.76,11.55,3.7,63.56,1.39
2024-10-14,10.74,13.09,8.02,15.46,83.28,1.54
2024-10-15,9.24,13.06,5.51,7.63,75.79,1.56
2024-10-16,5.29,10.31,1.37,1.69,60.24,1.53
2024-10-17,8.1,16.0,1.62,0.0,39.48,1.43
2024-10-18,12.54,21.69,6.48,0.0,30.48,1.5
2024-10-19,15.33,24.69,8.96,0.0,30.69,1.63
2024-10-20,17.12,25.35,11.05,0.0,32.39,1.34
2024-10-21,16.78,23.88,12.71,0.0,44.25,2.06
2024-10-22,13.9,20.32,8.98,1.97,66.67,1.85
2024-10-23,8.18,9.82,5.07,5.51,84.76,1.06
2024-10-24,8.6,14.14,4.03,0.0,66.32,1.36
2024-10-25,12.86,21.16,6.6,0.15,48.95,1.2
2024-10-26,7.9,11.12,5.07,5.89,84.17,1.79
2024-10-27,9.23,13.09,5.9,1.24,70.92,1.51
2024-10-28,5.59,8.99,3.01,7.01,78.71,1.11
2024-10-29,5.88,11.92,2.54,0.01,57.95,1.19
2024-10-30,6.86,11.97,2.96,0.01,53.5,1.21
2024-10-31,9.12,15.61,4.0,0.0,46.14,1.32
2024-11-01,11.12,16.94,7.21,0.0,44.64,1.06
2024-11-02,10.73,17.59,6.0,0.0,49.13,1.99
2024-11-03,14.32,22.23,8.44,0.0,46.07,1.45
2024-11-04,16.98,24.44,12.25,0.67,52.05,2.47
2024-11-05,14.01,17.66,11.33,9.32,79.05,2.01
2024-11-06,9.19,14.87,2.08,15.79,85.53,2.84
2024-11-07,1.94,6.56,-1.07,0.41,66.46,1.16
2024-11-08,3.07,7.3,-0.33,0.04,61.91,1.88
2024-11-09,5.22,10.61,1.81,0.0,59.23,1.11
2024-11-10,5.58,11.11,2.79,0.0,61.94,1.19
2024-11-11,4.96,9.91,1.41,0.0,65.52,1.35
2024-11-12,6.72,11.42,1.69,0.23,56.19,1.31
2024-11-13,2.03,4.35,-3.15,14.63,91.94,2.55
2024-11-14,-0.14,5.81,-3.79,0.02,74.37,1.05
2024-11-15,2.69,9.2,-0.92,0.0,49.75,1.19
2024-11-16,6.04,12.94,1.83,0.0,47.44,1.26
2024-11-17,8.18,16.09,2.81,0.0,51.24,1.82
2024-11-18,9.29,14.73,5.7,0.86,62.21,1.71
2024-11-19,10.48,15.96,5.97,1.28,73.29,1.95
2024-11-20,7.76,11.11,5.21,2.17,83.86,1.39
2024-11-21,7.41,12.08,3.74,0.37,77.46,1.22
2024-11-22,7.0,13.52,4.19,0.0,65.13,1.47
2024-11-23,5.94,14.18,1.83,0.0,46.07,1.8
2024-11-24,5.5,13.83,0.68,0.0,42.31,1.55
2024-11-25,8.53,16.79,2.97,0.0,47.84,1.52
2024-11-26,11.06,18.72,6.34,0.0,47.99,1.25
2024-11-27,10.46,19.5,5.75,0.0,48.71,1.48
2024-11-28,12.96,21.47,6.8,0.0,42.87,1.23
2024-11-29,7.42,11.45,2.92,5.0,77.44,1.54
2024-11-30,3.59,5.81,1.66,9.55,88.69,0.84
2024-12-01,1.44,3.92,-0.66,4.13,91.59,1.24
2024-12-02,0.92,6.16,-1.81,0.0,76.52,0.99
2024-12-03,1.37,6.79,-1.17,0.0,69.6,1.07
2024-12-04,2.36,8.23,-0.73,0.0,61.77,1.13
2024-12-05,1.75,7.2,-1.24,0.0,68.09,1.01
2024-12-06,0.38,3.55,-2.04,0.02,73.8,1.13
2024-12-07,-1.37,2.65,-3.85,0.33,75.64,0.97
2024-12-08,-5.91,-4.01,-8.21,1.21,77.12,2.26
2024-12-09,-5.57,-0.16,-9.12,0.0,63.7,1.27
2024-12-10,-4.22,0.43,-6.58,0.0,48.31,1.06
2024-12-11,-4.22,1.16,-7.42,0.0,45.71,1.1
2024-12-12,-1.45,5.05,-5.01,0.0,40.05,1.14
2024-12-13,4.3,11.1,-2.81,0.0,40.62,2.1
2024-12-14,5.89,8.79,3.31,0.22,62.03,2.33
2024-12-15,-2.33,5.92,-7.93,10.04,82.93,2.33
2024-12-16,-6.22,0.69,-10.46,0.18,60.83,1.0
2024-12-17,0.37,6.09,-5.64,0.0,40.65,1.03
2024-12-18,0.63,3.75,-1.85,0.0,59.07,1.8
2024-12-19,1.83,5.31,-0.91,2.0,68.93,2.98
2024-12-20,-3.89,-1.3,-7.99,8.29,90.16,2.08
2024-12-21,-4.51,1.09,-7.6,0.16,72.01,1.14
2024-12-22,-2.82,2.83,-6.54,0.0,45.95,0.99
2024-12-23,-0.29,5.62,-3.94,0.0,43.53,0.89
2024-12-24,1.55,6.52,-1.01,0.0,39.36,0.84
2024-12-25,3.16,7.93,0.55,0.0,42.27,1.01
2024-12-26,3.62,7.25,0.27,0.0,43.03,0.75
2024-12-27,2.16,6.12,-0.41,0.0,61.84,1.16
2024-12-28,2.17,8.5,-0.79,0.0,60.73,1.17
2024-12-29,4.4,10.56,0.95,0.15,50.4,1.77
2024-12-30,2.45,8.03,0.59,6.81,93.08,2.46
2024-12-31,1.33,5.69,-0.98,2.36,88.29,1.56
2025-01-01,0.09,2.72,-1.67,1.56,87.39,0.75
2025-01-02,-1.01,2.65,-3.79,0.17,87.0,0.87
2025-01-03,-0.65,4.64,-3.61,0.0,70.33,1.62
2025-01-04,-3.1,-1.53,-4.19,0.02,85.53,1.57
2025-01-05,-0.72,3.98,-3.55,0.01,77.29,1.13
2025-01-06,1.34,6.64,-1.17,0.03,65.74,1.48
2025-01-07,1.21,6.42,-3.04,1.29,70.28,2.62
2025-01-08,-4.14,-1.06,-6.57,0.38,77.22,1.72
2025-01-09,-1.31,4.95,-5.94,0.0,48.8,1.46
2025-01-10,2.15,7.55,-0.27,0.0,38.2,0.88
2025-01-11,1.67,6.73,-1.76,0.0,42.29,0.99
2025-01-12,2.88,8.61,0.26,0.0,40.21,0.96
2025-01-13,4.07,10.52,1.06,0.0,40.45,1.31
2025-01-14,4.95,10.28,1.11,0.0,37.89,1.14
2025-01-15,2.04,5.25,0.02,0.0,62.38,1.42
2025-01-16,2.56,7.35,-0.65,0.12,71.64,1.86
2025-01-17,2.78,4.55,1.37,3.15,90.44,1.36
2025-01-18,-0.02,1.79,-2.33,6.23,94.47,1.03
2025-01-19,-1.04,3.14,-3.74,2.38,84.07,1.42
2025-01-20,2.61,6.15,-0.07,0.01,66.73,1.55
2025-01-21,1.66,3.16,-0.32,5.86,87.73,2.63
2025-01-22,-2.44,-0.53,-6.07,5.76,91.4,2.85
2025-01-23,-7.11,-2.66,-11.12,0.34,69.4,1.13
2025-01-24,-2.45,4.34,-9.16,0.52,41.45,1.33
2025-01-25,2.43,6.26,-2.48,25.23,43.59,0.98
2025-01-26,4.04,8.61,1.87,0.0,39.38,1.13
2025-01-27,2.3,5.83,-1.73,0.0,53.06,1.28
2025-01-28,0.08,3.55,-2.63,0.0,72.05,1.15
2025-01-29,-2.77,-0.83,-3.94,0.35,88.26,1.46
2025-01-30,-3.33,-0.75,-6.4,29.84,90.94,1.13
2025-01-31,-5.33,-1.59,-7.57,0.33,89.15,1.09
2025-02-01,-4.79,1.14,-9.19,0.0,72.94,1.15
2025-02-02,-3.08,2.9,-6.15,0.0,56.92,1.0
2025-02-03,0.35,5.69,-3.36,0.0,46.09,1.22
2025-02-04,0.0,3.13,-3.21,0.0,58.89,1.12
2025-02-05,1.76,5.87,-2.13,0.0,57.32,1.1
2025-02-06,3.11,8.75,-0.92,0.0,62.2,1.46
2025-02-07,4.09,10.39,-0.96,0.0,56.8,1.53
2025-02-08,6.25,11.06,1.87,2.05,73.08,1.43
2025-02-09,1.18,4.79,-1.97,1.98,90.01,2.23
2025-02-10,1.22,5.21,-1.99,0.29,77.19,1.79
2025-02-11,-2.19,0.14,-4.04,1.35,90.03,2.16
2025-02-12,-1.44,2.06,-3.79,7.41,83.02,0.98
2025-02-13,-0.06,2.96,-2.42,0.16,70.62,0.93
2025-02-14,1.74,6.79,-1.97,0.2,57.42,1.34
2025-02-15,0.31,4.41,-2.33,0.6,72.23,1.06
2025-02-16,-1.1,1.54,-3.82,4.92,85.98,1.36
2025-02-17,0.42,5.7,-2.76,0.0,69.04,1.23
2025-02-18,4.3,12.59,-2.57,0.0,51.0,1.51
2025-02-19,3.72,7.64,-0.01,0.07,72.75,1.57
2025-02-20,3.76,9.11,0.79,0.02,72.54,1.11
2025-02-21,6.71,13.69,0.93,0.0,54.75,1.58
2025-02-22,9.28,16.07,3.59,0.0,47.14,1.74
2025-02-23,11.02,18.0,5.33,0.0,59.37,1.65
2025-02-24,9.03,15.62,5.0,1.36,80.8,1.58
2025-02-25,5.88,10.6,-0.21,4.62,86.89,1.96
2025-02-26,-3.14,-0.5,-7.2,13.35,85.91,1.73
2025-02-27,-1.77,2.17,-4.8,0.0,70.14,0.88
2025-02-28,-0.57,3.46,-2.97,0.01,70.39,1.18
2025-03-01,2.33,7.29,-2.2,0.0,63.78,1.29
2025-03-02,3.61,9.27,-2.77,1.98,66.17,2.31
2025-03-03,-5.75,-3.33,-7.7,7.13,82.61,2.74
2025-03-04,-2.63,2.13,-6.21,0.34,65.48,1.98
2025-03-05,2.47,7.29,-2.83,0.15,53.95,1.93
2025-03-06,6.21,12.02,1.54,0.03,62.98,3.18
2025-03-07,2.06,4.38,-1.21,9.51,85.96,3.44
2025-03-08,4.0,8.0,-0.82,1.75,78.37,2.37
2025-03-09,5.7,10.36,1.59,0.37,78.11,2.02
2025-03-10,6.33,12.46,0.63,0.0,71.84,1.5
2025-03-11,8.23,14.3,3.98,0.0,63.45,1.41
2025-03-12,8.77,14.96,4.49,0.0,58.02,1.3
2025-03-13,8.75,16.1,3.51,0.0,57.62,1.6
2025-03-14,9.58,16.26,5.22,0.0,56.85,1.63
2025-03-15,9.98,16.22,6.1,0.0,52.51,1.46
2025-03-16,10.25,16.01,5.53,0.0,49.52,1.28
2025-03-17,11.36,18.79,6.04,0.0,50.29,1.48
2025-03-18,12.97,21.71,6.55,0.0,52.55,1.39
2025-03-19,13.7,22.75,6.42,0.0,48.87,1.69
2025-03-20,14.57,23.19,7.21,0.0,44.25,1.9
2025-03-21,15.93,23.98,9.17,0.0,48.63,2.64
2025-03-22,16.08,21.92,12.6,0.0,60.89,2.16
2025-03-23,17.57,24.63,11.88,0.94,65.57,1.57
2025-03-24,11.26,14.93,7.27,13.02,90.29,2.28
2025-03-25,6.87,8.86,4.95,3.06,90.21,1.99
2025-03-26,6.14,9.26,4.0,2.22,87.47,1.83
2025-03-27,2.98,5.14,1.3,7.21,89.84,1.91
2025-03-28,3.71,7.08,1.04,0.57,85.5,1.28
2025-03-29,6.36,11.6,2.31,0.0,72.4,1.05
2025-03-30,8.63,14.45,4.2,0.0,59.51,1.21
2025-03-31,11.02,17.79,5.28,0.0,55.05,1.43
2025-04-01,13.21,20.15,7.12,0.0,47.88,1.26
2025-04-02,13.94,19.96,8.59,0.0,50.75,1.44
2025-04-03,15.16,20.42,10.55,0.0,53.13,1.57
2025-04-04,16.91,25.34,10.89,2.86,65.91,2.83
2025-04-05,15.41,19.51,10.97,2.33,79.08,1.74
2025-04-06,16.31,22.88,9.98,3.83,65.16,1.73
2025-04-07,18.4,24.4,13.29,0.71,67.69,2.47
2025-04-08,17.42,24.17,12.8,0.0,53.3,2.2
2025-04-09,15.47,21.2,11.14,0.24,70.46,1.73
2025-04-10,16.56,22.62,11.22,0.0,67.27,1.13
2025-04-11,18.39,26.26,11.3,0.0,60.45,1.67
2025-04-12,20.69,27.32,12.89,0.0,50.65,1.26
2025-04-13,19.75,26.4,14.88,1.51,62.9,1.76
2025-04-14,17.99,23.33,12.84,0.25,71.1,1.72
2025-04-15,17.93,24.22,12.85,0.17,58.13,2.02
2025-04-16,14.91,20.93,10.74,0.08,62.59,1.33
2025-04-17,15.51,22.39,9.8,0.77,61.34,1.48
2025-04-18,13.77,17.87,8.67,1.1,69.57,1.61
2025-04-19,9.84,14.7,5.74,0.77,68.5,2.08
2025-04-20,11.44,17.35,5.16,0.01,62.98,1.52
2025-04-21,13.17,18.79,6.09,0.14,56.59,1.53
2025-04-22,15.48,20.46,9.75,0.06,51.61,1.26
2025-04-23,15.33,20.45,11.06,0.0,54.86,1.13
2025-04-24,16.6,23.82,9.27,0.0,52.86,1.22
2025-04-25,19.06,25.95,10.65,0.0,47.83,1.14
2025-04-26,20.49,27.96,13.33,0.0,48.25,2.08
2025-04-27,23.61,32.12,15.81,0.0,44.58,2.25
2025-04-28,26.09,33.85,18.1,0.0,44.46,1.69
2025-04-29,23.97,30.21,15.3,0.0,51.69,2.42
2025-04-30,20.26,27.14,13.83,0.0,66.27,1.12
2025-05-01,20.81,26.71,15.96,0.15,63.49,1.91
2025-05-02,20.88,27.15,15.12,0.0,57.6,2.06
2025-05-03,22.01,30.04,14.7,0.0,50.25,1.95
2025-05-04,23.63,31.96,15.92,0.0,39.1,1.68
2025-05-05,24.25,33.36,16.79,0.0,40.98,2.14
2025-05-06,25.15,33.63,16.64,0.0,43.14,1.62
2025-05-07,26.99,34.5,19.22,0.0,39.0,1.57
2025-05-08,25.28,32.41,19.52,0.02,43.68,2.52
2025-05-09,20.73,26.05,16.41,1.53,58.28,1.6
2025-05-10,21.89,28.32,15.28,0.0,45.6,1.96
2025-05-11,22.59,30.16,15.88,0.0,45.21,2.59
2025-05-12,24.26,32.5,16.37,0.0,42.21,1.77
2025-05-13,25.64,33.98,17.08,0.0,36.96,1.49
2025-05-14,26.98,35.51,18.42,0.0,33.77,1.2
2025-05-15,27.89,36.58,18.79,0.0,32.16,1.87
2025-05-16,29.14,37.87,20.51,0.0,30.32,1.74
2025-05-17,28.07,36.6,20.9,0.36,34.36,2.47
2025-05-18,21.14,26.74,15.99,0.74,52.14,2.55
2025-05-19,20.68,28.3,13.63,0.0,37.99,2.17
2025-05-20,22.46,30.36,14.13,0.0,28.2,1.96
2025-05-21,25.19,34.73,14.91,0.0,24.58,1.75
2025-05-22,28.69,37.88,21.42,0.0,25.5,2.21
2025-05-23,22.82,30.01,16.19,0.65,43.7,2.73
2025-05-24,22.01,29.99,13.37,0.0,28.73,2.18
2025-05-25,23.94,32.18,16.74,0.01,27.29,1.9
2025-05-26,22.75,28.43,16.73,0.1,35.61,2.52
2025-05-27,21.51,29.52,14.85,2.8,44.21,2.27
2025-05-28,19.9,26.18,14.24,5.53,54.37,1.38
2025-05-29,21.12,29.08,13.72,0.32,41.69,1.71
2025-05-30,20.64,27.48,13.5,1.01,47.87,1.27
2025-05-31,21.86,28.1,14.17,0.0,38.87,1.32
2025-06-01,23.23,31.1,14.71,0.0,33.71,1.82
2025-06-02,24.64,32.39,16.7,0.0,28.84,2.38
2025-06-03,26.49,34.48,17.68,0.0,27.92,1.8
2025-06-04,28.11,36.25,18.68,0.0,24.13,1.83
2025-06-05,30.47,38.51,20.6,0.0,20.37,1.65
2025-06-06,26.48,31.33,21.84,0.08,32.26,1.69
2025-06-07,23.76,29.31,19.21,0.43,45.98,2.36
2025-06-08,26.54,33.72,18.69,0.14,31.89,1.61
2025-06-09,26.4,33.79,20.27,0.23,37.97,2.32
2025-06-10,27.05,33.53,19.56,0.81,39.49,1.81
2025-06-11,27.02,33.13,20.74,0.86,41.79,1.49
2025-06-12,27.43,34.73,21.01,0.65,38.13,1.97
2025-06-13,27.32,33.97,19.79,0.34,38.08,2.09
2025-06-14,28.68,36.41,20.43,0.0,28.15,2.58
2025-06-15,29.89,37.37,21.5,0.0,26.82,1.95
2025-06-16,31.02,38.64,23.02,0.0,25.58,2.18
2025-06-17,31.96,39.44,24.2,0.0,20.34,1.77
2025-06-18,33.3,41.22,24.93,0.0,17.05,1.68
2025-06-19,30.79,37.84,24.65,0.0,26.36,2.66
2025-06-20,28.58,35.5,21.9,0.21,30.93,2.54
2025-06-21,30.11,38.15,21.09,0.0,20.87,2.83
2025-06-22,30.35,38.1,22.55,0.0,20.61,1.76
2025-06-23,30.7,38.27,22.72,0.0,20.4,2.94
2025-06-24,32.42,40.47,23.85,0.0,19.26,2.23
2025-06-25,32.74,40.28,25.21,0.0,17.46,2.45
2025-06-26,25.13,30.71,19.83,0.0,25.66,2.69
2025-06-27,26.18,34.3,17.76,0.0,20.54,2.37
2025-06-28,27.87,35.0,20.08,0.0,16.76,2.14
2025-06-29,26.56,33.91,19.76,0.0,22.01,2.55
2025-06-30,27.64,35.76,19.4,0.0,18.24,2.88
2025-07-01,28.98,36.93,20.92,0.0,16.5,2.22
2025-07-02,30.27,38.32,22.42,0.0,14.54,1.76
2025-07-03,32.4,41.11,22.32,0.0,15.03,1.93
2025-07-04,35.06,44.36,24.75,0.0,13.3,2.12
2025-07-05,33.84,41.52,26.04,0.0,15.05,3.88
2025-07-06,32.04,41.28,22.99,0.0,14.88,2.84
2025-07-07,31.14,39.45,22.86,0.0,16.27,2.7
2025-07-08,30.59,37.24,23.7,0.0,18.69,1.88
2025-07-09,29.84,36.4,23.29,0.0,19.94,2.71
2025-07-10,26.06,31.88,20.89,0.07,22.9,2.72
2025-07-11,25.46,32.25,17.96,0.0,26.14,2.0
2025-07-12,28.26,36.51,19.38,0.0,19.38,1.67
2025-07-13,30.42,38.07,21.55,0.0,15.87,1.76
2025-07-14,30.83,38.41,22.72,0.0,18.05,2.26
2025-07-15,30.64,37.61,23.64,0.0,17.08,2.25
2025-07-16,30.69,38.23,23.07,0.02,13.32,2.03
2025-07-17,31.03,38.79,22.61,0.0,14.56,2.68
2025-07-18,33.02,42.14,23.29,0.0,15.83,2.34
2025-07-19,34.23,43.13,25.76,0.0,15.1,2.25
2025-07-20,34.55,42.6,25.34,0.0,17.47,2.72
2025-07-21,33.96,41.43,26.39,0.0,20.25,1.62
2025-07-22,34.18,42.72,25.4,0.0,16.09,2.2
2025-07-23,33.65,41.95,25.7,0.0,14.28,2.34
2025-07-24,32.64,40.87,24.21,0.0,12.87,2.26
2025-07-25,32.63,40.25,25.75,0.0,12.58,2.41
2025-07-26,32.91,39.98,25.38,0.0,18.74,2.56
2025-07-27,30.45,35.79,25.81,0.0,26.95,2.5
2025-07-28,29.28,36.43,23.33,0.0,28.02,2.44
2025-07-29,28.77,35.1,22.57,0.0,20.27,2.02
2025-07-30,29.08,35.84,21.78,0.07,23.42,2.55
2025-07-31,28.73,34.76,23.34,0.33,28.06,2.41
2025-08-01,28.67,35.65,22.46,0.12,26.67,3.08
2025-08-02,24.75,31.41,18.56,0.07,32.32,2.17
2025-08-03,26.66,34.08,18.73,0.0,31.38,2.35
2025-08-04,28.48,35.76,21.46,0.0,29.11,2.59
2025-08-05,28.18,35.58,20.59,0.0,29.02,2.37
2025-08-06,27.87,35.13,20.83,0.0,24.72,1.66
2025-08-07,28.44,36.23,20.74,0.0,16.85,2.29
2025-08-08,28.74,37.05,20.49,0.0,15.84,1.83
2025-08-09,29.69,37.98,21.21,0.0,17.94,2.04
2025-08-10,31.06,38.49,23.48,0.0,22.23,3.0
2025-08-11,31.63,39.2,24.42,0.0,25.11,2.47
2025-08-12,31.1,38.3,24.96,0.0,23.05,2.67
2025-08-13,28.86,36.22,22.52,0.0,24.31,2.34
2025-08-14,27.83,34.97,21.22,0.0,22.45,2.32
2025-08-15,25.63,32.17,19.83,0.0,24.67,2.31
2025-08-16,25.93,33.04,19.45,0.0,23.51,2.31
2025-08-17,24.7,30.74,19.26,0.0,25.27,2.43
2025-08-18,24.75,31.89,18.31,0.0,27.46,2.29
2025-08-19,26.0,33.48,18.75,0.0,22.47,1.73
2025-08-20,25.79,33.49,18.29,0.0,20.01,2.26
2025-08-21,27.6,35.64,20.79,0.0,18.43,2.52
2025-08-22,28.33,35.3,20.79,0.0,18.32,2.8
2025-08-23,28.14,35.18,21.53,0.01,22.36,2.8
2025-08-24,26.54,33.91,19.76,0.06,32.21,1.85
2025-08-25,28.55,36.72,20.96,1.89,30.01,2.06
2025-08-26,29.46,37.7,21.26,0.0,23.73,1.92
2025-08-27,29.53,38.31,21.19,0.0,20.58,2.09
2025-08-28,29.31,37.32,21.47,0.0,17.8,1.89
2025-08-29,29.12,37.95,20.84,0.01,17.0,2.01
2025-08-30,27.76,36.11,19.82,0.0,17.34,3.15
2025-08-31,23.28,31.65,16.17,0.0,18.02,3.03
2025-09-01,23.45,32.49,16.41,0.0,15.7,2.17
2025-09-02,23.96,33.23,16.46,0.0,21.85,2.65
2025-09-03,23.81,31.99,17.0,0.0,25.28,1.67
2025-09-04,26.58,36.07,17.74,0.0,16.02,1.91
2025-09-05,27.98,35.77,22.18,0.0,14.74,1.9
2025-09-06,26.68,34.22,19.44,0.0,15.63,1.94
2025-09-07,26.26,33.87,18.97,0.0,19.31,2.04
2025-09-08,24.94,30.47,19.37,0.09,26.61,1.99
2025-09-09,23.47,30.42,17.8,0.0,27.12,1.95
2025-09-10,23.48,30.26,18.35,0.0,28.06,2.22
2025-09-11,23.0,30.75,16.84,0.0,21.71,2.21
2025-09-12,25.66,34.29,18.96,0.0,15.2,1.96
2025-09-13,24.8,31.14,19.39,0.0,23.3,1.99
2025-09-14,24.57,31.34,19.33,0.0,27.25,1.73
2025-09-15,24.19,30.87,18.89,0.04,28.87,2.01
2025-09-16,19.42,25.0,13.94,0.62,40.24,2.15
2025-09-17,17.73,24.4,12.69,0.0,33.59,2.16
2025-09-18,17.68,22.66,13.57,0.0,26.82,1.38
2025-09-19,17.58,25.13,11.56,0.0,25.26,1.76
2025-09-20,20.23,28.3,12.97,0.0,17.94,1.36
2025-09-21,23.77,32.43,16.44,0.0,14.87,1.49
2025-09-22,20.38,25.28,15.53,0.0,30.77,1.8
2025-09-23,17.96,23.86,13.28,0.0,39.62,1.89
2025-09-24,19.37,28.14,12.14,0.0,28.0,1.88
2025-09-25,21.21,28.86,13.59,0.0,21.02,1.84
2025-09-26,20.92,27.07,16.59,0.0,24.36,2.14
2025-09-27,20.21,27.46,14.11,0.0,27.23,1.96
2025-09-28,21.44,29.06,16.24,0.0,23.48,1.73
2025-09-29,20.97,27.68,16.61,0.0,25.18,1.83
2025-09-30,17.96,23.66,13.98,0.0,42.26,1.68
2025-10-01,14.46,19.17,10.63,1.44,49.75,2.05
2025-10-02,13.56,19.08,8.65,0.72,56.67,1.09
2025-10-03,14.81,21.65,10.14,0.09,46.67,1.41
2025-10-04,16.36,23.61,11.49,0.0,34.43,1.57
2025-10-05,16.3,23.73,10.1,0.0,29.53,1.83
2025-10-06,15.58,23.33,9.52,0.0,28.76,1.74
2025-10-07,15.96,23.46,11.33,0.0,24.56,1.82
2025-10-08,16.11,23.26,11.5,0.0,20.97,1.59
2025-10-09,15.77,22.52,11.31,0.0,19.8,1.43
2025-10-10,15.53,22.11,11.39,0.0,17.97,1.3
2025-10-11,17.66,25.66,11.68,0.0,15.47,1.63
2025-10-12,18.35,25.73,13.56,0.03,15.48,2.26
2025-10-13,16.86,24.23,11.71,0.0,27.04,2.11
2025-10-14,17.73,26.06,12.53,0.0,16.47,1.44
2025-10-15,17.35,25.92,10.9,0.0,14.18,1.58
2025-10-16,20.07,29.49,14.7,0.0,14.63,1.81
2025-10-17,17.6,24.67,13.37,0.0,19.3,1.61
2025-10-18,15.7,21.14,11.53,0.0,26.82,1.92
2025-10-19,12.6,18.9,8.64,0.0,33.9,1.67
2025-10-20,14.81,22.67,8.93,0.0,31.1,1.41
2025-10-21,16.2,21.87,12.22,0.0,26.2,1.32
2025-10-22,16.99,23.55,12.98,0.0,24.4,1.56
2025-10-23,17.77,25.91,11.29,0.0,26.08,1.85
2025-10-24,20.67,28.49,15.1,0.0,27.14,1.56
2025-10-25,17.26,20.6,13.93,0.0,41.77,1.31
2025-10-26,15.88,20.07,13.42,0.29,46.93,1.42
2025-10-27,17.01,23.85,12.72,0.0,39.71,1.33
2025-10-28,15.94,23.0,12.99,1.38,53.94,2.0
2025-10-29,13.42,18.67,9.48,1.85,62.56,1.24
2025-10-30,14.09,22.23,8.83,0.0,37.29,1.46
2025-10-31,14.57,22.45,9.12,0.58,33.14,2.35
2025-11-01,9.7,16.33,5.42,0.25,49.22,1.11
2025-11-02,13.0,20.03,9.04,0.0,30.23,1.87
2025-11-03,8.25,13.75,4.34,1.28,57.09,1.87
2025-11-04,2.8,3.95,-0.49,11.49,87.54,2.66
2025-11-05,-1.15,3.47,-4.88,0.66,69.04,1.81
2025-11-06,2.43,10.28,-4.0,0.0,34.12,1.47
2025-11-07,6.14,12.6,1.81,0.0,34.36,1.03
2025-11-08,7.1,13.21,3.58,0.0,35.92,1.06
2025-11-09,6.85,12.38,2.78,0.0,39.15,1.38
2025-11-10,6.07,10.39,2.7,0.0,49.71,1.18
2025-11-11,8.26,14.16,5.15,0.0,41.69,1.06
2025-11-12,9.67,16.74,6.07,0.0,40.92,1.25
2025-11-13,10.73,18.6,6.99,0.0,39.6,1.38
2025-11-14,11.11,17.4,7.42,0.0,38.18,1.41
2025-11-15,11.14,18.0,7.12,0.0,36.66,1.26
2025-11-16,12.27,15.98,8.4,0.0,34.6,0.96
2025-11-17,13.75,20.79,10.26,0.0,34.72,1.5
2025-11-18,13.38,20.37,10.09,0.0,35.27,1.41
2025-11-19,10.28,16.34,7.36,0.0,42.87,1.26
2025-11-20,8.94,14.35,5.45,0.0,47.7,1.12
2025-11-21,9.08,15.85,5.92,0.0,49.35,1.14
2025-11-22,8.89,15.99,5.29,0.0,45.73,1.12
2025-11-23,7.97,14.69,4.27,0.0,46.01,1.09
2025-11-24,8.25,15.09,5.15,0.0,45.52,1.28
2025-11-25,9.23,17.14,5.18,0.0,36.92,1.52
2025-11-26,10.58,17.44,7.49,0.0,23.18,1.16
2025-11-27,8.18,15.29,4.83,0.0,33.15,1.43
2025-11-28,7.8,14.26,4.88,0.0,33.2,1.02
2025-11-29,6.22,12.53,2.61,0.0,37.76,0.9
2025-11-30,4.51,9.53,1.32,0.0,44.48,0.93
2025-12-01,4.88,10.82,2.2,0.0,39.83,0.9
2025-12-02,6.05,12.2,2.97,0.0,35.82,1.0
2025-12-03,8.48,14.69,4.98,0.0,28.83,1.27
2025-12-04,5.2,8.09,3.3,1.43,72.64,1.26
2025-12-05,3.32,4.97,0.56,1.36,93.29,1.0
2025-12-06,5.36,11.56,0.77,0.26,62.22,1.23
2025-12-07,6.51,10.73,2.84,0.86,66.41,1.86
2025-12-08,2.65,4.48,-0.12,9.92,91.63,1.66
2025-12-09,3.82,6.48,0.34,13.1,85.71,1.35
2025-12-10,1.96,7.13,-1.64,5.6,72.18,1.47
2025-12-11,6.31,10.49,0.2,0.01,46.91,1.79
2025-12-12,8.59,11.3,6.88,2.26,80.06,1.8
2025-12-13,6.47,10.07,4.56,6.16,91.58,1.35
2025-12-14,7.01,11.65,4.26,12.81,84.34,1.71
2025-12-15,-1.07,3.36,-3.89,7.97,79.39,1.39
2025-12-16,4.04,8.2,-2.15,0.24,63.8,0.84
2025-12-17,3.26,6.61,1.28,9.81,86.52,0.68
2025-12-18,-1.76,1.28,-4.38,8.58,92.6,0.95
2025-12-19,-1.46,2.61,-4.49,0.04,83.89,0.86
2025-12-20,-1.51,0.68,-5.15,5.65,87.46,0.98
2025-12-21,-4.33,-1.64,-5.54,4.52,91.64,1.19
2025-12-22,-2.7,1.55,-6.04,0.01,79.84,0.68
2025-12-23,-0.22,6.01,-4.04,0.0,68.89,1.52
2025-12-24,1.7,6.75,-1.24,0.0,56.86,1.76
2025-12-25,3.44,6.97,0.44,0.0,56.73,1.17
2025-12-26,-0.37,0.47,-2.02,1.7,86.47,2.38
2025-12-27,3.2,7.64,-0.55,0.0,64.81,1.26
2025-12-28,5.6,10.31,2.34,0.44,65.55,2.42
2025-12-29,9.58,17.01,5.37,1.47,62.33,3.18
2025-12-30,9.14,15.2,5.69,3.19,84.09,2.07
2025-12-31,2.97,7.31,-1.1,9.16,92.5,2.45
2026-01-01,0.76,5.6,-2.44,0.01,78.47,1.01
2026-01-02,4.26,11.06,-0.65,0.0,55.38,1.46
2026-01-03,5.12,11.02,1.65,0.05,60.07,1.67
2026-01-04,1.73,4.93,-0.75,0.44,84.11,0.93
2026-01-05,1.39,7.14,-1.27,0.0,78.62,1.17
2026-01-06,1.62,7.21,-1.75,0.0,60.43,1.51
2026-01-07,1.69,7.27,-1.74,0.0,54.48,1.24
2026-01-08,3.34,9.59,0.1,0.0,42.79,0.88
2026-01-09,3.93,9.94,1.08,0.0,39.47,1.21
2026-01-10,5.85,14.2,0.57,0.0,39.67,1.91
2026-01-11,8.05,13.69,4.69,0.17,47.79,1.86
2026-01-12,5.03,9.72,2.98,4.73,82.08,1.96
2026-01-13,7.18,15.77,2.6,0.0,42.5,1.86
2026-01-14,8.35,16.78,4.03,0.0,44.3,1.85
2026-01-15,7.1,11.28,4.28,1.71,71.37,1.82
2026-01-16,2.29,5.06,-2.09,12.11,91.61,2.42
2026-01-17,-2.94,-0.9,-4.58,6.56,87.51,2.31
2026-01-18,-3.1,0.87,-6.29,1.16,84.49,0.99
2026-01-19,-3.07,0.78,-5.82,0.15,76.06,1.06
2026-01-20,-1.85,2.98,-5.87,0.1,71.99,1.06
2026-01-21,2.75,7.45,-0.29,1.06,67.41,1.57
2026-01-22,-2.94,1.06,-7.45,9.32,90.87,3.5
2026-01-23,-6.61,-2.87,-9.04,2.03,79.18,1.76
2026-01-24,-1.47,4.74,-8.64,0.25,59.7,1.27
2026-01-25,0.65,3.02,-1.34,3.6,90.51,2.12
2026-01-26,3.95,8.09,0.61,0.01,72.87,1.19
2026-01-27,1.81,4.28,0.46,0.9,87.31,2.15
2026-01-28,-0.82,1.63,-6.03,9.77,92.47,2.11
2026-01-29,-3.93,1.88,-7.95,0.47,87.37,1.9
2026-01-30,-0.11,4.87,-4.96,0.27,69.28,0.98
2026-01-31,4.52,6.46,2.76,0.37,78.28,0.86
2026-02-01,7.16,12.27,3.5,0.13,64.52,1.77
2026-02-02,6.91,12.2,1.34,2.8,74.26,2.67
2026-02-03,5.47,9.14,1.71,7.01,85.83,2.71
2026-02-04,8.62,16.63,3.73,0.0,61.18,2.51
2026-02-05,8.7,15.48,3.42,1.16,68.29,2.12
2026-02-06,0.01,2.96,-2.38,3.85,83.34,2.27
2026-02-07,2.08,6.43,-0.36,0.25,72.76,1.09
2026-02-08,6.21,14.65,-0.48,0.0,60.02,2.18
2026-02-09,7.47,11.25,5.52,0.81,75.92,1.8
2026-02-10,7.07,9.71,4.41,5.13,89.36,2.57
2026-02-11,4.01,6.54,1.38,24.07,94.54,1.57
2026-02-12,4.29,5.73,2.1,12.91,95.22,1.77
2026-02-13,6.26,9.07,4.23,10.17,93.77,1.16
2026-02-14,7.61,12.67,4.21,4.23,82.13,1.48
2026-02-15,11.89,19.46,5.35,0.12,68.11,2.49
2026-02-16,11.74,14.81,9.99,3.96,87.92,1.86
2026-02-17,9.87,12.93,7.52,1.8,90.43,0.77
2026-02-18,12.61,20.28,6.42,0.0,67.13,1.5
2026-02-19,14.08,20.15,9.2,0.0,58.68,2.01
2026-02-20,14.31,21.63,8.79,0.0,55.29,1.73
2026-02-21,5.81,11.92,1.84,4.33,76.94,2.05
2026-02-22,7.96,13.38,3.13,3.99,57.32,1.39
2026-02-23,7.98,13.33,3.54,0.0,61.33,1.34
2026-02-24,8.43,12.6,5.77,0.23,65.55,1.32
2026-02-25,12.7,19.34,6.87,0.2,61.0,1.68
2026-02-26,4.5,9.83,2.19,9.59,87.19,2.23
2026-02-27,5.1,10.06,1.43,0.22,78.57,1.79
2026-02-28,2.97,8.48,-1.4,0.05,76.04,1.27
2026-03-01,6.33,13.11,0.04,0.0,50.47,1.29
2026-03-02,8.52,14.1,4.4,4.25,67.02,1.35
2026-03-03,7.3,11.91,3.95,2.09,82.64,1.24
2026-03-04,4.54,6.11,2.83,12.65,86.57,1.85
2026-03-05,4.15,7.35,1.45,12.85,89.71,0.85
2026-03-06,4.66,10.56,-0.06,0.71,78.58,1.08
2026-03-07,9.27,14.92,4.12,0.0,64.71,1.49
2026-03-08,11.08,16.23,6.39,0.0,65.65,1.29
2026-03-09,10.25,14.87,2.39,11.76,69.23,1.39
2026-03-10,-0.87,1.67,-6.95,15.91,90.3,2.12
2026-03-11,-6.61,-0.67,-11.22,0.07,77.26,2.02
2026-03-12,-1.42,5.38,-7.34,0.0,54.25,1.27
2026-03-13,2.06,8.4,-2.53,0.0,57.94,1.1
2026-03-14,6.15,12.84,0.81,0.0,56.13,1.45
2026-03-15,4.56,9.0,1.9,0.0,78.6,1.85
2026-03-16,5.59,10.45,0.96,0.0,75.4,1.15
2026-03-17,9.28,15.48,4.52,0.0,65.1,1.21
2026-03-18,11.44,17.63,6.19,2.06,63.02,1.4
2026-03-19,8.89,12.22,6.81,0.0,87.58,1.03
2026-03-20,9.41,13.75,6.2,0.01,81.16,1.07
2026-03-21,12.43,17.27,8.52,0.0,61.52,1.16
2026-03-22,11.34,14.93,7.69,2.59,87.57,1.93
2026-03-23,11.97,16.17,8.19,3.55,82.54,1.84
2026-03-24,13.26,20.38,7.59,0.0,65.1,1.56
2026-03-25,14.23,21.93,7.56,0.0,57.44,1.29
2026-03-26,17.2,24.14,9.92,0.0,52.06,1.57
2026-03-27,18.5,24.62,13.74,0.0,67.98,1.51
2026-03-28,18.61,25.8,12.58,0.06,61.66,1.83
2026-03-29,14.21,15.95,11.34,1.32,88.97,2.31
2026-03-30,16.18,22.04,11.5,0.0,70.2,1.56
2026-03-31,17.39,23.43,12.55,0.0,70.44,1.37
2026-04-01,17.26,23.71,13.14,0.0,66.3,1.52
2026-04-02,17.28,21.14,13.37,0.0,73.39,1.75
2026-04-03,15.92,20.91,12.38,0.03,88.12,1.96
2026-04-04,14.41,18.39,11.91,1.43,88.38,1.7
2026-04-05,15.98,20.76,11.63,0.95,70.11,1.14
2026-04-06,15.3,21.24,11.98,0.28,72.57,1.69
2026-04-07,12.29,16.09,9.03,4.71,86.32,2.35
2026-04-08,10.47,13.14,8.38,6.36,85.94,1.39
2026-04-09,13.05,19.05,7.63,0.01,68.64,1.39
2026-04-10,14.23,19.36,9.41,0.05,61.89,1.57
2026-04-11,14.68,21.21,7.44,0.08,68.82,1.56
2026-04-12,15.64,21.19,10.08,0.0,65.7,1.48
2026-04-13,17.39,23.76,11.91,0.0,55.0,1.39
2026-04-14,18.72,24.69,12.58,0.0,47.7,1.01
2026-04-15,13.52,17.34,9.88,1.42,67.54,2.01
2026-04-16,10.61,13.85,7.07,2.78,71.62,2.22
2026-04-17,9.68,14.86,6.07,1.1,76.12,1.93
2026-04-18,11.6,17.07,6.33,0.5,65.2,1.82
2026-04-19,13.02,18.22,8.94,0.21,65.45,1.55
2026-04-20,15.87,23.0,6.98,0.01,52.45,1.47
2026-04-21,19.55,26.26,13.22,0.06,58.06,1.99
2026-04-22,18.85,23.58,14.64,3.8,71.28,1.12
2026-04-23,15.6,19.77,12.4,15.16,81.78,1.9
2026-04-24,18.02,24.45,12.21,0.0,63.35,1.22
2026-04-25,20.64,26.87,14.01,0.0,46.36,1.46
2026-04-26,19.47,27.3,14.43,0.02,60.03,2.5
2026-04-27,18.75,24.57,13.59,0.0,68.38,1.8
2026-04-28,19.77,26.25,13.85,0.0,66.68,1.7
2026-04-29,20.33,26.54,13.48,0.0,62.44,1.66
2026-04-30,21.77,27.0,15.63,0.0,58.14,1.42
2026-05-01,20.88,27.18,14.72,0.16,63.76,2.12
2026-05-02,15.99,19.4,12.89,2.47,83.3,2.14
2026-05-03,16.09,20.55,12.37,1.91,76.41,1.23
2026-05-04,16.83,21.51,11.27,2.07,67.82,1.21
2026-05-05,19.89,26.4,13.13,0.0,55.26,1.31
2026-05-06,21.69,28.51,14.35,0.0,51.34,1.24
2026-05-07,24.23,31.03,18.04,0.0,45.65,1.35
2026-05-08,25.45,33.43,17.57,0.0,46.28,1.89
2026-05-09,23.33,30.97,17.87,0.16,60.45,1.9
2026-05-10,16.67,19.12,13.4,16.06,81.28,1.57
2026-05-11,16.26,21.14,12.03,6.87,73.26,1.48
2026-05-12,16.54,23.44,10.62,0.0,61.92,2.02
2026-05-13,18.71,26.12,10.99,0.0,54.69,1.62
2026-05-14,21.1,28.42,13.92,0.0,46.88,1.53
2026-05-15,22.55,30.86,14.07,0.0,41.2,1.53
2026-05-16,25.18,31.18,19.91,0.0,40.51,1.66
2026-05-17,26.44,33.77,19.22,0.0,46.57,1.8
2026-05-18,27.78,34.45,20.69,0.94,47.31,1.24
2026-05-19,22.13,28.08,17.55,2.27,64.19,2.35
2026-05-20,24.1,30.07,18.56,1.56,51.1,1.58
2026-05-21,21.05,24.58,17.36,2.69,67.29,1.31
2026-05-22,18.09,20.89,14.82,5.07,78.91,2.01
2026-05-23,19.84,25.1,14.16,0.89,60.0,1.77
2026-05-24,18.08,22.96,12.79,0.89,68.02,1.47
2026-05-25,20.43,26.2,13.35,0.21,55.58,1.0
2026-05-26,21.27,29.49,14.6,1.11,52.68,2.09
2026-05-27,21.44,27.83,15.72,1.21,56.74,3.26
2026-05-28,21.78,28.3,15.78,1.67,55.12,2.35
2026-05-29,23.95,31.75,15.44,0.0,44.24,1.87
2026-05-30,26.04,33.92,16.65,0.0,40.79,1.48
2026-05-31,28.74,36.54,20.58,0.01,37.98,1.38
2026-06-01,27.5,35.7,18.2,0.0,42.0,2.4
2026-06-02,26.8,35.1,19.0,0.4,45.0,3.1
2026-06-03,25.1,34.6,17.5,0.6,51.0,4.2
2026-06-04,25.3,34.7,16.2,0.0,40.0,2.1
2026-06-05,27.0,36.0,18.0,0.0,38.0,2.5
2026-06-06,26.9,35.9,18.5,0.2,41.0,2.8
2026-06-07,26.5,35.8,17.9,0.5,44.0,2.6
2026-06-08,25.4,34.9,16.8,0.0,39.0,2.2
2026-06-09,25.2,34.7,16.1,0.0,37.0,2.0
2026-06-10,24.8,34.5,15.4,0.0,35.0,1.9
2026-06-11,24.1,33.9,14.8,0.0,36.0,2.3
2026-06-12,24.3,34.0,15.0,0.0,34.0,2.1
2026-06-13,24.5,34.3,15.2,0.0,33.0,2.2
2026-06-14,24.2,34.1,14.9,0.0,35.0,2.4
2026-06-15,25.0,34.9,15.5,0.0,32.0,2.5
2026-06-16,25.3,35.1,16.0,0.0,31.0,2.0
2026-06-17,24.9,34.8,15.7,0.0,33.0,2.1
2026-06-18,26.1,35.7,17.1,0.0,30.0,2.6
2026-06-19,26.4,35.9,17.3,0.0,29.0,2.4
2026-06-20,26.0,35.6,16.9,0.0,32.0,2.5
2026-06-21,28.2,37.6,19.1,0.0,28.0,2.8
2026-06-22,28.7,37.9,19.8,0.0,27.0,3.0
2026-06-23,26.5,35.9,17.4,0.0,34.0,3.2
2026-06-24,25.4,35.0,16.2,0.0,36.0,2.5
2026-06-25,26.2,35.8,17.0,0.0,33.0,2.7
2026-06-26,27.1,36.8,18.2,0.0,30.0,2.9
2026-06-27,27.0,36.7,18.0,0.0,31.0,2.6
2026-06-28,27.4,37.0,18.5,0.0,29.0,2.8
2026-06-29,28.0,37.7,19.0,0.0,28.0,3.1
2026-06-30,28.3,37.9,19.3,0.0,27.0,3.0
2026-07-01,29.1,38.2,20.1,0.0,35.0,2.7
2026-07-02,28.9,38.0,19.9,0.0,34.0,2.5
2026-07-03,29.0,38.1,20.0,0.0,36.0,2.8
2026-07-04,29.8,38.9,21.2,0.0,33.0,3.2
2026-07-05,29.2,38.2,20.5,0.0,35.0,2.9
2026-07-06,29.1,38.1,20.3,0.0,34.0,2.6
2026-07-07,29.3,38.3,20.6,0.0,36.0,2.8
2026-07-08,30.2,39.3,21.8,0.0,32.0,3.4
2026-07-09,29.6,38.6,21.0,0.0,33.0,3.0
2026-07-10,29.5,38.5,20.8,0.0,35.0,2.7
2026-07-11,29.2,38.2,20.4,0.0,37.0,2.9
2026-07-12,29.4,38.4,20.5,0.0,34.0,2.8
2026-07-13,29.6,38.6,20.9,0.0,33.0,3.1
2026-07-14,29.8,38.8,21.1,0.0,32.0,2.9
2026-07-15,29.7,38.7,21.0,0.0,31.0,3.0
2026-07-16,30.0,39.0,21.4,0.0,30.0,3.3
2026-07-17,29.9,38.9,21.2,0.0,32.0,2.8
2026-07-18,30.1,39.2,21.6,0.0,29.0,3.1
2026-07-19,30.3,39.4,21.9,0.0,28.0,3.2
2026-07-20,30.0,39.1,21.3,0.0,30.0,2.7
2026-07-21,29.8,38.9,21.0,0.0,33.0,2.9
2026-07-22,29.7,38.8,20.9,0.0,31.0,2.8
2026-07-23,30.1,39.1,21.4,0.0,29.0,3.0
2026-07-24,29.9,38.9,21.1,0.0,30.0,2.6
2026-07-25,30.2,39.2,21.7,0.0,28.0,3.1
2026-07-26,30.3,39.3,21.8,0.0,27.0,2.9
2026-07-27,30.1,39.2,21.5,0.0,28.0,2.8
